LocationID,StateAbbr,LocationName,ACCESS2,ARTHRITIS,BINGE,BPHIGH,BPMED,CANCER,CASTHMA,CHD,CHECKUP,CHOLSCREEN,COGNITION,COLON_SCREEN,COPD,CSMOKING,DENTAL,DEPRESSION,diabetes_prevalence,DISABILITY,EMOTIONSPT,food_insecurity,FOODSTAMP,GHLTH,HEARING,HIGHCHOL,HOUSINSECU,INDEPLIVE,LACKTRPT,LONELINESS,LPA,MAMMOUSE,MHLTH,MOBILITY,OBESITY,PHLTH,SELFCARE,SHUTUTILITY,SLEEP,STROKE,TEETHLOST,VISION
59,US,,11.0,25.4,15.2,34.4,77.0,7.9,9.8,6.4,77.7,87.5,13.7,66.3,6.2,11.4,63.9,20.2,12.0,30.0,23.3,14.7,11.2,19.2,6.7,37.4,11.7,7.9,7.7,32.0,24.5,76.5,15.6,13.5,32.8,12.8,3.8,7.4,36.0,3.4,12.2,5.5
1001,AL,Autauga,8.8,30.0,14.3,42.0,78.2,8.3,10.0,6.7,81.0,86.8,15.3,68.2,7.4,14.5,61.9,25.1,13.3,33.8,23.7,16.5,11.3,21.0,7.9,41.3,12.4,8.8,8.5,32.6,27.0,80.9,17.0,15.4,39.8,13.7,4.0,8.3,37.3,3.7,11.3,5.1
1003,AL,Baldwin,8.3,32.9,14.6,43.8,79.2,10.2,9.3,7.5,80.7,87.9,14.0,69.3,7.5,13.0,63.7,22.5,13.4,33.9,20.9,13.2,8.5,19.3,9.0,42.8,9.7,8.1,6.8,31.4,25.4,75.7,15.1,15.5,35.2,13.2,3.7,6.4,34.8,3.8,10.9,4.8
1005,AL,Barbour,14.3,34.2,12.4,50.2,79.2,7.8,10.8,9.5,81.4,84.2,19.4,62.6,11.1,20.2,46.3,22.1,19.6,44.4,30.6,30.5,25.0,31.4,9.7,43.0,21.1,13.2,14.6,38.5,36.2,75.5,18.5,23.6,46.8,17.4,7.1,15.1,43.0,5.8,27.8,9.1
1007,AL,Bibb,12.6,32.3,14.0,46.3,77.4,8.3,10.4,8.5,79.2,83.6,18.9,62.8,10.2,19.7,51.2,24.4,16.2,41.3,27.3,23.5,18.1,27.6,9.7,42.4,16.1,11.8,11.6,36.0,33.3,69.5,18.9,20.0,43.9,16.7,5.6,11.3,40.6,4.7,21.4,7.2
1009,AL,Blount,11.5,31.8,14.5,41.2,78.3,9.3,9.9,8.0,79.5,85.0,17.1,65.8,9.1,16.6,54.9,24.8,13.8,37.9,23.5,16.7,11.5,23.6,9.7,42.2,11.8,10.0,8.5,34.4,29.1,70.7,17.5,17.3,36.1,15.4,4.5,7.6,36.5,4.1,16.1,5.8
1011,AL,Bullock,17.7,35.3,10.6,56.6,79.7,6.3,11.5,10.7,82.1,82.6,22.3,58.2,13.0,24.7,39.5,21.1,24.6,49.7,33.6,42.9,39.8,39.4,9.6,43.2,29.4,16.7,20.8,39.1,44.2,75.5,20.1,28.6,51.3,19.7,10.0,22.8,49.8,7.3,35.3,12.7
1013,AL,Butler,11.3,35.2,11.6,51.0,81.1,8.4,10.9,9.1,82.8,86.1,17.9,65.5,10.3,18.3,50.1,22.5,18.9,42.1,28.4,26.7,21.8,28.9,9.4,43.4,18.7,12.3,12.8,37.5,37.1,76.9,18.3,22.2,40.4,16.6,6.2,13.4,41.8,5.5,22.2,8.1
1015,AL,Calhoun,10.6,31.6,14.3,44.8,77.1,8.2,10.6,7.7,79.3,84.7,17.4,65.1,8.9,16.3,56.7,24.6,14.8,39.0,25.2,20.5,15.1,25.2,8.7,40.4,14.1,10.7,10.3,36.8,31.9,76.3,18.4,18.3,38.6,15.3,4.8,9.7,41.6,4.2,16.6,6.3
1017,AL,Chambers,11.5,34.2,11.8,48.7,79.9,8.4,10.7,8.6,81.5,85.9,17.8,65.1,9.9,17.7,49.0,22.7,17.9,41.0,27.5,24.6,19.1,27.6,9.1,41.8,17.4,11.7,11.9,35.9,34.3,77.0,18.3,21.3,41.5,16.2,5.9,12.2,41.4,5.2,17.7,7.5
1019,AL,Cherokee,10.0,35.9,13.5,45.9,81.1,10.6,10.2,9.6,80.4,86.4,17.0,69.6,10.7,17.5,58.5,25.0,16.0,40.9,23.1,16.9,12.3,25.5,11.0,45.9,11.2,10.8,8.5,33.3,31.4,75.3,17.4,20.4,39.5,16.8,5.1,7.7,35.4,4.8,18.0,6.3
1021,AL,Chilton,11.6,31.4,14.2,43.1,77.5,8.6,10.0,7.6,79.0,84.8,17.5,65.0,8.8,16.9,59.0,24.5,14.1,39.2,24.8,18.7,12.8,24.0,9.1,43.3,13.2,10.1,9.3,36.3,31.1,73.8,18.2,17.5,40.0,15.6,4.5,8.6,33.6,4.0,23.2,5.9
1023,AL,Choctaw,11.0,38.4,11.3,52.7,82.8,9.1,10.9,10.0,83.3,86.8,17.9,67.3,11.1,18.2,49.6,23.3,20.1,44.3,27.7,25.4,20.8,30.3,10.1,45.3,17.0,12.5,12.1,36.4,36.4,76.1,17.8,24.1,44.4,17.4,6.6,12.4,41.5,6.0,22.0,8.3
1025,AL,Clarke,11.0,34.7,11.6,49.5,80.8,8.3,10.8,8.7,82.4,86.2,17.8,65.7,9.7,17.7,50.7,22.6,18.4,43.0,29.2,25.8,20.0,28.6,9.2,42.0,18.0,12.0,12.3,38.5,34.4,76.2,18.0,21.7,43.9,16.3,6.0,12.6,42.4,5.3,19.7,7.7
1027,AL,Clay,11.0,35.3,13.3,47.6,80.1,9.7,10.4,9.3,80.7,85.6,17.9,66.8,10.6,18.2,51.2,24.4,16.5,41.8,24.5,20.2,15.3,27.0,10.6,44.5,13.6,11.5,10.0,34.8,32.7,73.3,18.0,20.7,42.5,16.9,5.5,9.4,39.3,4.9,22.1,7.0
1029,AL,Cleburne,10.1,33.1,14.6,42.9,78.9,9.7,10.0,8.4,79.2,85.2,17.2,64.7,9.8,17.8,52.6,25.5,14.6,38.6,23.7,17.0,12.4,24.0,10.0,43.2,11.5,10.4,8.6,34.6,30.5,74.7,18.1,18.3,37.4,15.9,4.7,7.9,37.4,4.3,20.9,6.0
1031,AL,Coffee,11.3,31.0,14.4,43.5,78.1,8.4,10.2,7.6,79.4,85.1,17.0,65.0,8.6,16.6,59.9,24.3,14.8,38.1,25.4,19.6,14.1,23.9,8.8,40.4,13.9,10.3,9.9,35.8,29.9,75.3,17.7,17.7,41.0,15.0,4.8,9.6,40.5,4.2,16.4,6.2
1033,AL,Colbert,9.8,33.2,14.0,44.3,78.9,9.2,10.3,8.0,80.5,86.1,16.4,64.6,8.9,16.2,56.8,24.5,15.0,37.9,24.3,17.6,12.8,23.6,9.2,42.7,12.7,10.0,9.0,34.4,28.6,71.9,17.3,18.1,37.5,15.2,4.6,8.6,40.2,4.3,12.7,5.9
1035,AL,Conecuh,12.7,38.6,10.6,54.7,82.7,9.0,11.0,11.1,83.1,85.9,19.2,65.8,12.6,20.5,49.8,22.3,22.1,46.5,28.6,30.2,26.4,33.3,11.3,45.0,20.0,14.1,14.4,36.9,39.4,73.8,18.3,26.6,46.4,18.6,7.8,15.1,41.8,6.7,25.0,9.9
1037,AL,Coosa,10.9,36.9,12.0,50.2,82.3,9.8,10.3,9.8,82.3,87.5,16.8,69.2,10.6,17.8,53.8,22.2,18.6,41.6,26.5,21.2,16.0,27.6,10.5,44.8,14.5,11.2,10.2,34.7,33.5,78.1,16.9,22.3,41.9,17.0,5.9,10.0,39.8,5.5,13.7,7.3
1039,AL,Covington,10.4,34.2,12.9,46.4,80.1,9.9,10.2,9.2,80.9,85.7,17.4,66.7,10.4,17.6,55.8,24.3,16.3,40.5,24.4,19.0,14.5,26.3,10.6,44.5,13.0,11.2,9.6,33.9,31.9,76.0,18.0,20.0,37.9,16.3,5.3,9.1,34.5,4.9,16.8,6.7
1041,AL,Crenshaw,11.2,33.5,13.4,46.6,79.2,8.7,10.5,8.5,81.0,85.4,17.7,66.9,9.9,18.1,53.7,23.8,16.6,40.3,26.2,21.8,16.5,26.5,9.5,42.5,15.1,11.3,10.6,35.6,32.6,73.2,18.0,20.0,40.5,16.1,5.4,10.3,39.1,4.8,17.1,6.9
1043,AL,Cullman,10.1,32.5,15.3,42.3,77.8,9.5,9.8,7.9,79.3,85.2,16.7,63.1,9.0,16.6,55.0,25.4,13.4,37.2,22.5,15.7,11.0,22.9,9.6,41.5,11.1,9.8,8.3,32.5,27.3,74.5,17.6,16.9,36.4,15.1,4.3,7.5,36.7,4.0,14.7,5.5
1045,AL,Dale,11.5,31.8,13.3,44.3,77.7,8.4,10.3,8.1,79.8,84.7,18.1,64.2,9.2,17.5,54.6,24.8,15.8,40.6,25.6,21.3,16.3,26.0,9.3,42.1,15.1,11.0,11.0,36.4,31.7,74.6,18.5,18.8,41.3,15.8,5.1,10.6,38.9,4.4,15.9,6.7
1047,AL,Dallas,12.3,35.3,10.1,55.2,81.9,7.3,11.6,9.6,84.2,86.2,19.0,64.2,11.2,19.5,48.3,20.3,22.4,44.2,30.3,34.0,31.4,33.2,9.0,44.1,23.5,14.1,16.4,38.5,38.0,79.1,18.4,25.4,46.3,17.3,8.0,18.2,46.0,6.6,22.0,10.2
1049,AL,DeKalb,14.7,32.5,14.1,44.5,77.0,8.8,10.1,8.9,78.2,83.1,19.6,59.1,10.8,19.6,47.6,26.3,15.7,42.0,25.0,22.6,16.9,28.1,10.5,42.6,14.8,12.0,11.1,35.2,33.8,71.7,18.9,20.3,38.6,17.5,5.7,10.0,40.3,4.6,19.7,7.5
1051,AL,Elmore,9.2,29.5,14.8,41.6,77.7,8.3,10.0,6.7,80.3,86.1,15.8,65.9,7.5,15.1,60.1,23.0,13.0,35.2,25.8,17.3,12.0,21.7,7.9,40.6,12.7,9.1,8.8,35.2,26.2,77.1,17.5,15.4,38.9,13.8,4.0,8.6,41.5,3.7,12.2,5.2
1053,AL,Escambia,13.1,34.1,12.9,48.6,79.0,8.2,10.9,9.5,80.5,83.6,20.1,62.3,11.4,21.2,48.7,24.0,18.5,44.1,28.1,28.6,24.0,31.4,10.2,42.8,19.1,13.5,13.9,36.6,35.7,71.5,19.6,22.8,43.9,18.0,6.8,14.1,45.0,5.5,28.9,8.8
1055,AL,Etowah,10.8,33.7,13.9,46.3,78.6,9.1,10.3,8.5,80.2,85.4,17.8,62.0,9.8,17.8,54.7,24.9,16.3,41.1,24.2,19.7,14.9,26.5,9.6,42.5,13.9,11.0,9.9,35.4,33.3,74.7,18.1,19.8,43.8,16.4,5.1,9.6,45.0,4.5,17.0,6.5
1057,AL,Fayette,11.0,35.7,13.7,47.6,79.8,9.7,10.3,9.4,80.6,85.0,18.2,65.7,10.9,18.7,50.9,25.7,16.6,41.4,23.9,20.0,15.6,26.4,10.7,43.4,13.4,11.6,10.1,34.9,32.7,72.5,18.2,20.5,40.6,16.9,5.5,9.5,39.0,5.0,26.3,7.0
1059,AL,Franklin,15.7,32.9,13.7,44.4,77.9,8.7,10.0,8.9,78.5,83.1,19.3,60.7,10.7,19.2,50.9,25.1,16.4,42.0,24.5,23.8,17.8,28.6,10.4,43.7,15.9,12.1,11.4,35.9,33.9,73.5,18.6,20.7,42.2,17.3,5.8,10.5,38.3,4.7,16.5,7.8
1061,AL,Geneva,11.8,34.7,14.0,45.5,79.7,9.4,10.4,9.3,80.1,84.8,18.3,61.5,11.0,19.4,54.8,25.7,16.4,40.6,24.1,20.9,16.0,27.2,10.7,43.6,14.0,11.7,10.3,34.2,32.0,77.1,18.3,20.5,42.3,17.0,5.6,9.7,40.2,4.9,18.1,7.1
1063,AL,Greene,14.6,39.2,8.8,59.8,83.5,7.4,12.0,11.9,85.0,85.7,20.8,65.2,13.8,22.3,42.7,20.4,27.1,50.4,32.0,41.3,39.3,38.7,10.3,45.1,27.3,17.0,19.8,38.3,44.7,76.5,19.0,31.4,52.7,19.9,10.4,21.8,48.9,8.4,30.6,13.2
1065,AL,Hale,12.4,34.3,11.2,51.1,80.7,7.4,11.3,9.0,82.5,85.6,18.8,66.8,10.3,18.9,49.2,21.2,19.7,42.7,28.9,30.1,25.3,30.5,8.8,42.1,21.2,13.1,14.5,36.9,36.0,80.1,18.4,23.1,47.6,16.8,6.9,15.2,43.9,5.8,24.9,8.8
1067,AL,Henry,10.3,34.8,12.7,48.1,80.5,9.5,10.3,8.9,81.7,86.9,16.5,63.8,9.7,16.6,50.6,23.0,16.7,39.1,25.5,19.8,15.0,25.2,9.8,43.9,13.7,10.7,9.7,34.8,31.4,75.5,17.0,19.9,41.3,15.7,5.2,9.4,41.0,4.9,11.0,6.6
1069,AL,Houston,10.4,32.0,13.3,44.5,79.6,8.8,10.4,7.9,81.4,85.7,16.8,66.7,8.9,16.0,54.4,24.9,15.7,39.2,26.5,20.4,15.7,24.9,9.1,40.2,15.0,10.6,10.3,38.1,29.0,75.5,18.2,18.3,40.5,15.0,5.0,10.3,39.0,4.5,16.5,6.5
1071,AL,Jackson,11.2,35.4,13.9,45.9,79.2,9.7,10.3,9.2,79.8,84.6,18.4,65.5,10.9,19.0,52.8,26.7,16.0,43.4,24.6,19.6,14.7,26.8,10.9,43.2,12.8,11.6,9.7,33.6,32.5,72.9,18.5,20.7,39.3,17.0,5.3,8.9,41.0,4.7,18.4,6.8
1073,AL,Jefferson,9.1,28.0,14.5,42.7,78.2,7.3,9.9,6.6,81.2,86.8,15.4,72.0,6.9,13.7,58.7,22.7,15.1,35.3,24.5,20.1,14.7,20.9,7.0,39.5,15.0,9.3,10.1,38.3,28.0,84.7,16.8,16.5,37.4,12.6,4.4,10.7,37.6,4.1,14.0,5.8
1075,AL,Lamar,10.9,35.3,13.3,47.7,80.4,9.9,10.3,9.6,80.6,85.3,18.1,63.9,11.1,18.8,55.1,24.7,16.7,42.4,24.5,19.8,15.3,27.1,11.0,45.1,13.2,11.6,9.9,35.1,32.3,77.9,18.3,21.3,40.8,17.0,5.6,9.3,38.2,5.1,21.3,7.0
1077,AL,Lauderdale,9.0,30.5,14.6,39.6,78.5,9.1,9.9,7.4,79.7,85.0,16.1,67.1,8.2,14.2,61.1,24.2,12.9,36.0,22.7,15.1,10.6,21.0,9.0,40.3,10.8,9.4,8.3,34.0,26.7,75.7,17.5,16.0,35.6,14.1,4.0,7.3,39.6,3.9,15.2,5.3
1079,AL,Lawrence,10.5,33.4,14.0,44.3,78.9,9.0,10.5,8.4,79.8,85.0,17.9,63.8,9.8,18.5,52.7,24.9,15.5,39.7,25.2,19.7,14.4,25.4,9.8,42.7,13.6,11.0,10.1,35.6,31.1,75.5,18.3,19.2,39.5,16.2,5.1,9.3,39.0,4.6,21.4,6.6
1081,AL,Lee,8.8,25.0,15.5,37.5,74.8,6.8,10.1,5.8,79.0,83.7,15.7,67.2,6.4,12.9,57.0,23.6,12.5,32.7,23.3,17.1,12.0,19.7,6.8,36.5,12.9,8.9,9.4,34.3,25.0,78.8,17.6,13.5,38.4,12.4,3.7,8.9,36.8,3.2,12.6,5.1
1083,AL,Limestone,9.2,29.0,15.3,40.7,75.9,8.3,9.7,6.4,79.5,86.4,14.9,67.2,6.9,14.2,60.6,23.7,12.5,33.3,23.3,15.1,9.7,20.2,7.6,40.4,11.5,8.4,7.9,34.7,25.4,76.4,16.4,14.7,39.6,13.1,3.7,7.5,39.4,3.4,15.3,4.8
1085,AL,Lowndes,13.9,36.7,9.6,56.5,82.1,7.1,11.7,10.4,83.9,85.3,20.3,62.1,12.3,21.6,44.9,20.9,24.1,47.8,31.3,38.3,35.2,36.0,9.4,43.0,26.0,15.5,18.2,38.5,41.4,74.9,19.1,28.1,51.2,18.8,9.0,20.2,48.1,7.2,27.5,11.5
1087,AL,Macon,11.2,31.7,10.4,50.6,80.0,6.3,11.7,8.2,83.8,85.1,18.4,69.5,8.8,15.6,47.8,20.7,20.0,42.4,31.3,31.3,25.2,29.2,7.3,39.4,22.0,12.8,15.8,40.4,35.2,79.6,18.8,22.0,46.7,15.3,6.6,15.7,43.5,5.7,25.1,8.7
1089,AL,Madison,8.0,27.6,14.6,38.6,75.3,7.8,9.4,5.8,80.3,87.2,13.4,68.6,5.8,11.8,63.3,21.6,12.1,30.3,23.3,13.3,8.9,17.8,6.9,38.7,10.8,7.5,7.6,34.9,22.7,79.9,15.5,12.9,39.9,11.8,3.3,7.2,37.5,3.2,10.8,4.4
1091,AL,Marengo,11.5,35.0,11.5,51.5,80.9,8.0,11.0,9.0,83.0,86.4,17.7,64.1,9.9,17.5,49.8,22.3,19.8,42.1,28.4,27.3,22.5,29.1,8.9,44.3,19.0,12.2,13.1,37.4,34.6,75.9,17.8,22.6,43.1,16.4,6.4,13.9,42.8,5.5,20.2,8.2
1093,AL,Marion,11.0,34.8,13.9,45.9,79.2,10.0,10.2,9.4,79.7,84.7,18.1,62.5,10.8,18.5,53.8,25.7,15.5,41.6,24.1,19.0,14.1,26.0,11.0,44.2,12.4,11.4,9.4,34.7,32.2,73.2,18.2,20.2,42.4,16.8,5.3,8.6,37.6,4.8,17.7,6.7
1095,AL,Marshall,12.5,30.8,14.8,41.7,77.6,9.0,9.8,7.8,78.2,84.7,17.3,64.7,9.0,16.6,57.7,25.4,14.5,39.1,23.9,18.3,12.6,24.6,9.4,42.5,12.7,10.1,9.2,36.3,30.8,73.9,17.8,17.7,37.6,15.3,4.5,8.3,39.1,4.0,22.2,6.0
1097,AL,Mobile,10.2,29.0,13.7,43.1,79.4,7.7,9.7,7.3,79.6,85.5,15.8,67.8,7.9,15.4,51.6,22.1,16.1,35.8,27.7,21.5,15.9,23.0,7.8,40.2,15.5,10.0,10.7,34.6,30.7,78.0,17.2,17.7,39.0,14.0,4.8,10.6,40.7,4.3,16.1,6.2
1099,AL,Monroe,12.1,35.7,11.4,51.3,81.2,8.4,11.1,9.7,82.5,85.4,19.0,65.9,11.2,19.7,50.1,22.7,19.7,44.1,28.0,27.7,22.9,30.8,9.9,43.2,18.9,13.1,13.3,36.3,36.8,76.3,18.6,23.8,43.8,17.5,6.8,13.6,44.0,5.9,19.5,8.7
1101,AL,Montgomery,10.2,29.9,12.2,46.3,78.2,6.6,10.7,6.9,83.0,86.5,16.0,66.7,7.5,14.4,53.8,21.0,16.4,37.6,27.5,24.8,19.5,24.5,6.9,38.1,19.0,10.5,12.4,36.7,30.6,81.2,17.0,18.4,46.1,14.1,5.2,13.4,42.9,4.5,14.5,6.8
1103,AL,Morgan,11.2,31.5,14.3,44.5,78.7,8.8,9.9,7.7,79.3,85.6,16.3,66.3,8.5,16.1,55.7,24.0,14.7,37.7,24.2,17.9,12.4,23.7,9.1,41.8,12.9,9.8,9.0,34.7,29.8,75.3,16.8,17.4,38.6,14.8,4.5,8.5,38.7,4.0,17.3,5.9
1105,AL,Perry,13.8,37.7,9.7,56.9,82.1,7.3,11.9,10.9,84.1,84.5,21.3,63.5,12.9,21.9,44.2,22.1,24.6,49.1,30.5,39.4,36.8,37.2,10.0,43.5,26.2,16.5,19.1,38.4,42.1,75.8,19.8,28.6,52.9,19.3,9.4,20.9,45.1,7.4,30.1,12.1
1107,AL,Pickens,13.4,32.8,12.6,48.3,79.2,7.8,10.6,8.7,81.2,84.7,18.4,65.3,10.0,18.7,50.8,22.3,18.0,41.6,27.7,26.7,21.4,29.0,9.2,42.6,18.8,12.1,13.0,36.4,34.8,79.8,18.2,21.1,48.0,16.5,6.2,13.4,41.2,5.2,24.9,8.0
1109,AL,Pike,10.3,27.3,13.9,40.6,74.7,6.6,10.9,6.8,79.5,81.5,18.6,64.7,7.8,14.9,55.7,24.7,14.1,39.0,25.8,23.7,18.0,23.8,7.6,36.6,16.6,11.3,12.6,37.4,28.1,76.4,19.5,16.7,40.3,14.0,4.8,11.7,38.7,4.0,16.5,6.7
1111,AL,Randolph,10.2,33.8,13.3,46.1,79.9,9.4,10.3,8.7,81.2,85.8,17.2,65.1,9.7,16.9,53.7,24.4,16.1,39.9,24.5,19.2,14.2,25.2,9.8,44.4,13.2,10.7,9.6,34.9,30.0,75.0,17.6,19.4,37.8,15.7,5.1,9.0,38.3,4.7,15.9,6.5
1113,AL,Russell,11.9,30.7,13.0,46.7,78.4,7.0,11.0,7.5,80.6,85.0,18.3,66.3,9.0,18.1,49.3,23.9,17.3,39.8,28.5,27.4,21.5,27.4,7.9,41.1,20.0,11.7,13.2,38.4,33.2,76.7,18.8,19.9,43.0,15.7,5.9,14.0,42.8,4.8,19.2,7.6
1115,AL,St. Clair,9.2,31.3,15.3,41.8,77.9,8.9,10.0,7.1,79.9,86.4,15.9,65.4,7.9,15.2,61.4,25.0,13.0,36.0,24.8,15.4,10.4,21.3,8.5,42.7,11.6,9.1,8.0,36.6,27.6,76.6,17.4,15.8,39.6,14.2,4.0,7.6,35.1,3.7,11.2,5.0
1117,AL,Shelby,7.1,27.5,16.3,40.2,76.3,8.9,9.3,5.7,79.7,88.2,12.3,68.7,5.5,10.5,68.2,21.6,11.2,28.1,20.6,11.1,6.7,16.1,7.0,40.4,8.8,6.8,6.1,30.4,20.7,80.7,14.6,12.1,31.7,11.3,2.9,6.1,34.2,3.0,10.4,3.8
1119,AL,Sumter,11.1,32.0,10.9,50.0,79.7,6.4,11.6,8.5,83.2,83.6,19.2,67.0,9.3,16.3,46.4,21.5,19.7,42.6,29.4,32.0,26.8,29.6,7.9,39.9,22.2,13.5,16.1,38.5,35.6,79.5,19.4,22.2,47.2,15.7,6.9,16.7,46.0,5.8,29.2,9.2
1121,AL,Talladega,10.9,32.2,13.2,48.2,78.8,8.3,10.6,8.3,81.7,85.8,17.5,67.6,9.4,17.7,52.8,22.7,17.2,39.4,26.1,22.5,17.4,26.4,9.1,42.1,16.2,11.0,11.1,35.4,32.6,76.7,17.7,19.2,45.6,15.8,5.4,11.2,43.5,4.8,17.3,6.9
1123,AL,Tallapoosa,10.0,36.3,12.7,48.5,81.1,9.8,10.3,9.0,82.4,87.2,16.2,65.2,9.5,16.3,56.0,23.5,16.8,39.7,25.3,19.2,14.0,25.6,10.0,45.1,13.5,10.4,9.6,35.3,30.0,75.2,16.9,19.8,39.5,15.8,5.1,9.2,40.8,4.9,17.4,6.4
1125,AL,Tuscaloosa,9.3,25.5,15.6,38.9,75.8,6.6,10.3,5.8,80.8,83.2,17.0,64.5,6.6,13.6,55.7,25.0,12.0,34.7,24.6,19.5,13.3,20.6,6.7,38.0,14.3,9.4,10.2,35.1,25.9,79.1,18.4,14.2,41.0,12.8,3.9,9.7,41.0,3.4,15.2,5.4
1127,AL,Walker,10.7,34.1,13.7,44.1,78.4,9.5,10.3,8.6,79.9,84.7,18.0,64.1,10.2,18.4,52.1,26.6,15.1,41.5,24.0,19.0,13.7,25.9,10.1,41.9,12.5,11.2,9.4,35.2,32.2,69.8,18.5,19.7,35.8,16.8,5.0,8.6,42.6,4.4,17.8,6.4
1129,AL,Washington,9.7,35.2,12.9,47.4,80.4,9.1,10.5,8.7,81.1,86.3,17.0,65.9,9.5,17.3,51.1,24.1,17.0,41.1,25.8,21.0,15.2,26.1,9.8,43.3,14.5,10.9,10.3,35.7,31.9,75.7,17.7,20.4,41.1,16.0,5.2,10.0,42.9,4.9,15.8,6.8
1131,AL,Wilcox,14.4,37.3,9.8,56.7,82.1,7.6,11.9,10.8,83.8,85.2,20.6,61.5,12.8,21.6,41.1,21.4,23.8,48.0,31.4,37.8,33.7,36.1,10.1,43.9,25.2,15.7,18.0,39.4,41.2,73.2,19.3,28.0,51.2,19.0,9.0,19.1,45.4,7.3,33.1,11.4
1133,AL,Winston,11.7,36.3,13.5,46.9,80.2,10.2,10.3,9.9,80.0,84.5,18.7,64.0,11.8,19.6,56.6,26.2,16.5,42.9,23.6,19.9,15.2,27.7,11.5,45.9,12.6,12.0,9.8,35.1,34.1,72.6,18.3,21.7,39.1,17.8,5.7,8.7,36.5,5.0,14.3,7.2
2013,AK,Aleutians East,15.7,17.2,15.2,33.2,66.8,3.9,7.8,5.5,64.2,77.1,12.8,39.4,5.0,17.0,47.6,12.3,12.8,28.2,34.5,21.6,12.3,22.2,7.1,34.7,15.7,6.9,10.8,34.6,28.7,62.0,13.0,12.0,30.7,12.7,3.8,9.5,42.8,3.2,16.9,6.0
2016,AK,Aleutians West,13.0,15.7,18.5,30.7,63.3,3.8,7.8,4.5,63.4,77.4,12.1,48.0,4.3,16.2,51.1,13.3,10.8,24.1,34.1,17.2,9.4,18.3,5.9,33.4,13.7,6.0,9.1,37.4,25.2,63.2,13.2,9.5,31.9,11.4,3.1,8.2,40.2,2.6,14.7,4.6
2020,AK,Anchorage,9.5,22.1,18.0,31.5,67.6,6.5,10.7,5.1,70.7,80.4,13.2,60.4,5.3,14.0,64.2,21.3,8.9,27.4,25.0,12.8,9.0,17.5,6.9,31.5,11.9,7.0,8.3,33.9,19.8,69.7,16.1,11.0,35.0,12.1,3.0,7.8,34.6,2.8,12.3,4.2
2050,AK,Bethel,15.9,23.4,16.3,37.5,63.5,5.0,13.6,7.7,63.6,69.6,22.5,47.2,9.9,31.0,37.0,21.0,13.8,42.5,36.5,37.6,29.7,31.9,11.3,31.7,26.8,14.4,22.5,37.6,33.3,57.1,21.6,19.4,39.1,19.7,6.3,19.5,41.9,4.8,30.5,10.7
2060,AK,Bristol Bay,9.7,26.6,18.3,36.3,71.3,8.6,11.0,7.6,68.1,81.9,13.9,61.0,7.1,16.5,59.0,18.8,11.3,31.9,25.6,13.9,8.8,19.4,10.1,35.2,11.8,8.0,9.1,32.7,22.2,66.2,15.3,14.2,34.9,14.3,3.8,7.9,37.0,4.1,12.2,5.4
2063,AK,Chugach,8.8,24.4,17.9,33.4,70.8,8.0,10.0,6.2,68.2,81.7,12.5,64.5,6.3,14.8,61.2,18.4,9.6,27.6,23.5,11.6,7.7,17.4,8.0,35.0,9.9,6.9,7.3,30.8,20.9,68.0,14.3,11.6,31.1,12.9,3.2,6.7,34.4,3.2,8.6,4.3
2066,AK,Copper River,9.5,28.4,18.5,38.3,73.2,9.2,10.7,8.0,70.2,82.2,13.9,59.4,8.0,17.8,58.1,19.8,11.4,32.2,24.4,14.1,10.1,20.4,10.0,36.0,11.0,8.5,8.9,32.0,23.2,70.7,15.2,14.9,33.6,14.8,4.1,7.9,35.4,4.1,13.6,5.4
2068,AK,Denali,9.3,22.2,20.0,32.0,67.1,7.1,9.9,5.6,67.1,81.3,13.1,58.6,5.9,16.3,61.1,19.5,8.6,27.1,24.9,12.1,8.0,16.6,7.2,33.2,10.6,6.7,7.4,31.1,20.9,69.1,15.0,10.7,31.3,12.6,3.1,6.9,32.8,2.9,11.8,4.0
2070,AK,Dillingham,13.3,24.4,18.0,34.4,67.7,6.0,12.7,7.4,63.7,74.5,18.6,54.0,8.6,25.7,46.8,20.1,13.0,37.5,31.5,27.5,20.1,26.6,10.4,32.4,20.7,11.6,16.9,36.7,29.1,62.6,19.2,17.1,38.5,17.4,5.1,14.7,37.8,4.4,18.0,8.3
2090,AK,Fairbanks North Star,9.9,19.9,18.2,30.3,65.4,6.5,10.0,4.8,65.8,78.5,13.3,61.7,4.9,13.8,61.9,20.5,7.9,28.0,25.5,11.3,7.8,16.0,6.6,32.2,10.5,6.7,7.8,33.7,21.2,59.7,15.8,9.5,35.3,11.8,2.7,6.7,37.0,2.5,10.4,3.8
2100,AK,Haines,7.7,28.6,16.4,38.5,74.3,10.4,10.1,7.6,72.3,85.2,11.6,63.1,7.2,13.8,62.7,18.8,10.8,28.9,21.9,10.4,7.0,17.3,9.4,38.3,8.6,6.9,6.6,29.3,20.1,71.1,13.3,13.2,34.0,13.3,3.4,6.0,31.0,3.8,12.8,4.4
2105,AK,Hoonah-Angoon,10.2,31.6,14.9,42.8,76.3,9.8,11.3,9.6,72.5,83.7,14.5,60.5,9.4,19.5,54.5,18.5,14.8,36.7,25.9,17.8,12.6,24.3,12.0,39.9,13.3,9.5,10.6,31.1,26.6,68.3,15.1,18.5,37.1,17.0,5.0,9.5,35.8,5.1,19.4,6.9
2110,AK,Juneau,8.5,24.2,18.8,32.4,71.3,7.7,10.2,5.7,68.6,82.3,12.5,61.3,5.9,13.9,62.8,21.0,8.9,26.7,23.5,11.5,7.5,16.7,7.4,35.2,9.7,6.7,7.4,31.2,17.5,68.8,14.8,11.1,35.0,12.4,3.1,6.9,32.6,3.0,12.0,4.1
2122,AK,Kenai Peninsula,9.9,26.6,17.1,35.4,71.8,9.3,10.3,7.0,66.1,80.5,13.1,60.6,7.3,16.1,60.3,19.7,9.8,30.0,21.4,12.6,9.0,18.6,9.0,37.9,10.2,7.5,7.6,31.6,21.5,62.2,14.8,12.9,32.3,14.1,3.5,6.9,29.4,3.6,13.7,4.6
2130,AK,Ketchikan Gateway,9.5,25.2,17.9,34.8,70.7,8.2,10.3,6.4,69.5,81.5,13.1,60.6,6.6,15.9,61.2,18.9,10.1,29.7,23.6,13.0,8.8,19.2,8.4,34.6,10.8,7.4,8.1,29.1,21.9,67.9,15.0,12.8,37.7,13.8,3.4,7.3,38.0,3.4,11.3,4.7
2150,AK,Kodiak Island,10.5,19.8,17.2,31.0,68.7,6.0,9.3,5.4,67.6,79.1,13.0,57.1,5.5,15.0,55.8,17.2,9.8,26.9,27.1,14.7,8.9,17.8,7.1,34.8,11.4,6.9,8.4,33.8,22.7,69.4,14.5,10.9,31.5,12.1,3.0,7.2,38.5,2.9,12.4,4.5
2158,AK,Kusilvak,18.1,25.6,16.2,38.5,64.9,4.8,14.7,8.5,64.1,67.5,26.0,44.0,11.6,36.6,31.8,23.5,16.5,49.0,35.9,46.6,39.2,37.8,12.3,31.9,32.3,17.2,27.6,40.4,37.0,48.8,24.5,22.7,46.5,22.4,7.5,24.8,45.9,5.4,37.2,13.1
2164,AK,Lake and Peninsula,12.1,27.0,16.0,38.2,70.7,6.9,12.5,8.2,68.4,77.9,17.9,52.8,9.1,24.7,49.6,20.0,14.6,38.4,30.3,25.8,19.1,27.2,11.0,34.5,19.1,11.4,15.3,34.5,29.4,63.6,18.4,18.5,39.4,17.9,5.3,13.8,40.3,4.8,22.1,8.3
2170,AK,Matanuska-Susitna,9.7,26.2,16.3,32.0,67.3,7.5,10.7,6.0,70.8,80.0,14.7,57.7,6.7,17.3,56.0,21.9,9.0,31.9,24.4,13.0,9.5,18.5,8.0,35.6,11.5,7.8,8.4,32.1,22.7,65.0,16.2,12.1,37.5,13.6,3.4,7.6,34.2,3.1,13.6,4.4
2180,AK,Nome,13.5,22.5,18.5,33.6,66.7,5.3,12.8,7.1,64.0,72.4,20.3,51.2,8.7,28.7,38.5,20.7,13.0,39.4,32.0,32.3,24.4,28.0,10.2,31.9,23.2,12.4,19.1,36.3,29.3,58.8,20.6,16.7,38.6,17.4,5.4,17.3,44.3,4.3,28.0,9.0
2185,AK,North Slope,11.2,20.2,20.3,34.9,65.6,5.5,10.4,5.8,64.6,77.2,15.0,55.9,6.0,20.8,51.6,18.0,10.8,30.4,30.5,18.5,11.1,20.3,8.0,32.0,15.0,7.9,11.3,33.1,23.6,65.9,16.6,12.0,42.3,14.0,3.6,9.9,39.7,3.2,14.2,5.4
2188,AK,Northwest Arctic,14.2,24.0,17.4,36.8,66.0,5.5,13.3,7.5,66.1,72.9,20.7,51.2,8.8,28.3,42.5,20.7,14.1,41.5,32.8,32.5,24.2,29.5,10.7,31.8,24.6,12.9,19.3,38.4,30.2,63.1,20.8,18.3,40.6,18.5,5.5,17.4,43.0,4.5,30.8,9.3
2195,AK,Petersburg,9.8,26.8,16.9,35.6,73.1,9.0,9.8,7.1,68.7,82.0,12.8,60.2,6.8,14.9,60.2,18.2,10.5,29.9,24.7,12.0,7.9,18.2,9.0,36.7,10.0,7.3,7.4,31.2,21.6,69.4,14.4,12.9,30.8,13.1,3.4,6.5,32.5,3.6,11.2,4.6
2198,AK,Prince of Wales-Hyder,11.1,30.2,15.7,39.4,73.6,8.5,11.9,8.9,70.4,80.6,16.2,57.6,9.4,22.0,52.8,20.3,14.0,37.1,27.1,20.5,15.4,25.5,11.3,36.6,15.4,10.3,12.2,32.9,26.5,65.2,16.8,18.2,38.4,17.5,5.1,11.2,35.1,4.8,20.0,7.2
2220,AK,Sitka,8.8,24.1,17.5,33.7,70.5,8.1,10.1,6.1,69.0,82.2,12.4,62.4,6.0,13.8,61.3,19.1,9.9,27.5,24.5,11.7,7.6,16.7,8.0,33.3,9.9,7.0,7.5,31.1,19.2,72.2,14.3,11.6,29.8,12.4,3.1,6.6,31.1,3.3,10.1,4.3
2230,AK,Skagway,9.7,24.6,18.2,33.6,70.1,8.4,10.0,6.1,68.7,82.8,12.6,58.9,6.3,15.4,58.7,19.4,9.1,28.0,23.5,11.5,7.8,17.0,7.9,34.3,10.1,7.0,7.0,30.4,20.8,66.9,14.5,11.7,36.2,12.8,3.2,6.8,36.0,3.2,13.0,4.1
2240,AK,Southeast Fairbanks,11.5,25.2,18.0,35.5,69.0,7.7,10.1,7.0,65.9,78.2,14.9,57.7,7.5,18.3,52.9,19.3,10.2,32.3,26.1,15.2,11.4,21.0,9.0,33.1,12.3,8.5,9.5,34.4,25.8,62.5,16.0,13.6,35.7,14.7,4.0,8.7,35.7,3.7,12.6,5.3
2275,AK,Wrangell,10.2,31.3,14.9,40.8,76.2,10.5,10.6,9.4,71.8,83.5,14.1,61.1,9.1,17.0,57.5,18.3,12.9,34.8,24.7,14.0,9.9,22.3,11.6,40.5,10.8,8.9,8.7,31.0,24.6,65.6,14.8,17.0,34.8,15.9,4.5,7.4,34.0,4.8,14.7,6.0
2282,AK,Yakutat,12.1,28.0,16.2,40.5,72.8,8.3,10.9,8.9,69.2,81.1,15.4,58.1,8.6,20.5,52.6,18.0,13.7,36.1,29.1,18.6,12.6,24.0,11.5,38.0,14.5,9.4,11.1,33.4,27.0,64.1,15.8,17.0,35.4,16.4,4.7,9.8,37.5,4.8,16.0,6.7
2290,AK,Yukon-Koyukuk,13.5,29.7,14.9,41.4,71.9,7.4,12.6,9.7,69.4,77.1,18.8,57.9,10.5,27.4,43.7,19.8,16.5,42.0,30.6,29.6,22.4,30.3,13.0,38.0,21.2,12.7,17.4,36.2,29.4,63.2,18.8,20.8,36.9,19.5,6.1,15.5,39.6,5.6,30.0,9.6
4001,AZ,Apache,14.1,28.2,12.2,36.0,75.8,7.8,14.3,9.3,72.0,78.8,21.2,51.3,11.9,22.4,44.3,20.4,17.5,44.1,35.5,33.8,28.5,31.9,12.5,33.8,23.5,14.3,19.5,34.7,28.7,58.7,21.2,21.9,35.8,20.4,7.2,18.3,41.8,6.0,28.1,11.9
4003,AZ,Cochise,14.2,31.2,13.4,39.0,77.2,9.9,10.4,8.3,75.3,85.2,14.9,57.9,8.3,12.8,55.9,19.9,13.7,36.7,25.4,16.7,12.8,22.9,10.3,40.9,12.8,8.5,8.7,29.4,26.0,64.3,15.2,16.9,31.2,15.6,4.6,8.4,33.9,4.3,12.0,6.7
4005,AZ,Coconino,10.1,21.8,16.5,27.0,68.9,7.0,11.7,5.4,68.6,80.8,16.0,56.2,6.3,11.5,61.4,22.5,9.3,29.6,26.3,16.2,11.7,18.2,7.4,31.6,12.4,8.3,10.1,33.3,16.0,64.1,18.4,11.2,23.6,12.7,3.5,8.5,31.6,3.1,9.7,5.5
4007,AZ,Gila,12.1,35.2,13.7,39.3,80.5,11.7,11.1,9.8,77.5,86.5,15.7,60.9,10.6,15.4,53.6,20.7,15.0,38.5,28.0,17.5,13.5,24.1,12.2,40.6,12.2,9.8,9.4,31.8,27.4,65.7,15.8,19.6,31.4,17.2,5.2,8.5,34.1,5.2,19.2,7.3
4009,AZ,Graham,16.0,23.3,16.0,32.2,70.9,7.2,11.2,6.4,70.8,80.7,17.3,52.4,7.4,15.2,54.8,20.3,11.4,36.2,27.8,20.9,15.1,23.1,8.5,33.2,15.9,9.1,11.0,32.3,25.6,69.1,17.5,15.0,36.0,14.7,4.4,10.0,37.0,3.6,16.5,6.7
4011,AZ,Greenlee,16.1,22.5,17.0,29.8,70.4,6.8,10.1,5.3,71.2,83.5,14.7,55.7,5.4,11.6,57.5,19.2,10.6,30.8,27.5,16.3,10.1,20.0,7.1,34.8,13.8,7.2,8.7,32.1,23.4,71.3,15.9,12.2,33.1,13.2,3.4,7.9,37.4,2.9,12.6,5.4
4012,AZ,La Paz,16.6,39.0,10.9,46.3,83.6,14.4,10.6,13.3,79.1,88.0,15.7,58.9,12.5,14.1,50.4,17.9,17.5,45.9,26.9,18.3,14.0,28.2,16.1,43.4,12.1,11.2,9.4,31.0,32.1,66.9,14.0,24.7,33.2,18.6,6.1,7.8,34.8,6.8,18.4,8.8
4013,AZ,Maricopa,12.9,23.5,16.0,30.8,72.9,8.3,10.0,5.7,73.3,85.4,13.5,60.6,5.7,10.8,62.0,18.6,10.6,29.2,25.3,15.2,10.4,18.0,7.2,36.5,11.6,7.0,8.3,32.1,20.4,75.0,14.9,12.5,30.4,11.8,3.4,6.5,34.4,3.0,14.0,5.0
4015,AZ,Mohave,13.1,33.2,14.3,42.0,79.0,12.1,11.0,10.0,75.0,86.2,14.9,59.0,11.2,16.1,53.1,19.2,14.2,38.3,27.5,15.8,12.2,23.0,11.6,41.9,11.1,9.6,8.2,29.6,29.7,63.0,15.1,20.2,32.7,16.5,5.2,7.3,39.0,5.2,15.3,6.9
4017,AZ,Navajo,13.0,30.8,11.9,40.7,75.6,9.3,13.6,8.9,71.6,81.0,19.2,53.6,10.9,18.8,50.7,22.2,15.1,40.0,30.6,24.5,19.8,26.1,11.4,36.3,17.1,11.8,14.1,32.6,26.4,63.9,18.8,19.1,37.6,17.5,5.9,12.8,36.3,5.2,22.6,9.0
4019,AZ,Pima,12.7,25.8,14.2,34.1,73.8,9.2,10.9,6.7,75.7,85.2,14.9,61.6,6.8,10.5,58.1,22.8,11.0,33.6,25.5,14.5,10.5,19.9,8.6,37.9,11.2,7.8,8.7,32.3,22.3,72.7,16.3,14.3,31.1,13.6,3.8,7.6,37.0,3.6,14.1,5.7
4021,AZ,Pinal,13.7,28.1,14.9,36.2,76.1,9.3,10.8,6.9,75.4,84.8,15.4,60.1,7.5,12.3,56.7,19.8,12.9,33.9,25.7,17.1,10.9,21.7,8.8,40.3,12.7,8.1,8.7,32.9,25.5,71.5,16.2,15.3,38.4,14.8,3.9,8.4,39.7,3.8,18.6,5.6
4023,AZ,Santa Cruz,25.7,24.0,13.9,35.7,75.4,7.0,9.4,7.5,73.0,83.4,16.5,52.6,6.8,11.6,53.0,16.0,15.5,37.8,27.6,25.9,18.5,28.0,9.5,39.1,19.2,9.4,12.3,29.4,31.4,71.9,14.7,18.3,34.2,16.1,5.6,11.2,34.8,4.1,21.0,9.6
4025,AZ,Yavapai,10.6,33.6,13.9,38.0,79.4,13.0,10.8,8.8,77.1,88.3,12.8,64.3,9.2,12.0,61.5,19.3,12.1,35.2,23.6,11.5,8.6,20.1,10.5,41.0,8.8,8.0,6.5,28.1,22.5,64.4,13.8,17.3,27.0,15.0,4.1,5.6,31.6,4.5,11.6,5.5
4027,AZ,Yuma,24.1,25.0,15.2,35.3,75.9,7.9,9.7,7.9,73.7,81.8,16.9,52.1,7.5,12.7,51.5,17.9,14.5,35.9,28.2,24.4,17.4,27.1,9.9,35.9,18.3,9.5,11.5,33.1,28.5,69.5,15.3,17.1,37.4,15.5,5.1,10.3,34.0,4.2,22.4,8.6
5001,AR,Arkansas,11.1,31.5,13.5,45.4,79.9,8.8,10.6,8.6,80.8,86.2,18.5,61.0,9.6,17.3,48.8,23.4,15.2,40.5,29.4,20.6,13.0,26.8,9.1,39.5,15.7,10.7,10.3,37.2,35.6,71.9,19.1,19.9,39.1,16.6,5.2,11.4,42.2,4.7,21.1,6.7
5003,AR,Ashley,12.9,35.3,12.6,49.4,80.8,9.0,11.0,10.2,81.4,85.1,20.8,59.7,11.9,20.0,49.8,25.6,18.3,46.3,28.7,24.8,18.0,31.6,10.7,42.2,17.7,13.1,12.1,36.6,41.9,68.2,19.7,24.1,45.1,19.1,6.6,13.6,42.1,5.7,30.1,8.7
5005,AR,Baxter,10.0,36.9,12.3,47.0,82.3,12.0,10.2,11.1,82.0,87.4,17.4,65.4,11.5,16.6,54.1,25.7,15.0,40.7,24.2,15.2,9.7,26.2,12.3,41.0,10.8,10.8,8.1,32.0,33.4,72.6,17.2,21.6,37.7,17.9,5.2,8.1,35.2,5.2,19.2,6.7
5007,AR,Benton,10.9,22.6,16.6,32.8,75.6,7.6,9.2,5.6,78.4,85.6,14.9,59.1,5.9,11.7,62.8,23.7,10.3,30.0,25.1,13.1,6.6,19.0,7.1,32.8,11.2,7.3,7.2,31.1,25.7,72.7,16.5,12.4,35.3,12.5,3.1,7.3,33.9,2.8,12.1,4.4
5009,AR,Boone,9.5,32.2,14.6,40.7,78.0,9.9,10.2,8.5,79.3,85.5,17.7,63.6,9.3,16.4,55.5,25.4,13.1,39.1,25.0,15.0,8.6,23.2,9.7,40.2,11.4,9.6,7.9,35.2,30.8,70.5,18.4,18.1,40.7,16.5,4.3,8.0,37.6,4.1,21.3,5.6
5011,AR,Bradley,15.2,32.9,12.3,48.7,79.6,8.1,10.8,9.4,80.7,84.7,20.2,59.0,10.7,18.9,47.3,23.2,17.6,44.6,29.8,26.3,18.6,31.3,9.7,41.7,19.6,12.3,12.8,34.8,40.3,72.1,19.1,23.0,42.5,18.5,6.4,14.5,42.6,5.3,26.6,8.7
5013,AR,Calhoun,10.2,31.4,13.7,45.5,79.8,9.0,10.3,8.5,80.5,86.5,17.4,62.1,8.9,16.0,52.6,23.0,14.6,38.8,27.6,17.0,10.4,24.5,9.1,41.0,13.2,9.8,8.8,34.1,33.8,73.3,17.7,18.6,39.2,15.9,4.7,9.5,39.1,4.6,22.0,6.1
5015,AR,Carroll,13.7,32.9,13.5,45.3,80.1,10.1,9.8,9.7,79.6,85.7,18.4,63.3,10.4,17.0,54.7,24.2,15.0,40.9,25.9,18.0,10.7,26.7,10.9,42.0,13.2,10.6,9.1,33.0,36.8,69.4,17.5,20.0,37.6,17.6,5.1,9.1,35.8,4.7,17.5,6.9
5017,AR,Chicot,14.3,34.1,11.4,53.0,81.5,7.8,11.1,10.3,82.1,85.2,20.4,59.3,11.5,19.7,42.3,21.5,20.5,45.5,32.7,30.3,22.5,33.8,9.7,41.9,21.9,13.4,14.7,36.5,42.2,74.4,18.7,25.4,47.1,18.7,7.5,16.9,46.1,6.3,33.7,9.9
5019,AR,Clark,10.4,26.7,14.7,40.3,75.7,7.1,10.9,7.2,79.2,81.4,20.2,62.4,8.1,15.0,54.0,26.0,12.9,39.3,28.4,20.3,13.1,24.2,7.9,35.6,15.2,10.9,11.3,36.7,32.1,74.2,20.5,16.7,40.0,15.3,4.6,11.3,41.1,3.9,21.8,6.4
5021,AR,Clay,11.0,32.7,13.9,43.3,78.8,9.8,10.4,9.3,78.5,84.6,19.3,63.7,10.8,18.3,50.0,26.8,14.1,42.5,27.1,17.5,11.1,26.3,10.7,41.1,12.5,11.0,9.0,34.6,35.8,69.2,19.2,20.1,40.2,17.5,5.0,9.2,37.1,4.6,20.0,6.5
5023,AR,Cleburne,10.1,35.7,13.6,45.3,81.4,11.1,10.1,10.3,80.7,87.1,18.2,68.0,11.1,17.4,56.3,24.8,15.1,42.4,25.1,15.7,9.8,26.7,11.7,42.5,11.0,10.6,8.1,33.1,34.6,72.0,17.8,21.1,37.9,17.9,5.1,8.1,35.3,5.0,20.2,6.5
5025,AR,Cleveland,10.1,33.5,13.5,46.5,79.4,9.6,10.5,9.3,80.0,85.8,18.5,62.9,10.3,17.7,48.5,24.6,15.0,41.0,26.7,17.5,11.6,26.0,10.1,40.7,13.2,10.7,9.3,33.8,34.6,70.1,18.6,20.0,42.4,17.3,5.1,9.9,42.3,4.7,22.8,6.6
5027,AR,Columbia,11.0,28.6,13.5,42.8,77.6,7.3,11.0,7.9,80.0,82.6,20.1,62.4,8.8,16.1,53.1,23.7,14.4,40.7,28.9,23.6,15.5,26.3,8.2,35.9,17.4,11.4,12.2,37.2,34.5,73.5,20.0,18.5,37.7,15.7,5.2,13.0,39.9,4.4,23.2,7.2
5029,AR,Conway,11.2,32.9,13.8,46.8,79.5,9.1,10.6,9.4,79.6,85.0,19.4,60.6,10.7,18.8,48.6,24.9,15.6,42.0,26.8,20.5,14.0,27.8,10.0,41.3,14.9,11.4,10.3,33.9,36.5,70.6,19.1,21.0,41.4,17.7,5.5,11.5,39.5,4.8,17.2,7.2
5031,AR,Craighead,10.6,27.6,15.3,39.1,74.2,7.5,10.5,6.7,77.6,83.6,19.2,60.8,7.9,15.8,52.2,26.5,11.6,37.2,27.3,18.4,12.0,23.5,7.7,36.4,14.8,10.0,10.1,34.3,31.0,67.6,19.5,15.9,39.1,14.8,4.2,11.0,40.8,3.5,17.9,5.7
5033,AR,Crawford,11.6,29.8,14.8,41.9,76.2,8.8,10.3,8.1,78.3,84.6,18.9,61.7,9.2,16.8,54.4,26.1,13.0,39.8,26.7,17.9,10.6,25.0,9.2,40.8,13.4,10.1,9.1,33.7,31.2,69.3,19.0,18.1,38.8,16.5,4.5,9.4,37.1,4.0,17.9,6.1
5035,AR,Crittenden,12.3,29.5,12.4,47.4,77.5,6.6,11.6,7.9,81.4,84.8,20.7,62.6,9.3,18.5,47.3,23.9,16.5,43.0,32.4,28.9,21.1,30.1,7.6,39.2,22.5,12.2,14.2,39.3,38.7,74.0,20.2,21.1,46.7,17.0,6.2,17.1,42.1,4.9,28.6,8.2
5037,AR,Cross,12.2,31.9,13.4,46.5,79.1,8.3,10.9,9.1,79.6,84.0,20.6,59.6,10.8,19.8,50.1,25.3,16.1,42.1,29.1,23.8,17.0,29.3,9.6,40.4,17.6,12.1,11.9,35.2,38.6,71.5,19.8,21.3,45.0,17.9,6.0,13.1,41.3,5.0,29.3,7.8
5039,AR,Dallas,11.1,33.5,12.0,49.8,81.9,8.9,10.6,9.2,82.0,87.6,17.6,65.2,9.5,16.3,50.2,21.7,17.1,42.1,30.6,20.9,13.5,27.6,9.3,41.4,16.2,10.7,10.4,34.9,37.8,76.0,17.6,21.5,41.9,16.8,5.4,11.7,43.6,5.3,23.2,7.1
5041,AR,Desha,16.0,34.9,10.8,52.8,80.7,7.6,11.8,10.8,81.6,83.8,22.8,57.2,13.1,22.3,41.3,23.2,21.2,48.2,32.4,34.7,27.6,36.9,10.1,42.0,24.5,15.3,16.9,37.4,46.2,70.1,20.7,27.3,46.6,20.5,8.5,19.5,43.0,6.7,26.1,11.3
5043,AR,Drew,12.0,29.9,13.3,44.7,77.9,7.8,11.1,8.5,80.0,83.2,20.2,62.7,9.8,17.4,52.5,24.1,15.2,41.9,29.1,23.5,16.1,27.5,9.0,38.7,17.4,11.8,12.0,37.3,35.8,72.7,19.8,20.1,43.8,16.8,5.6,13.1,40.5,4.7,21.1,7.6
5045,AR,Faulkner,9.1,24.1,16.9,35.4,74.1,7.3,10.2,6.0,77.4,83.2,17.9,60.1,6.7,13.6,60.4,26.4,10.8,35.5,24.7,15.0,8.7,19.6,7.2,35.7,12.3,8.7,8.6,34.5,26.6,74.1,18.8,13.8,39.8,13.5,3.5,8.9,37.0,3.1,15.8,4.9
5047,AR,Franklin,11.5,33.6,14.2,44.6,78.7,9.6,10.6,9.5,78.8,84.3,20.0,58.7,11.2,19.5,48.0,27.0,14.6,42.0,26.3,18.6,12.3,28.1,10.7,41.6,13.5,11.4,9.7,33.8,35.5,70.5,19.8,20.5,39.8,18.3,5.3,10.0,40.6,4.7,25.5,6.9
5049,AR,Fulton,11.3,37.1,12.7,49.1,81.5,10.9,10.6,11.5,80.9,85.5,20.0,60.4,13.2,20.4,44.4,26.2,17.1,45.0,25.5,20.0,14.0,29.9,12.7,43.6,13.2,12.6,10.0,32.7,37.8,70.7,19.0,24.1,39.6,19.4,6.2,10.5,39.1,5.7,18.4,8.0
5051,AR,Garland,10.3,33.6,13.9,45.8,81.0,10.5,10.1,9.3,80.2,87.1,17.1,65.0,9.5,15.5,57.7,24.1,14.8,40.8,25.1,16.3,9.8,24.9,10.2,39.3,12.8,9.9,8.5,33.5,30.7,70.5,17.4,19.9,39.1,16.7,4.7,9.1,36.3,4.5,17.8,6.2
5053,AR,Grant,9.3,29.5,15.2,40.2,77.5,9.1,9.9,7.5,78.2,85.9,17.0,63.4,8.2,15.6,55.4,24.9,12.0,36.1,25.7,13.7,7.9,21.8,8.6,39.5,10.9,8.9,7.4,33.9,29.6,72.7,17.9,16.1,36.9,15.0,3.8,7.7,38.1,3.7,18.1,5.0
5055,AR,Greene,11.2,30.3,14.8,42.5,75.7,8.5,10.5,8.0,78.0,83.3,20.1,55.7,9.7,18.5,50.9,27.8,12.5,41.2,27.0,18.0,11.4,25.5,9.2,38.7,13.5,10.8,9.4,35.9,35.0,72.5,20.0,18.5,42.3,17.0,4.6,9.7,40.6,4.0,21.8,6.1
5057,AR,Hempstead,14.2,30.9,13.0,46.2,79.5,8.1,10.7,8.9,79.8,85.2,19.3,60.8,9.8,17.7,50.7,22.1,16.6,42.4,29.8,24.4,16.1,29.0,9.2,39.5,18.5,11.5,11.9,36.7,39.7,73.2,18.9,21.3,45.6,17.5,5.8,13.3,39.8,5.0,23.0,7.9
5059,AR,Hot Spring,11.3,29.6,14.2,43.3,77.5,8.7,10.3,8.5,78.4,84.3,19.0,61.7,9.8,18.6,51.8,23.9,13.9,40.3,26.7,19.0,11.9,25.8,9.5,40.4,14.3,10.5,9.8,35.2,34.4,66.3,18.8,18.8,37.1,16.6,5.0,10.6,39.2,4.4,21.8,6.5
5061,AR,Howard,12.5,31.2,13.6,44.3,79.4,8.4,10.6,8.6,79.7,85.2,19.0,63.0,9.5,17.1,54.8,24.3,15.2,41.7,29.0,21.0,13.5,27.0,9.2,39.3,16.1,10.8,10.6,36.3,36.0,71.8,18.9,20.2,39.4,16.8,5.2,11.6,40.4,4.6,22.8,7.0
5063,AR,Independence,11.6,30.4,14.7,41.3,77.6,8.8,10.4,8.4,78.7,83.8,19.3,58.6,9.7,17.1,50.5,26.1,13.4,40.3,26.8,18.2,11.3,25.3,9.6,40.3,13.3,10.5,9.4,34.1,35.3,67.5,19.3,18.4,41.6,16.6,4.7,9.6,39.5,4.2,18.6,6.3
5065,AR,Izard,11.8,35.5,13.7,47.6,80.2,10.5,10.3,10.9,79.7,84.8,19.6,61.3,12.2,19.8,53.4,25.6,15.9,45.2,26.2,19.6,13.0,29.5,12.1,42.2,13.5,11.9,9.9,34.1,37.3,67.8,18.8,22.6,41.2,18.8,5.9,10.2,35.4,5.3,27.0,7.6
5067,AR,Jackson,13.6,30.8,13.8,44.4,76.7,7.9,11.0,8.9,77.9,82.2,21.8,57.7,11.1,21.1,45.8,26.3,15.4,43.5,29.3,25.8,18.0,30.1,9.7,39.4,18.7,12.6,12.6,37.2,39.5,66.9,21.0,21.0,43.9,18.2,5.9,14.0,42.5,4.8,22.0,7.9
5069,AR,Jefferson,12.1,30.6,12.2,50.9,79.4,7.0,11.2,8.3,82.3,85.1,19.5,65.4,9.3,17.3,47.5,21.5,17.6,43.3,33.7,27.2,19.3,28.8,8.1,39.4,21.7,11.8,13.8,38.6,38.1,76.1,19.0,21.9,45.9,16.7,6.1,16.5,45.0,5.2,24.1,8.2
5071,AR,Johnson,13.8,30.0,13.9,42.5,78.1,8.5,10.3,8.9,77.7,83.3,20.0,56.5,10.3,18.3,45.7,25.4,14.6,41.6,26.8,21.0,13.3,27.9,10.0,40.5,15.1,11.2,10.5,33.7,36.8,68.0,19.5,19.8,37.4,17.8,5.3,10.6,40.9,4.4,28.1,7.2
5073,AR,Lafayette,14.1,36.9,11.2,52.6,82.2,9.1,11.4,11.8,81.5,85.0,21.6,63.2,13.6,21.5,43.2,23.9,20.6,48.0,30.7,29.0,22.0,35.2,11.6,43.4,20.0,14.5,14.0,36.0,43.5,70.3,19.5,27.3,46.0,20.5,7.9,15.6,41.8,6.7,35.4,10.2
5075,AR,Lawrence,11.6,32.0,14.5,43.7,77.5,9.3,10.7,9.3,78.6,82.8,20.8,60.0,11.3,19.8,47.8,27.3,14.4,42.9,26.2,19.6,13.3,27.9,10.4,40.4,14.0,12.0,10.2,34.5,36.3,71.6,20.4,20.6,43.7,18.1,5.4,10.6,39.0,4.7,18.9,7.1
5077,AR,Lee,15.8,32.1,12.6,51.7,78.5,6.9,11.0,10.1,80.0,82.3,22.4,55.6,11.7,22.3,41.1,21.3,19.7,47.5,34.6,33.6,25.7,35.1,9.7,39.7,24.4,14.1,16.5,37.5,42.9,73.3,20.1,25.2,46.9,19.0,7.8,19.3,45.3,6.3,24.9,10.4
5079,AR,Lincoln,14.7,26.2,15.5,43.2,73.2,6.6,9.8,7.6,76.2,80.6,20.4,58.2,8.8,19.9,44.8,22.0,13.8,40.9,32.5,24.6,15.9,27.9,8.2,37.1,19.0,10.8,12.5,35.6,36.2,71.3,19.4,17.8,42.6,16.0,5.2,14.1,42.6,4.2,25.5,7.1
5081,AR,Little River,10.8,33.0,13.1,46.3,80.2,9.2,10.7,9.2,80.4,85.9,18.7,62.3,10.2,17.8,54.0,24.5,15.7,42.5,26.8,20.6,13.8,26.7,10.0,40.8,15.1,11.2,10.3,33.9,36.9,72.0,18.7,20.9,41.3,17.1,5.4,11.5,38.7,4.9,24.3,7.1
5083,AR,Logan,10.6,33.0,15.0,44.9,79.2,9.6,10.5,9.0,79.4,85.2,18.9,61.4,10.4,18.0,51.6,25.8,14.4,40.9,25.7,17.3,11.0,26.0,10.2,41.3,12.6,10.7,8.9,34.2,33.8,71.3,18.7,20.0,38.1,17.3,4.9,9.3,39.0,4.5,19.4,6.4
5085,AR,Lonoke,9.8,27.6,16.0,39.0,75.5,8.1,10.3,6.5,78.4,85.1,17.8,63.3,7.5,16.0,57.0,25.8,11.3,36.4,26.4,15.3,8.5,21.9,7.5,39.0,12.4,8.8,8.1,35.1,31.0,72.3,18.8,14.9,36.1,14.8,3.7,8.6,38.4,3.3,12.9,4.9
5087,AR,Madison,12.4,32.4,14.7,44.1,77.5,9.2,10.4,9.0,78.3,84.2,19.8,58.9,10.5,19.0,49.5,25.6,13.9,42.9,28.4,19.0,11.6,27.2,10.3,40.5,13.7,10.9,9.5,34.9,35.2,67.5,19.3,19.7,40.8,17.5,5.0,9.7,37.6,4.4,19.9,6.7
5089,AR,Marion,10.5,37.4,12.5,46.3,82.7,11.6,10.3,11.3,80.7,87.3,18.2,68.5,12.1,18.0,53.9,24.8,16.4,43.9,25.2,16.6,10.6,27.7,12.3,43.8,11.4,11.2,8.5,31.3,34.8,71.3,17.7,22.6,37.9,18.8,5.5,8.5,37.1,5.4,21.4,7.0
5091,AR,Miller,12.2,30.4,13.4,44.8,78.6,7.9,11.1,8.5,79.8,84.0,20.3,61.8,10.1,19.1,48.1,24.6,15.3,41.1,29.0,23.8,16.6,28.1,9.0,38.2,17.7,11.7,11.9,33.3,37.9,69.3,20.1,20.5,38.1,17.2,5.7,13.6,40.9,4.7,28.5,7.5
5093,AR,Mississippi,12.5,29.8,13.5,46.4,77.3,7.3,11.1,8.1,79.8,83.7,20.3,57.8,9.6,18.8,45.8,24.8,15.2,42.4,31.3,25.3,17.6,28.7,8.3,37.6,19.2,11.7,12.6,36.2,36.7,75.8,20.1,20.6,46.6,16.9,5.7,14.5,45.6,4.6,28.1,7.6
5095,AR,Monroe,12.3,35.0,11.1,52.3,82.1,8.9,11.3,10.4,82.2,86.5,19.7,60.8,11.5,19.1,46.7,22.9,19.1,45.3,30.5,25.4,18.5,31.6,10.2,42.8,18.5,12.9,12.6,35.7,39.6,71.8,18.9,24.9,43.5,18.8,6.8,14.1,40.9,6.1,23.5,8.8
5097,AR,Montgomery,10.9,36.2,12.7,47.8,81.9,11.3,10.4,11.1,81.3,86.8,18.6,64.3,12.0,17.8,51.6,25.2,16.4,44.1,24.5,17.3,11.0,28.0,12.2,45.3,11.8,11.4,8.9,32.7,36.0,65.7,18.0,22.8,40.9,18.6,5.6,8.9,39.1,5.4,17.6,7.2
5099,AR,Nevada,12.4,35.3,12.0,51.0,80.9,8.7,10.9,10.3,81.2,85.2,20.4,60.1,11.8,20.4,48.6,24.1,18.3,45.8,29.9,25.9,19.0,31.4,10.5,42.4,18.8,13.0,12.7,35.3,40.8,73.2,19.6,24.3,44.0,18.9,6.8,14.7,42.7,5.9,21.4,8.9
5101,AR,Newton,10.1,35.2,13.6,47.4,81.1,11.1,10.3,10.4,80.6,86.7,18.1,63.3,11.3,17.8,52.7,24.7,15.3,42.4,25.6,15.7,9.6,26.4,11.7,43.6,11.1,10.6,8.2,32.6,34.2,71.4,17.8,21.1,38.6,17.7,5.0,8.2,38.0,5.0,17.7,6.5
5103,AR,Ouachita,11.3,32.4,12.0,49.5,80.8,8.3,11.0,9.3,82.0,86.2,19.2,62.3,10.3,18.2,51.9,23.2,17.7,42.8,30.4,24.1,16.8,29.3,9.0,40.9,18.0,11.7,11.9,35.9,38.0,73.1,19.1,22.6,43.5,17.5,6.1,13.8,41.0,5.4,25.8,7.9
5105,AR,Perry,10.2,32.1,14.5,43.8,79.8,9.8,10.2,9.1,79.2,85.6,18.2,60.0,10.2,17.6,54.5,25.1,14.1,40.4,25.4,16.4,10.2,25.2,10.2,41.7,12.1,10.3,8.6,32.5,34.2,71.2,18.3,19.3,38.9,16.9,4.8,8.9,38.8,4.5,17.6,6.2
5107,AR,Phillips,13.5,36.2,10.4,55.6,82.2,7.5,12.2,10.7,83.4,85.5,21.7,62.6,12.4,21.0,40.4,22.6,21.7,48.1,33.1,33.9,27.8,36.0,9.5,41.2,24.4,15.0,16.8,37.9,44.1,70.2,20.2,27.9,48.4,19.9,8.5,20.1,48.4,6.9,34.3,11.0
5109,AR,Pike,11.4,32.5,14.4,44.3,79.1,9.6,10.3,9.1,79.5,85.3,18.7,60.3,10.2,17.4,53.8,25.7,14.4,40.3,25.9,18.0,11.2,26.3,10.1,41.8,13.3,10.6,9.2,33.2,34.4,69.7,18.6,19.7,38.3,17.3,5.0,9.6,39.3,4.5,15.7,6.6
5111,AR,Poinsett,12.6,31.7,13.9,43.0,77.9,8.8,10.8,9.1,78.4,83.1,21.1,61.4,11.3,20.4,45.5,26.8,14.6,43.3,28.1,21.6,15.1,28.7,10.1,40.8,15.4,12.2,11.0,35.4,38.7,67.1,20.5,20.8,41.4,18.3,5.7,11.6,40.8,4.7,25.8,7.4
5113,AR,Polk,11.7,33.0,13.8,44.8,80.4,10.2,10.5,10.1,79.8,85.2,19.1,58.1,11.4,18.6,52.8,25.0,15.5,42.1,25.0,18.4,11.9,27.3,11.3,42.5,12.9,11.3,9.6,32.9,35.8,72.1,18.8,21.2,40.0,18.2,5.4,9.6,37.3,4.9,25.9,7.1
5115,AR,Pope,12.1,29.8,15.1,38.7,76.1,8.4,10.6,7.7,76.5,83.2,19.2,61.2,9.1,16.4,54.1,24.6,12.7,39.4,25.8,18.4,11.2,25.1,8.9,38.2,13.6,10.3,9.5,32.5,33.7,71.8,19.3,17.7,44.6,15.8,4.5,9.7,36.5,3.9,18.9,6.2
5117,AR,Prairie,10.6,34.0,13.7,46.7,80.7,10.0,10.4,9.6,80.7,86.2,18.4,60.5,10.4,17.3,52.0,23.8,15.1,41.4,26.7,17.4,11.2,26.3,10.6,41.8,12.6,10.8,9.0,33.5,34.9,71.8,18.0,20.6,40.3,17.3,5.1,9.3,39.0,4.8,16.2,6.6
5119,AR,Pulaski,10.4,26.8,14.3,42.2,76.4,7.5,10.3,6.7,80.7,86.4,16.6,64.4,7.2,13.4,58.8,23.1,12.9,35.2,28.0,18.5,11.9,22.5,7.1,36.3,15.5,9.3,10.2,34.8,29.1,74.9,17.5,16.5,40.5,13.8,4.4,11.7,38.3,3.9,15.7,6.0
5121,AR,Randolph,11.7,32.7,14.1,43.6,78.1,9.3,10.6,9.4,78.5,83.4,20.6,60.9,11.2,20.0,49.1,26.8,14.7,43.4,26.5,20.0,13.8,28.2,10.8,40.2,14.4,12.0,10.3,34.0,37.9,69.5,20.3,20.7,41.4,18.4,5.5,10.8,37.0,4.7,28.7,7.1
5123,AR,St. Francis,15.1,30.6,12.8,50.1,78.6,6.9,11.0,9.3,80.3,83.4,21.3,56.3,10.9,21.8,41.2,21.7,18.9,44.8,33.5,32.3,24.4,33.0,8.9,37.1,23.9,13.3,15.8,37.1,42.5,73.5,19.9,23.6,48.2,18.2,7.2,18.9,46.3,5.7,24.3,9.6
5125,AR,Saline,9.2,27.7,15.7,40.0,77.5,9.0,10.0,7.1,79.5,86.8,15.8,60.9,7.2,14.2,62.7,24.7,11.3,34.9,24.8,13.7,7.7,21.1,8.2,38.6,11.2,8.3,7.4,32.9,29.1,73.8,17.1,15.3,34.5,14.2,3.6,7.9,36.3,3.5,13.8,4.8
5127,AR,Scott,12.4,32.6,14.3,44.1,78.9,9.5,10.3,9.5,78.9,84.6,19.7,60.6,10.6,18.5,50.1,25.1,14.8,43.6,27.7,18.6,11.5,27.5,10.8,41.2,13.5,11.1,9.5,34.8,36.7,65.3,18.9,20.5,37.0,17.9,5.1,9.6,37.4,4.7,17.3,6.9
5129,AR,Searcy,11.9,37.7,12.6,49.3,81.5,10.9,10.7,11.9,80.5,85.4,20.5,63.0,13.7,20.9,47.9,26.0,17.6,45.8,25.8,20.3,14.3,31.1,12.8,44.9,13.5,12.9,10.2,32.9,38.6,67.0,19.0,24.5,39.9,20.0,6.5,10.4,40.2,5.8,20.2,8.2
5131,AR,Sebastian,12.9,27.8,13.7,40.7,76.9,8.0,10.3,7.7,77.7,84.4,18.3,60.9,8.5,16.1,52.6,24.9,13.1,37.5,26.9,18.4,11.0,25.0,8.8,40.2,14.2,10.0,9.7,36.3,33.3,72.3,18.9,17.1,36.2,16.2,4.5,10.2,37.7,3.9,16.5,6.3
5133,AR,Sevier,20.5,28.5,14.7,40.2,76.4,7.2,10.2,8.6,76.7,81.8,21.8,56.6,9.9,18.8,48.5,24.1,15.2,44.0,29.0,27.0,16.2,31.4,9.7,39.3,19.7,12.0,13.0,35.4,40.6,65.4,19.5,21.0,41.4,18.6,5.9,13.2,39.7,4.4,23.5,8.6
5135,AR,Sharp,11.1,36.5,13.1,46.7,81.4,10.7,10.6,10.8,81.0,85.6,19.5,61.9,12.3,19.3,51.2,26.1,16.2,44.7,25.9,18.5,12.2,29.1,11.9,43.4,12.7,11.8,9.4,33.3,37.7,65.5,18.9,23.0,39.4,19.0,5.7,9.6,36.1,5.3,24.1,7.3
5137,AR,Stone,11.2,37.2,12.8,47.9,82.4,11.6,10.5,11.8,80.9,85.9,19.7,65.4,13.2,19.7,49.3,25.3,17.0,45.6,25.8,19.2,13.0,30.0,13.0,44.4,12.8,12.4,9.6,32.8,37.9,69.5,18.3,24.2,39.8,19.4,6.1,9.8,39.7,5.7,22.8,7.8
5139,AR,Union,11.4,31.0,12.8,46.4,80.1,8.2,10.9,8.7,80.8,85.7,19.0,62.4,9.6,17.6,54.8,23.6,16.0,41.2,28.1,22.3,15.2,27.6,8.8,40.4,16.8,11.1,11.1,35.1,36.2,69.1,18.5,20.3,39.4,16.8,5.5,12.7,39.1,4.9,20.1,7.2
5141,AR,Van Buren,11.3,35.8,12.6,47.4,82.2,10.9,10.4,11.1,80.6,86.2,19.3,63.1,12.6,19.3,48.0,24.8,16.2,43.9,24.7,18.5,12.5,28.5,12.2,43.5,12.5,11.8,9.4,32.7,37.0,69.3,18.3,22.8,39.6,18.7,5.9,9.6,39.4,5.4,20.4,7.5
5143,AR,Washington,12.7,21.7,16.4,34.6,69.7,6.4,10.2,5.8,75.1,82.1,18.0,60.3,6.5,13.4,56.4,24.6,10.1,34.4,25.5,17.0,9.4,21.0,6.9,33.3,13.8,9.1,9.4,33.6,27.5,66.7,18.8,13.9,35.4,13.9,3.6,9.3,34.7,2.9,16.5,5.3
5145,AR,White,10.9,30.1,14.4,40.4,77.3,8.4,10.6,7.9,77.5,83.7,19.4,64.2,9.3,17.4,51.2,26.3,12.6,40.4,26.0,18.6,11.1,24.5,9.1,39.2,13.1,10.4,9.3,33.1,32.5,69.2,19.6,17.9,39.7,16.1,4.6,9.5,37.5,4.0,19.5,6.1
5147,AR,Woodruff,12.6,35.5,12.0,49.8,81.8,9.4,11.0,10.7,81.2,85.3,20.5,60.4,12.3,20.2,48.1,24.4,18.3,46.3,29.2,24.5,17.7,31.8,11.0,42.5,17.1,13.1,12.0,35.7,40.7,71.6,19.3,24.8,39.2,19.3,6.7,13.2,39.3,6.0,21.2,8.8
5149,AR,Yell,15.3,30.4,13.9,43.5,77.0,8.6,10.1,8.7,77.7,84.1,19.6,59.9,9.9,18.4,49.4,25.1,14.7,41.2,26.9,20.2,12.3,27.7,9.9,41.4,15.0,10.9,10.1,34.3,35.5,68.7,18.8,19.8,42.0,17.5,5.2,10.3,38.8,4.3,20.1,7.1
6001,CA,Alameda,7.1,19.3,15.5,28.5,70.9,5.9,8.8,4.8,72.6,87.5,12.0,59.5,4.1,9.3,65.4,18.6,11.0,26.7,28.0,13.9,11.6,18.0,5.1,33.4,11.6,6.5,7.4,37.7,20.6,74.5,15.0,11.3,22.8,11.5,3.0,5.9,34.9,2.8,5.8,4.4
6003,CA,Alpine,5.7,27.9,16.4,35.7,75.9,10.6,10.2,7.5,75.5,88.7,12.6,68.6,6.4,11.0,67.0,21.7,11.6,30.6,23.4,10.9,9.7,18.8,8.0,38.5,9.3,7.4,6.9,32.5,19.4,74.5,15.6,14.3,28.4,13.5,3.5,5.3,33.2,3.8,9.4,4.5
6005,CA,Amador,7.5,27.7,16.1,37.6,75.6,10.6,10.0,7.8,74.0,88.4,13.6,65.0,7.1,12.2,65.8,21.7,11.8,32.0,24.2,11.9,11.0,20.5,8.2,38.9,10.2,8.1,6.9,32.9,22.7,76.4,16.0,15.4,29.6,14.4,3.9,5.7,32.8,4.0,11.7,4.8
6007,CA,Butte,8.3,23.8,17.8,32.2,71.6,8.1,10.5,6.5,72.1,83.2,16.3,63.2,6.8,12.8,61.4,25.6,10.7,32.6,24.8,16.1,16.2,21.5,7.0,33.9,13.1,9.3,9.4,35.0,22.8,74.3,19.1,14.5,29.3,14.1,4.0,7.5,32.5,3.5,10.2,5.5
6009,CA,Calaveras,7.1,31.1,14.9,37.8,78.1,11.2,10.3,8.7,76.6,88.5,14.4,65.4,8.4,13.4,64.5,23.2,13.2,34.6,23.8,13.1,13.5,22.6,9.0,40.7,10.6,9.2,7.4,32.1,24.8,74.8,16.7,17.9,29.8,15.7,4.4,6.1,33.3,4.5,11.9,5.5
6011,CA,Colusa,17.6,22.6,16.9,32.0,71.3,6.6,9.8,6.8,69.6,82.9,17.9,55.1,6.4,13.4,56.1,21.6,13.4,37.2,29.2,24.2,21.3,28.2,7.3,34.9,19.9,10.0,11.9,36.6,30.3,75.0,18.1,17.4,35.0,16.2,5.0,9.8,34.1,3.7,13.1,7.6
6013,CA,Contra Costa,7.8,21.8,15.1,31.2,72.9,7.0,9.4,5.5,72.7,87.6,12.2,64.0,4.7,9.3,67.3,19.1,11.3,27.0,25.3,13.2,11.1,18.5,5.8,36.1,11.5,7.0,7.5,35.0,23.7,75.9,15.3,12.2,28.0,12.1,3.2,5.9,35.1,3.0,8.2,4.6
6015,CA,Del Norte,9.7,27.1,16.0,36.0,73.3,9.0,10.8,7.7,72.7,85.2,16.4,61.7,8.1,15.0,53.4,23.5,12.5,35.3,26.4,17.7,17.4,24.5,8.1,37.1,14.2,9.9,9.7,35.5,25.6,73.6,18.3,17.3,31.0,15.9,4.7,8.1,38.1,4.1,12.8,6.1
6017,CA,El Dorado,5.7,27.0,16.9,33.6,75.4,10.2,9.8,6.8,75.3,88.9,12.5,67.9,6.0,10.4,71.2,22.3,10.8,29.8,22.0,10.3,9.3,18.0,7.1,36.3,9.0,7.2,6.1,31.6,19.5,76.6,15.5,13.9,27.7,13.3,3.3,4.9,32.1,3.4,8.5,4.2
6019,CA,Fresno,14.6,21.7,14.4,31.7,71.2,5.7,9.9,6.2,70.8,82.2,17.4,54.3,6.0,13.2,53.9,21.4,12.7,36.4,28.8,24.9,22.3,27.6,6.5,32.7,19.4,9.9,12.2,37.3,30.9,71.6,18.4,16.6,37.7,15.0,4.9,10.4,35.9,3.4,13.7,7.4
6021,CA,Glenn,13.7,24.0,16.4,32.7,72.1,7.5,10.1,7.0,71.3,83.7,17.4,57.8,7.1,13.9,56.4,22.6,12.6,35.7,27.2,20.8,19.1,25.9,7.6,35.3,16.9,9.9,10.8,36.2,28.0,72.2,18.4,16.9,32.1,15.8,4.8,8.8,36.2,3.8,14.9,6.8
6023,CA,Humboldt,7.5,25.9,17.1,32.9,73.2,8.6,11.0,7.1,71.9,83.9,16.7,61.4,7.6,14.2,59.6,26.1,11.4,33.9,25.1,16.5,17.0,22.3,7.5,35.5,13.1,9.8,9.6,34.1,23.7,72.5,19.7,15.5,31.3,14.9,4.3,7.9,34.9,3.7,12.0,5.7
6025,CA,Imperial,22.1,20.7,15.9,33.2,69.9,5.0,9.2,6.7,68.9,81.1,19.6,49.3,5.7,12.9,50.5,19.9,15.0,39.1,31.0,30.9,28.2,32.6,7.3,35.0,24.7,11.0,15.3,38.2,35.2,71.8,18.0,19.1,34.7,17.1,6.1,12.7,41.0,3.7,20.3,10.0
6027,CA,Inyo,7.9,28.0,15.4,35.1,75.5,10.0,10.2,7.6,75.0,88.0,14.0,66.0,6.9,12.0,66.3,22.2,12.4,33.5,24.1,13.5,12.6,21.5,8.2,37.3,11.4,8.5,7.8,33.1,22.9,75.5,16.3,15.7,28.2,14.7,3.9,6.3,31.8,3.9,9.2,5.3
6029,CA,Kern,16.7,21.2,16.8,32.0,68.2,5.6,10.3,6.2,70.7,81.4,19.2,52.7,6.4,14.6,52.1,22.8,13.3,37.3,29.7,26.8,25.6,28.1,6.5,33.0,21.7,10.6,13.7,37.0,31.9,73.4,20.0,17.3,36.0,16.1,5.2,11.7,38.5,3.5,21.5,8.0
6031,CA,Kings,17.6,19.3,17.5,30.4,66.7,5.1,9.8,5.8,67.8,79.9,19.0,54.2,5.9,14.8,51.7,21.1,12.1,35.7,30.5,26.9,24.3,27.6,6.3,31.8,22.1,10.2,13.7,39.4,30.4,73.0,19.5,15.6,34.7,15.6,5.0,11.4,36.2,3.3,15.3,7.7
6033,CA,Lake,10.1,29.8,15.0,39.6,76.1,9.9,10.8,8.9,74.3,86.2,16.7,62.6,9.1,15.2,61.5,24.0,14.1,37.5,25.4,18.2,19.0,26.3,9.0,38.9,14.4,10.7,9.8,34.8,27.8,72.7,18.1,19.5,32.7,17.1,5.3,8.3,33.4,4.7,15.3,6.8
6035,CA,Lassen,12.0,23.9,18.2,33.7,69.6,7.7,10.3,7.1,69.9,82.1,17.7,59.3,7.6,15.9,56.6,22.9,11.5,36.5,28.4,19.4,18.8,25.1,7.6,34.5,15.9,10.0,10.6,36.2,26.1,73.0,19.2,16.1,34.2,15.6,4.6,8.8,39.3,3.8,12.0,6.1
6037,CA,Los Angeles,11.7,19.8,15.0,30.2,71.7,5.7,9.1,5.3,71.8,84.9,15.3,53.0,4.9,11.2,62.0,19.0,12.6,31.6,31.3,20.7,17.9,24.1,5.7,36.9,17.1,8.6,10.1,40.6,26.2,74.4,16.2,14.6,26.5,14.1,4.4,7.5,35.5,3.2,12.2,6.3
6039,CA,Madera,17.9,23.6,15.1,33.2,70.3,6.3,10.4,7.0,69.8,81.9,19.5,57.4,7.2,14.8,54.6,21.8,13.5,38.3,29.0,28.0,26.1,30.5,7.3,34.4,22.0,11.4,14.0,37.1,31.7,73.0,19.8,18.5,36.5,16.9,5.7,11.7,37.1,3.9,19.2,8.5
6041,CA,Marin,5.5,25.6,15.4,32.6,76.4,10.5,9.4,6.4,74.6,90.1,11.0,65.4,5.3,8.2,76.0,20.6,10.2,27.5,21.4,8.8,7.7,16.6,6.7,37.3,7.9,6.3,5.4,29.3,18.2,78.3,13.9,12.6,21.3,12.1,3.0,4.3,28.6,3.2,6.0,3.9
6043,CA,Mariposa,7.3,31.7,14.6,39.0,78.4,11.5,10.3,9.1,76.2,88.6,14.1,65.7,8.4,12.6,60.5,22.6,13.5,35.2,23.1,13.0,13.5,22.7,9.5,40.6,10.5,9.2,7.5,31.8,24.6,70.3,16.2,18.0,30.5,15.6,4.5,6.1,33.1,4.6,15.8,5.7
6045,CA,Mendocino,10.3,29.3,15.4,38.5,75.4,9.9,10.6,8.5,74.3,86.4,16.0,61.7,8.5,14.3,62.5,23.0,13.7,35.9,25.4,17.9,17.3,24.8,8.8,39.0,14.1,10.0,9.4,34.6,26.0,74.3,17.8,18.2,29.3,16.3,4.9,7.8,33.6,4.4,12.1,6.4
6047,CA,Merced,18.2,20.2,16.0,31.2,68.1,5.2,9.8,6.1,68.9,80.5,19.2,53.2,6.1,14.1,49.8,21.5,13.0,36.0,30.7,28.7,25.3,29.4,6.5,35.0,22.7,10.6,14.0,39.7,33.2,68.9,19.0,16.7,33.8,16.0,5.3,11.6,38.7,3.4,18.0,8.2
6049,CA,Modoc,8.6,32.8,13.7,41.3,78.4,11.4,10.8,10.0,76.5,87.6,16.0,64.9,9.9,14.8,62.6,23.9,14.9,38.4,24.0,16.3,17.6,26.2,10.3,41.1,12.3,10.8,8.9,33.1,27.5,74.5,17.4,20.8,31.9,17.4,5.4,7.4,32.1,5.2,14.7,6.8
6051,CA,Mono,8.2,23.9,17.5,31.5,72.0,8.4,9.9,6.3,72.5,86.4,14.2,62.7,6.0,11.7,65.4,22.8,10.5,29.7,24.3,13.2,12.1,19.7,6.7,35.1,11.8,7.8,7.6,33.6,21.5,77.4,16.9,13.3,31.2,13.5,3.6,6.3,32.5,3.2,11.8,4.7
6053,CA,Monterey,15.9,21.2,16.4,32.0,70.5,6.3,9.6,6.2,71.6,83.6,16.6,57.7,5.7,11.9,57.8,19.2,12.5,32.1,27.8,21.9,18.8,25.8,6.6,35.2,18.0,9.1,11.2,35.4,27.0,72.6,16.7,15.5,31.1,14.7,4.6,8.9,33.9,3.4,11.0,7.0
6055,CA,Napa,9.7,24.0,15.9,33.0,74.2,8.6,9.5,6.5,73.9,87.2,13.5,63.1,5.7,10.4,63.7,20.8,11.4,30.9,25.1,13.9,11.9,20.6,7.0,36.4,11.9,7.7,7.7,33.2,23.5,73.8,15.5,14.4,27.9,13.4,3.7,6.0,31.7,3.4,6.6,5.1
6057,CA,Nevada,5.6,29.9,15.5,37.5,77.8,11.6,10.2,7.9,76.6,89.4,12.8,66.8,7.2,11.0,63.8,23.0,11.5,31.8,21.5,10.2,10.5,19.0,8.2,38.5,8.7,8.0,6.2,30.7,20.4,76.9,15.6,15.5,27.5,14.0,3.7,5.2,31.9,4.0,7.8,4.6
6059,CA,Orange,8.9,19.1,15.0,29.1,73.5,6.8,9.0,5.5,73.4,87.2,13.1,58.2,4.7,9.2,64.4,19.0,11.5,27.8,27.9,15.0,11.9,20.6,5.7,36.6,12.3,7.1,7.7,34.8,24.1,79.6,16.0,12.7,23.9,12.5,3.3,6.0,35.4,2.9,8.0,4.8
6061,CA,Placer,5.6,24.8,16.3,32.7,73.4,9.2,9.9,5.9,74.6,88.5,12.1,63.6,5.2,9.4,69.9,21.3,9.8,26.8,23.2,10.0,8.8,16.6,6.4,36.4,8.9,6.8,6.0,31.9,19.1,80.0,15.3,12.2,27.3,12.4,3.0,4.9,32.1,3.1,5.9,3.9
6063,CA,Plumas,6.4,32.9,14.4,40.4,78.6,12.1,10.6,9.3,77.2,89.2,14.2,69.2,8.7,13.0,67.1,23.4,13.5,35.8,23.1,12.1,12.5,22.4,9.4,41.4,9.8,9.0,7.1,32.9,24.0,80.2,16.6,18.2,29.9,15.8,4.4,5.8,31.2,4.6,9.2,5.3
6065,CA,Riverside,12.7,23.9,14.4,33.3,70.8,6.4,9.5,6.0,71.8,85.0,15.9,55.9,5.4,11.5,64.4,21.7,12.4,34.6,28.0,20.4,16.8,24.4,6.4,36.7,17.8,8.9,10.3,36.6,27.3,79.5,17.1,15.9,36.8,14.7,4.2,8.7,38.0,3.3,9.4,6.2
6067,CA,Sacramento,8.7,23.1,14.2,30.9,71.6,6.6,10.2,5.7,70.4,85.2,14.7,61.1,5.6,11.8,61.9,22.5,11.2,30.5,28.5,16.3,15.8,21.9,5.9,33.8,14.2,8.4,9.2,38.9,21.5,71.7,17.4,14.0,29.6,13.6,3.8,7.7,38.0,3.2,11.4,5.3
6069,CA,San Benito,13.9,20.4,17.1,29.9,68.7,6.1,9.2,5.3,69.4,84.8,15.3,59.5,4.7,10.9,63.2,20.2,11.3,31.3,27.2,18.9,14.9,23.0,5.9,34.1,16.5,7.9,9.6,36.3,25.3,74.6,16.6,13.7,31.5,13.8,3.8,7.8,34.6,2.9,10.8,5.8
6071,CA,San Bernardino,14.3,21.5,15.6,31.9,68.8,5.5,9.9,5.6,69.6,83.6,16.4,54.3,5.2,12.3,55.5,19.6,12.1,31.5,30.4,23.1,20.5,25.6,5.7,34.0,18.7,9.0,11.5,38.3,26.3,73.9,17.7,14.2,33.3,14.4,4.4,9.1,37.8,3.2,11.4,6.7
6073,CA,San Diego,8.7,19.6,16.7,28.7,68.4,6.8,8.9,5.2,72.6,85.7,13.7,61.4,4.7,10.0,65.8,21.1,10.0,26.7,28.4,15.0,13.5,18.7,5.5,33.4,13.3,7.3,8.2,36.0,20.6,76.3,16.3,11.8,25.3,11.9,3.3,6.3,34.1,2.8,10.1,4.8
6075,CA,San Francisco,6.3,17.6,18.4,27.0,72.2,6.0,8.4,4.9,72.8,87.1,11.3,61.9,3.9,8.8,69.7,19.4,10.2,24.3,27.7,12.1,9.6,16.6,5.2,35.2,9.5,6.0,6.5,37.6,19.2,78.6,13.8,10.2,17.2,10.4,2.7,5.0,32.0,2.6,4.4,4.0
6077,CA,San Joaquin,12.8,20.4,14.1,30.4,70.9,5.8,9.5,5.7,70.7,83.8,15.9,52.5,5.5,12.6,58.5,19.6,12.3,33.0,29.5,21.1,17.9,24.4,6.0,33.7,17.0,8.9,10.7,36.0,26.1,76.6,17.2,15.0,30.7,14.1,4.2,8.6,38.1,3.3,11.9,6.4
6079,CA,San Luis Obispo,7.5,24.0,16.5,31.8,72.6,8.9,9.9,6.4,72.1,85.4,14.2,64.8,5.8,10.2,68.9,22.8,10.0,29.5,24.4,12.6,11.2,18.7,6.9,34.1,10.5,7.8,7.5,34.7,20.1,76.6,16.7,13.1,26.1,13.0,3.4,5.7,30.7,3.3,6.7,4.6
6081,CA,San Mateo,6.6,20.2,14.6,29.2,73.1,6.8,8.5,5.2,71.6,88.2,10.7,63.9,4.0,8.0,68.2,18.1,10.6,24.2,26.3,11.5,8.4,17.0,5.4,37.4,9.3,5.9,6.1,34.4,20.2,79.3,13.1,11.0,22.3,10.9,2.7,4.5,28.3,2.7,7.6,4.0
6083,CA,Santa Barbara,11.7,21.8,16.9,30.4,70.0,6.9,9.7,6.0,70.6,83.4,15.9,61.8,5.6,10.7,65.3,21.7,10.8,32.9,25.6,17.7,15.4,22.3,6.6,32.4,14.4,8.7,9.6,36.4,24.1,71.4,17.2,14.4,26.1,13.8,3.9,7.4,31.3,3.2,11.7,5.9
6085,CA,Santa Clara,6.8,16.6,12.9,27.0,71.0,5.7,7.9,4.5,71.2,86.5,10.6,58.7,3.5,8.1,66.9,17.8,10.5,23.9,28.5,11.6,8.4,16.1,4.9,34.2,9.8,5.5,6.4,38.4,22.2,78.7,13.7,9.9,21.9,10.1,2.5,4.6,31.7,2.4,7.2,3.8
6087,CA,Santa Cruz,8.7,21.7,17.5,30.5,72.5,8.0,9.8,5.9,71.4,85.4,14.0,64.0,5.4,10.0,65.7,22.8,10.2,29.2,23.5,13.5,11.6,19.7,6.3,34.9,11.4,7.7,7.9,35.3,20.7,77.9,16.7,13.1,25.8,13.0,3.5,6.1,32.4,3.1,7.9,4.8
6089,CA,Shasta,7.1,27.8,17.1,35.9,73.5,9.5,10.8,7.3,73.8,85.9,15.4,61.7,7.6,13.8,65.2,24.3,11.7,33.4,24.9,14.0,14.5,21.9,7.7,39.0,11.6,9.2,8.2,34.8,22.2,73.4,18.6,16.0,29.3,15.0,4.1,6.8,37.0,3.9,8.6,5.2
6091,CA,Sierra,7.5,34.5,13.4,42.8,79.2,12.0,10.6,10.3,77.2,88.8,15.2,66.4,10.2,15.1,64.7,23.2,15.3,38.5,23.5,15.1,16.8,26.1,10.4,42.2,11.2,10.4,8.1,32.1,27.3,78.4,16.8,21.0,32.5,17.5,5.4,7.0,32.6,5.2,14.1,6.6
6093,CA,Siskiyou,7.6,31.9,14.8,39.4,77.4,11.0,11.0,9.2,75.9,87.4,15.6,62.7,9.1,14.4,62.2,24.0,13.9,37.3,24.1,15.2,16.3,24.5,9.4,40.1,11.9,10.1,8.6,32.6,25.8,73.8,17.6,19.2,31.8,16.6,4.9,7.2,33.4,4.7,9.9,6.1
6095,CA,Solano,9.1,22.4,15.1,33.3,72.1,6.9,10.1,5.8,72.6,86.4,14.1,60.5,5.3,11.3,62.1,19.4,12.1,30.0,28.6,16.5,14.5,21.2,5.9,35.6,14.0,7.9,8.9,36.5,25.1,77.1,16.6,13.8,31.3,13.2,3.7,7.4,37.3,3.3,9.6,5.2
6097,CA,Sonoma,8.4,24.5,15.6,31.6,73.8,9.0,9.8,6.4,73.2,87.4,13.3,62.8,5.8,10.6,69.5,22.9,10.7,29.3,23.6,12.5,11.1,18.9,6.7,34.9,11.0,7.6,7.2,31.6,21.2,77.0,15.8,14.0,26.1,13.1,3.5,5.7,32.8,3.3,7.8,4.7
6099,CA,Stanislaus,14.0,23.0,17.1,31.8,69.8,6.2,10.0,6.1,71.0,83.2,17.1,56.4,6.1,13.4,59.8,20.9,11.9,35.9,28.1,21.1,19.5,25.5,6.6,34.6,17.8,9.6,11.2,35.2,30.3,77.3,18.8,16.1,36.4,15.5,4.5,9.2,35.1,3.4,15.4,6.7
6101,CA,Sutter,11.9,23.3,14.6,33.3,71.5,6.9,10.0,6.8,71.4,83.7,16.7,54.4,6.8,13.9,55.1,21.5,12.8,34.2,28.8,20.7,19.1,25.4,7.1,36.1,15.9,9.7,10.6,37.5,27.7,72.4,17.9,16.3,29.5,15.3,4.6,8.3,35.9,3.7,16.2,6.6
6103,CA,Tehama,10.8,28.0,15.5,35.9,73.9,9.0,10.7,8.1,72.5,84.9,17.2,59.7,8.4,15.1,59.0,24.1,13.0,36.0,25.5,18.8,19.1,25.9,8.4,36.5,15.0,10.5,10.1,34.7,27.4,72.8,18.8,18.2,31.6,16.6,5.1,8.5,34.9,4.3,11.5,6.7
6105,CA,Trinity,7.0,35.2,13.8,43.7,79.0,11.8,11.0,11.0,77.0,87.7,16.4,63.4,11.3,16.9,60.5,24.8,15.9,40.1,24.0,16.8,19.7,27.4,11.0,42.5,12.2,11.5,9.3,32.3,28.4,73.2,18.1,22.2,33.3,18.3,5.9,7.9,33.0,5.7,15.8,7.2
6107,CA,Tulare,18.2,20.3,16.1,31.2,68.6,5.5,10.0,6.2,67.9,81.2,18.8,49.6,6.1,14.0,52.7,22.3,13.1,36.4,28.9,27.4,25.4,29.4,6.6,34.0,22.1,10.5,13.7,36.8,32.6,73.7,19.0,17.0,35.0,16.4,5.3,11.4,34.9,3.4,15.2,8.2
6109,CA,Tuolumne,7.0,29.1,15.7,36.8,76.5,10.9,10.3,8.0,76.1,88.0,14.2,67.6,7.6,12.3,66.6,23.6,12.1,32.7,23.5,12.3,12.2,20.8,8.4,39.0,10.3,8.5,7.2,31.5,23.0,77.2,16.8,16.3,29.0,14.8,4.0,5.9,34.1,4.1,8.0,5.0
6111,CA,Ventura,10.3,21.1,15.7,30.7,71.3,7.3,9.5,5.8,73.8,86.9,14.0,62.0,5.2,10.4,65.0,20.6,11.4,30.2,24.0,15.3,12.9,21.9,6.3,36.1,13.4,7.7,8.2,33.2,23.6,75.2,16.2,13.7,25.7,13.2,3.7,6.4,33.5,3.1,10.9,5.2
6113,CA,Yolo,8.9,19.0,17.3,26.0,68.7,5.8,9.8,4.9,70.5,81.9,15.4,60.8,4.7,9.8,61.2,23.6,9.3,29.2,26.6,16.3,14.0,19.7,5.4,31.2,13.1,8.1,9.4,36.8,22.4,71.7,17.9,11.7,25.7,12.2,3.3,6.9,30.4,2.7,15.5,5.1
6115,CA,Yuba,11.0,22.4,16.7,30.9,69.4,6.5,10.4,6.0,70.0,82.6,17.3,58.5,6.5,14.5,56.7,23.7,11.3,33.5,28.5,20.2,19.5,23.7,6.4,33.5,16.8,9.6,10.9,37.0,26.0,76.0,19.4,14.8,30.8,15.0,4.3,9.1,35.5,3.4,14.6,6.1
8001,CO,Adams,17.2,20.0,16.9,27.3,66.9,6.1,11.0,4.7,70.1,83.3,15.7,55.1,5.1,13.4,57.2,20.7,9.7,29.4,,14.8,,18.8,6.0,31.0,,7.5,,,22.8,64.9,17.1,11.2,33.2,12.5,3.4,,34.2,2.6,12.0,5.2
8003,CO,Alamosa,18.0,23.6,16.3,29.0,70.8,6.7,11.0,6.2,69.5,80.9,17.9,58.4,6.4,12.7,54.8,22.6,11.3,33.8,,14.8,,21.9,7.7,31.9,,9.3,,,23.9,69.1,18.1,14.1,30.3,14.6,4.3,,32.9,3.4,11.8,6.9
8005,CO,Arapahoe,11.5,22.2,18.0,27.8,71.0,7.6,10.5,4.9,70.2,85.6,13.3,61.7,4.9,10.5,64.4,21.7,8.5,25.5,,14.8,,15.4,6.0,30.3,,6.4,,,18.0,72.9,15.9,9.6,26.1,11.5,2.9,,32.6,2.7,8.4,4.2
8007,CO,Archuleta,9.6,31.9,15.0,35.4,77.4,11.5,10.9,7.9,75.3,89.1,13.0,69.0,7.7,12.0,67.3,21.2,11.7,30.2,,14.8,,17.8,9.0,38.2,,7.3,,,19.7,69.0,14.3,14.2,27.6,14.1,3.7,,27.8,3.9,7.1,4.8
8009,CO,Baca,12.8,33.9,14.8,37.8,76.8,10.9,11.9,9.6,74.1,84.9,17.6,61.7,10.7,16.9,53.5,24.2,13.4,38.0,,14.8,,23.8,11.1,37.7,,10.8,,,26.0,64.7,17.7,18.8,29.9,17.2,5.4,,33.8,5.0,10.9,7.0
8011,CO,Bent,22.1,28.3,16.4,36.9,71.6,7.8,10.8,9.2,69.5,79.2,20.2,51.9,10.1,20.0,49.6,22.0,14.7,40.7,,14.8,,28.7,10.6,35.2,,11.6,,,29.9,64.2,18.3,19.1,33.7,17.8,6.4,,34.8,4.9,22.8,9.2
8013,CO,Boulder,7.8,20.7,18.8,21.9,69.1,8.2,10.3,4.8,69.3,85.0,12.6,65.1,4.7,8.8,70.6,23.3,7.1,22.5,,14.8,,12.6,5.9,29.9,,5.9,,,12.1,72.5,15.2,8.4,16.7,10.5,2.5,,24.1,2.5,8.2,3.5
8014,CO,Broomfield,7.8,22.0,18.2,24.5,70.1,8.2,10.3,4.4,71.6,87.0,11.3,65.9,4.2,8.7,71.4,21.4,7.1,22.4,,14.8,,11.7,5.6,31.6,,5.2,,,13.5,76.0,14.4,8.1,22.3,10.0,2.2,,30.3,2.3,6.2,3.0
8015,CO,Chaffee,9.3,29.2,16.2,32.3,75.2,10.5,10.8,7.1,73.8,87.3,13.2,67.7,7.1,12.1,62.1,21.6,10.2,28.6,,14.8,,16.7,8.2,35.6,,7.1,,,18.0,71.3,14.9,12.7,25.7,13.1,3.4,,29.6,3.6,14.8,4.4
8017,CO,Cheyenne,11.1,29.9,16.0,33.8,75.1,10.2,11.3,7.6,73.8,86.4,15.1,63.8,8.0,13.9,64.2,22.8,11.3,32.1,,14.8,,19.1,8.9,36.4,,8.4,,,21.2,72.2,16.5,14.6,28.8,14.6,4.0,,29.7,3.9,13.6,5.2
8019,CO,Clear Creek,7.3,26.7,18.0,30.3,74.3,10.4,10.6,6.1,74.4,88.8,11.5,69.1,5.7,10.1,70.0,21.3,9.0,25.3,,14.8,,13.8,7.1,34.6,,5.8,,,15.2,74.2,13.9,10.5,23.9,11.7,2.7,,27.9,3.0,5.7,3.5
8021,CO,Conejos,18.8,26.9,15.1,32.9,74.3,7.9,10.4,7.5,72.7,84.7,16.2,57.5,6.9,13.0,55.7,20.5,13.8,34.9,,14.8,,23.5,8.9,35.7,,8.7,,,26.0,67.6,16.0,16.2,30.3,15.6,4.7,,32.3,3.9,11.7,7.3
8023,CO,Costilla,19.6,31.2,13.1,38.1,77.9,9.1,10.4,9.4,75.1,86.7,15.9,59.6,8.4,13.5,50.4,19.5,17.0,37.6,,14.8,,26.2,10.6,38.9,,9.4,,,28.7,66.7,15.0,19.4,31.6,17.1,5.7,,33.0,4.8,16.6,8.6
8025,CO,Crowley,21.1,22.5,19.5,31.0,65.9,6.2,10.1,6.4,66.3,78.2,18.6,50.0,7.1,18.0,48.0,20.5,11.0,35.1,,14.8,,23.7,7.9,31.4,,9.0,,,25.2,65.7,17.9,13.7,31.7,15.0,4.5,,35.7,3.5,24.6,6.6
8027,CO,Custer,7.6,35.3,14.0,38.2,79.1,12.9,11.2,8.8,77.8,89.9,12.8,68.8,8.6,12.2,65.8,22.0,12.4,31.8,,14.8,,17.9,9.9,40.3,,7.6,,,19.6,72.2,14.4,15.3,26.6,14.6,3.9,,29.2,4.4,8.4,4.8
8029,CO,Delta,11.9,33.5,14.8,37.5,76.9,11.2,11.4,8.8,74.1,86.4,15.5,64.5,9.2,14.5,60.3,23.6,12.4,34.9,,14.8,,21.2,10.1,38.2,,9.0,,,22.9,66.8,16.2,16.4,26.7,15.8,4.4,,32.3,4.5,10.1,5.8
8031,CO,Denver,12.5,18.3,25.6,21.7,65.4,6.0,10.3,4.1,69.6,84.0,13.5,61.7,4.2,10.3,61.0,22.7,7.1,24.9,,14.8,,14.3,5.2,28.2,,6.3,,,17.0,73.8,15.2,8.9,21.6,10.8,2.7,,29.2,2.3,10.9,4.1
8033,CO,Dolores,10.2,30.2,16.6,35.1,74.5,10.2,11.2,7.9,73.5,85.8,15.3,63.8,8.3,14.9,63.0,22.7,11.5,32.8,,14.8,,19.3,9.2,36.2,,8.4,,,21.1,69.4,16.6,14.8,27.3,14.8,4.1,,30.5,4.1,11.4,5.3
8035,CO,Douglas,6.3,22.3,18.5,25.8,70.2,8.5,10.5,4.3,74.6,88.4,10.7,66.5,4.0,7.8,74.9,21.1,6.8,21.2,,14.8,,11.1,5.4,31.4,,4.9,,,13.7,77.4,14.2,7.8,25.3,9.6,2.1,,26.6,2.2,5.8,2.8
8037,CO,Eagle,11.3,22.4,19.4,25.2,69.7,7.9,10.3,5.1,71.6,86.7,12.8,63.3,5.0,10.3,66.3,20.4,8.5,25.2,,14.8,,14.6,6.2,31.4,,6.1,,,16.3,70.8,14.7,9.8,24.3,11.5,2.8,,28.7,2.6,10.8,4.0
8039,CO,Elbert,7.9,27.2,17.5,29.9,72.9,9.7,11.1,5.9,73.8,88.0,12.7,68.0,5.9,11.2,67.4,21.7,8.9,25.8,,14.8,,14.4,6.9,34.4,,6.3,,,16.2,70.6,15.2,10.7,24.8,12.2,2.9,,30.3,3.0,5.4,3.6
8041,CO,El Paso,9.5,23.0,17.0,28.1,68.1,7.5,11.6,4.9,73.7,84.6,14.8,62.5,5.2,10.7,64.4,25.4,8.7,30.0,,14.8,,16.0,6.4,33.1,,6.8,,,18.8,70.7,17.8,11.1,28.3,12.7,2.8,,34.6,2.7,7.3,3.9
8043,CO,Fremont,13.4,29.3,16.8,32.6,74.0,9.4,11.0,7.6,71.9,84.2,16.1,61.2,8.2,15.5,57.9,23.2,11.4,33.7,,14.8,,20.8,8.8,34.7,,8.6,,,22.9,69.3,16.9,15.0,30.6,15.3,4.1,,33.9,3.9,23.0,5.5
8045,CO,Garfield,13.8,24.0,18.2,27.2,69.8,7.8,10.7,5.5,70.9,84.4,14.6,61.5,5.8,12.2,64.3,21.1,8.9,28.1,,14.8,,17.1,6.7,32.0,,7.1,,,18.6,73.8,16.2,11.3,24.0,12.9,3.2,,26.6,2.9,11.1,4.6
8047,CO,Gilpin,7.3,27.6,17.4,31.1,73.5,10.0,11.0,6.2,74.1,88.9,12.1,64.6,6.1,11.4,66.9,21.9,9.6,26.3,,14.8,,14.9,7.0,34.7,,6.3,,,16.2,70.8,14.7,11.2,25.5,12.5,3.1,,30.4,3.1,6.7,3.8
8049,CO,Grand,8.6,27.2,17.5,29.8,72.1,9.6,10.8,6.2,72.8,86.9,13.0,66.0,6.2,11.8,68.1,22.6,9.1,27.0,,14.8,,15.3,7.2,34.5,,6.5,,,16.6,71.2,15.6,11.0,24.3,12.4,3.0,,29.6,3.1,5.6,3.8
8051,CO,Gunnison,7.4,21.2,20.5,24.2,68.7,7.7,10.8,4.6,70.2,84.0,12.9,62.2,4.6,9.6,69.9,23.3,7.1,24.1,,14.8,,12.4,5.8,29.5,,5.9,,,14.2,69.9,16.1,8.4,23.8,10.4,2.4,,27.4,2.3,12.5,3.2
8053,CO,Hinsdale,6.0,31.8,15.2,34.1,78.5,13.4,10.4,7.5,78.1,91.1,10.2,71.7,6.0,8.4,70.0,20.2,10.0,26.8,,14.8,,13.2,8.9,38.3,,5.6,,,15.0,74.5,12.5,11.5,23.5,11.8,2.7,,28.0,3.5,5.5,3.4
8055,CO,Huerfano,13.4,33.1,14.0,37.6,78.6,11.3,10.8,9.1,76.0,88.3,14.4,66.0,8.6,12.9,59.0,20.6,13.9,35.3,,14.8,,21.5,10.5,40.2,,8.5,,,23.7,69.8,14.7,17.2,27.5,15.7,4.6,,30.4,4.6,11.8,6.3
8057,CO,Jackson,13.0,33.8,14.8,38.8,76.9,11.1,11.5,9.6,74.4,86.3,16.4,60.2,10.6,16.9,57.4,23.0,13.9,36.0,,14.8,,23.4,10.6,38.8,,9.9,,,25.2,68.9,16.6,18.1,30.0,17.0,5.3,,31.1,4.9,11.6,6.7
8059,CO,Jefferson,8.4,25.0,20.0,27.7,69.7,8.6,11.2,5.1,73.2,87.3,12.5,65.9,5.0,9.9,67.9,23.1,8.3,24.7,,14.8,,13.3,6.3,33.3,,5.8,,,13.3,73.9,14.8,9.3,23.1,10.8,2.6,,30.2,2.6,4.6,3.5
8061,CO,Kiowa,10.1,33.0,15.2,36.1,77.3,11.8,11.4,8.7,75.2,87.2,15.1,60.6,8.9,13.8,56.0,23.2,11.8,34.5,,14.8,,19.5,10.2,37.5,,8.8,,,21.7,64.7,16.3,16.1,27.1,15.3,4.1,,31.0,4.4,12.8,5.3
8063,CO,Kit Carson,13.2,29.4,16.1,33.3,74.6,9.8,11.5,7.7,71.9,85.0,16.2,61.6,8.3,14.5,62.5,23.3,11.4,34.1,,14.8,,20.6,9.1,35.3,,9.0,,,22.9,67.3,17.3,15.4,29.4,15.4,4.2,,31.5,4.0,19.4,5.7
8065,CO,Lake,11.9,21.7,19.7,26.4,69.2,7.4,10.2,4.9,70.0,85.5,13.1,60.6,4.7,10.2,68.9,21.6,8.4,25.1,,14.8,,14.9,6.1,31.3,,6.0,,,17.0,71.4,15.1,9.5,23.9,11.4,2.7,,29.5,2.5,8.1,4.0
8067,CO,La Plata,8.6,27.0,18.5,28.6,72.8,9.6,11.1,6.2,73.1,86.8,13.2,62.6,6.2,11.7,69.0,21.9,9.3,27.7,,14.8,,15.2,7.4,33.2,,6.9,,,16.1,71.6,15.6,11.4,20.9,12.5,3.1,,27.5,3.2,7.1,4.2
8069,CO,Larimer,8.6,22.7,19.5,25.6,71.0,8.5,11.2,5.1,69.8,84.1,13.9,64.0,5.2,9.6,68.5,24.8,7.3,26.6,,14.8,,13.5,6.3,30.3,,6.5,,,13.9,68.5,16.6,9.4,23.5,11.5,2.6,,26.6,2.6,7.4,3.6
8071,CO,Las Animas,16.8,30.6,14.5,35.5,76.0,9.5,10.8,8.5,73.0,85.6,16.0,61.8,8.2,13.7,55.6,21.7,13.7,36.6,,14.8,,23.0,9.9,36.4,,9.0,,,26.0,69.8,16.0,17.3,32.5,16.0,4.8,,33.9,4.4,15.3,6.9
8073,CO,Lincoln,14.5,27.3,17.3,32.6,71.7,8.8,10.9,7.3,70.3,83.1,16.6,60.4,7.9,15.5,57.5,21.6,10.8,33.3,,14.8,,20.7,8.7,33.7,,8.8,,,23.4,66.9,17.2,14.4,29.8,14.7,4.2,,31.6,3.8,14.3,5.7
8075,CO,Logan,14.7,27.4,16.8,33.6,71.2,8.7,11.4,7.5,70.5,82.0,17.5,60.8,8.4,16.0,56.8,23.6,11.2,34.2,,14.8,,21.4,8.9,33.9,,9.5,,,23.5,68.4,18.1,15.1,29.7,15.2,4.4,,33.7,4.0,18.1,6.1
8077,CO,Mesa,11.0,28.2,16.5,31.1,71.9,9.6,11.4,6.7,72.0,85.0,14.9,64.8,7.0,12.7,63.1,23.4,9.8,30.6,,14.8,,17.6,8.1,31.8,,7.8,,,20.0,68.1,16.6,13.0,29.8,14.1,3.5,,29.4,3.5,13.9,4.7
8079,CO,Mineral,6.9,31.0,15.8,34.3,76.8,11.8,10.7,7.3,76.2,89.5,11.6,70.3,6.9,10.5,65.5,21.5,10.5,27.7,,14.8,,15.1,8.4,37.5,,6.4,,,16.6,75.9,13.8,12.3,25.7,12.6,3.2,,29.5,3.6,8.5,4.0
8081,CO,Moffat,12.8,27.6,17.2,32.3,71.2,8.6,11.4,7.0,70.7,83.5,16.7,62.4,7.9,15.6,55.5,24.1,10.8,33.0,,14.8,,19.9,8.2,34.8,,8.8,,,22.1,66.2,17.9,14.0,28.5,15.0,4.1,,33.0,3.7,16.1,5.5
8083,CO,Montezuma,10.8,30.4,14.8,33.9,75.6,10.4,11.8,7.8,73.6,86.4,15.3,63.7,8.3,14.7,60.3,23.6,11.8,34.7,,14.8,,19.8,9.3,35.1,,8.6,,,22.0,67.3,16.6,15.3,28.4,15.0,4.0,,29.8,4.1,12.6,5.5
8085,CO,Montrose,12.6,30.8,15.0,34.1,77.0,10.7,11.1,8.0,73.3,86.9,14.9,62.7,8.0,13.4,62.8,22.4,11.5,32.7,,14.8,,20.2,9.3,36.4,,8.3,,,21.6,71.6,15.7,15.0,27.5,14.8,4.0,,29.8,4.1,15.6,5.4
8087,CO,Morgan,17.9,25.7,16.4,31.6,70.4,7.8,11.1,6.6,70.3,83.3,16.8,57.7,6.9,13.8,58.4,21.7,10.9,33.1,,14.8,,21.2,7.9,33.5,,8.6,,,23.3,68.4,17.4,13.7,32.1,14.7,4.1,,32.2,3.5,12.0,6.0
8089,CO,Otero,18.8,29.8,15.5,35.6,74.9,8.7,11.3,8.5,72.6,83.5,17.9,58.3,9.0,15.3,49.7,22.5,14.5,37.5,,14.8,,25.3,10.0,36.7,,10.4,,,27.6,63.7,17.6,18.3,34.6,17.1,5.5,,34.5,4.6,19.5,8.1
8091,CO,Ouray,6.2,31.2,15.1,34.0,77.6,12.5,10.6,7.0,77.6,91.0,10.5,69.4,6.2,9.1,70.1,21.1,10.0,26.0,,14.8,,13.7,8.2,38.5,,5.7,,,15.3,72.5,12.9,11.5,23.3,12.0,2.8,,28.1,3.4,6.5,3.5
8093,CO,Park,7.3,30.3,17.3,32.7,75.6,10.7,10.9,6.7,74.9,89.3,12.0,66.6,6.5,11.3,67.9,21.1,10.2,26.6,,14.8,,15.0,7.6,37.0,,6.3,,,16.0,73.5,14.4,11.6,23.5,12.7,3.1,,28.0,3.3,5.3,3.8
8095,CO,Phillips,14.6,29.6,15.5,34.1,74.8,9.7,11.2,8.0,72.5,84.9,16.2,59.1,8.3,14.3,57.2,22.7,11.9,34.1,,14.8,,21.5,9.5,35.5,,9.2,,,24.0,68.0,16.8,15.9,28.9,15.4,4.5,,32.8,4.2,12.7,6.3
8097,CO,Pitkin,6.9,26.0,18.1,28.8,73.8,10.5,10.2,5.8,74.2,89.2,10.6,67.0,4.9,8.3,73.2,20.4,8.4,24.0,,14.8,,12.4,6.9,34.4,,5.2,,,13.7,76.1,13.3,9.4,20.7,10.7,2.4,,24.8,2.8,7.2,3.2
8099,CO,Prowers,18.3,27.6,16.0,32.5,73.1,8.2,11.1,7.6,70.4,82.9,17.8,59.9,8.1,15.0,54.2,22.4,12.6,35.3,,14.8,,23.3,8.9,34.4,,9.6,,,26.3,66.3,17.6,16.1,29.2,15.9,4.8,,33.0,4.0,16.6,7.0
8101,CO,Pueblo,16.3,28.8,16.1,32.2,73.5,8.1,11.1,6.9,72.9,84.9,16.6,58.3,7.2,13.9,59.1,22.6,12.3,35.2,,14.8,,22.0,8.3,32.1,,8.6,,,26.8,68.8,17.3,15.0,32.1,15.2,4.3,,36.7,3.7,15.4,6.3
8103,CO,Rio Blanco,9.9,27.0,17.6,31.1,72.9,9.2,11.2,6.5,72.3,85.5,14.7,63.9,6.8,13.1,61.5,23.6,9.6,30.1,,14.8,,17.0,7.7,33.5,,7.5,,,18.9,69.3,16.9,12.3,26.7,13.4,3.3,,32.3,3.3,14.2,4.4
8105,CO,Rio Grande,15.9,28.4,15.5,33.4,75.0,9.0,10.6,7.4,73.5,85.9,15.1,61.7,7.1,12.5,62.9,21.0,12.2,33.3,,14.8,,20.9,8.7,35.8,,8.2,,,23.2,72.1,15.6,15.0,27.7,14.7,4.2,,30.1,3.8,13.8,6.1
8107,CO,Routt,7.5,24.7,18.6,27.9,72.2,9.5,10.6,5.5,72.8,87.6,12.0,65.9,5.4,10.2,68.4,21.8,8.3,25.2,,14.8,,13.5,6.6,33.7,,5.8,,,15.3,72.9,14.8,9.8,23.7,11.5,2.6,,26.6,2.8,6.0,3.4
8109,CO,Saguache,15.8,32.0,13.6,38.3,77.1,10.2,11.1,9.3,75.0,86.8,15.8,63.5,9.3,14.6,54.8,21.0,15.1,36.5,,14.8,,24.2,10.3,39.4,,9.5,,,25.9,68.8,15.7,18.5,29.1,16.7,5.3,,32.1,4.7,22.1,7.4
8111,CO,San Juan,8.3,28.2,17.1,32.4,74.6,10.3,10.4,6.9,74.2,88.4,12.2,60.8,6.2,11.2,63.2,21.5,10.2,27.8,,14.8,,15.5,8.2,35.3,,6.5,,,17.4,70.3,14.3,11.8,26.4,12.5,3.2,,31.0,3.4,13.5,4.2
8113,CO,San Miguel,7.3,25.1,18.1,28.7,72.4,9.3,10.5,5.7,73.4,87.9,11.5,62.9,5.3,9.8,66.9,21.9,8.7,24.2,,14.8,,13.5,6.6,33.7,,5.7,,,14.9,71.4,14.3,9.7,26.3,11.2,2.7,,27.7,2.8,7.5,3.5
8115,CO,Sedgwick,12.0,33.6,14.2,37.8,78.2,11.8,11.1,9.3,75.8,87.6,14.8,64.4,9.1,13.6,57.0,21.9,13.0,34.9,,14.8,,21.0,10.7,38.2,,8.9,,,23.1,69.1,15.6,17.0,28.0,15.7,4.5,,31.3,4.7,14.3,6.0
8117,CO,Summit,9.1,22.7,19.3,26.3,69.4,8.2,10.4,5.0,71.6,86.2,12.6,66.3,5.0,10.5,67.1,22.1,7.9,24.5,,14.8,,13.8,6.1,29.9,,5.9,,,15.3,71.8,15.3,9.1,24.4,11.1,2.6,,28.7,2.5,11.2,3.5
8119,CO,Teller,7.6,30.5,15.9,33.4,76.1,11.2,11.0,6.9,75.5,89.2,12.3,69.8,6.8,11.3,67.6,22.0,10.2,27.8,,14.8,,15.3,7.9,37.3,,6.5,,,17.0,74.6,14.4,12.3,24.1,12.9,3.2,,31.2,3.5,13.6,3.9
8121,CO,Washington,10.8,29.4,16.6,32.6,74.2,10.2,11.1,7.4,72.6,86.0,14.9,63.6,7.6,13.4,63.6,22.6,10.5,31.7,,14.8,,18.3,8.8,35.7,,8.0,,,20.2,70.3,16.4,13.8,26.4,14.1,3.7,,30.0,3.8,13.9,4.9
8123,CO,Weld,13.7,21.5,19.1,27.8,68.4,7.1,10.7,5.1,67.6,83.1,15.7,58.6,5.5,12.7,62.9,22.1,9.5,29.6,,14.8,,16.9,6.3,31.1,,7.3,,,20.6,72.7,17.2,10.9,33.8,12.8,3.2,,33.6,2.7,10.6,4.6
8125,CO,Yuma,15.7,27.1,16.8,31.4,72.6,9.1,11.1,7.2,71.5,84.2,16.3,59.1,7.8,13.9,57.7,22.3,10.9,33.8,,14.8,,20.8,8.6,34.2,,8.8,,,22.7,68.6,16.9,14.6,28.4,14.8,4.1,,32.3,3.8,11.9,5.8
9110,CT,Capitol,9.8,25.0,15.4,32.5,76.4,8.3,11.9,5.7,81.8,89.4,13.1,72.3,5.6,11.1,69.9,21.8,11.0,26.0,25.7,16.6,12.8,16.8,5.8,39.1,13.0,7.3,8.8,33.7,25.1,81.4,16.7,11.5,31.9,12.4,3.5,8.8,36.8,3.2,9.3,4.9
9120,CT,Greater Bridgeport,14.1,21.7,15.4,30.6,77.2,7.4,10.5,5.5,78.0,88.6,12.6,69.9,5.4,10.7,68.8,17.8,10.3,25.2,27.7,20.0,15.6,18.1,5.5,37.4,16.4,7.8,10.4,35.5,27.6,78.0,15.7,11.5,28.1,12.6,4.1,10.7,36.6,3.4,10.3,5.9
9130,CT,Lower Connecticut River Valley,6.4,27.9,16.0,33.5,77.7,9.9,10.7,6.1,82.8,90.9,11.0,74.1,5.6,9.8,75.7,22.4,9.4,22.4,21.4,9.3,7.8,13.5,6.3,38.9,8.6,6.3,6.0,28.2,21.0,79.4,14.6,10.0,29.0,11.7,3.0,5.9,31.9,3.2,8.2,3.8
9140,CT,Naugatuck Valley,10.3,26.3,15.1,33.3,76.3,8.9,11.1,6.3,80.4,89.5,12.8,72.1,6.2,11.8,68.9,21.1,10.6,26.8,25.4,15.2,12.4,17.0,6.3,39.5,13.2,7.4,8.5,33.5,26.7,78.7,16.2,12.4,32.5,13.3,3.8,9.0,36.4,3.4,11.1,5.1
9150,CT,Northeastern Connecticut,7.6,27.2,16.4,35.1,76.8,9.3,11.4,6.4,80.0,89.2,13.3,72.2,6.8,13.2,69.7,23.9,10.3,28.1,24.3,12.2,9.7,16.6,6.8,37.8,10.1,7.5,7.1,31.6,26.3,75.0,17.2,12.3,33.3,13.9,3.5,6.9,37.6,3.4,12.4,4.3
9160,CT,Northwest Hills,7.1,29.3,15.4,32.4,78.8,10.7,11.0,6.6,81.6,91.1,11.4,72.1,6.5,10.9,71.6,21.6,10.0,25.4,23.2,10.4,8.1,15.6,6.9,40.5,8.7,6.8,6.2,29.8,23.4,78.0,15.2,11.9,28.2,13.3,3.3,5.9,32.0,3.4,9.8,4.1
9170,CT,South Central Connecticut,10.1,24.6,14.5,32.8,75.2,8.1,10.9,5.9,80.2,88.9,12.6,73.1,5.6,10.8,68.9,20.4,10.4,26.0,25.5,15.7,13.1,16.3,5.7,38.2,14.0,7.2,9.0,34.4,26.5,80.0,16.1,11.7,33.4,12.6,3.6,9.6,37.2,3.2,11.1,5.1
9180,CT,Southeastern Connecticut,9.6,26.6,15.3,34.4,76.0,8.7,11.7,6.1,80.7,88.5,14.0,72.4,6.3,10.8,70.4,23.1,10.0,29.0,24.2,14.2,11.6,17.7,6.4,36.2,11.8,7.5,8.3,32.4,26.3,78.5,16.6,12.2,32.5,13.5,3.5,8.0,36.9,3.3,10.5,4.8
9190,CT,Western Connecticut,9.9,21.5,16.4,28.2,77.3,8.4,9.8,5.0,78.4,90.4,10.1,72.4,4.6,8.5,74.7,17.7,8.5,21.1,24.2,12.0,8.2,13.6,5.3,38.0,10.4,5.8,6.6,32.6,22.1,78.6,13.9,9.1,24.7,10.9,2.9,6.5,33.3,2.8,7.7,4.0
10001,DE,Kent,9.5,29.1,12.9,39.5,77.8,8.4,12.5,6.6,82.3,86.6,14.6,66.8,7.6,13.5,62.5,22.5,14.3,34.8,23.0,15.9,14.3,21.1,6.7,39.3,13.8,8.8,8.6,35.0,31.6,73.6,17.7,16.5,43.5,14.4,4.0,8.6,39.9,3.8,13.0,5.4
10003,DE,New Castle,8.6,25.5,15.2,35.2,75.6,8.1,10.4,5.9,79.2,87.4,13.0,66.0,6.0,11.6,62.9,21.0,12.2,28.7,22.3,14.0,11.5,17.5,5.7,38.4,12.0,7.4,7.9,31.9,25.5,78.9,15.5,13.4,33.4,12.3,3.4,7.7,35.9,3.4,12.7,4.6
10005,DE,Sussex,9.4,34.2,12.8,43.4,83.5,11.7,10.5,9.1,83.7,89.9,12.1,70.0,9.1,14.0,63.8,20.4,14.2,31.8,19.3,12.4,10.3,19.9,8.9,48.5,9.1,8.1,6.5,29.0,27.9,81.0,13.8,16.5,33.8,14.8,4.1,6.1,32.5,4.4,12.4,5.2
11001,DC,District of Columbia,6.5,17.4,23.4,28.5,71.6,5.6,10.2,3.8,75.8,89.3,12.0,69.4,4.0,9.4,69.0,21.6,7.8,21.6,22.9,13.9,13.0,13.1,3.9,32.8,12.2,6.4,8.0,37.0,14.9,77.4,14.1,9.2,24.7,9.2,2.9,7.8,32.8,2.8,7.3,4.1
12001,FL,Alachua,11.7,21.9,17.2,30.7,74.4,7.1,10.1,5.6,77.3,82.7,15.0,64.3,6.0,11.2,57.7,20.1,10.5,29.9,,14.8,,17.4,6.0,34.5,,8.0,,,21.0,74.6,18.2,11.7,30.9,12.1,3.4,,36.0,3.0,9.9,5.1
12003,FL,Baker,13.4,26.6,16.6,36.7,75.2,8.2,10.3,6.9,76.0,83.8,16.2,62.7,8.3,16.6,51.1,19.6,12.3,33.4,,14.8,,20.1,7.1,38.7,,8.9,,,27.7,76.1,19.0,14.6,35.3,14.9,4.0,,39.5,3.6,12.8,5.4
12005,FL,Bay,12.5,28.7,16.6,37.7,76.6,9.1,10.0,7.3,76.3,85.5,14.6,65.4,7.9,14.6,59.2,20.8,11.9,32.1,,14.8,,19.8,7.4,39.5,,8.4,,,25.3,74.3,17.7,14.7,33.4,14.8,3.9,,38.9,3.7,10.0,5.3
12007,FL,Bradford,15.8,29.6,15.3,38.5,77.8,9.2,10.5,8.6,76.9,83.1,18.0,58.1,10.5,19.3,46.9,20.3,14.4,36.6,,14.8,,25.3,8.5,37.9,,10.9,,,32.0,70.5,19.8,18.3,34.9,17.1,5.4,,41.9,4.6,19.8,7.2
12009,FL,Brevard,11.6,30.0,14.4,38.8,79.1,10.6,9.6,7.9,79.7,88.2,13.0,71.6,7.8,12.5,60.5,18.6,13.1,31.4,,14.8,,18.6,8.1,40.5,,7.7,,,23.8,78.3,15.9,15.1,34.0,14.1,3.7,,33.4,3.9,10.7,5.1
12011,FL,Broward,16.7,23.6,14.0,36.3,78.4,7.6,9.2,6.7,79.5,87.5,13.1,64.3,6.3,11.8,56.4,15.6,13.5,28.9,,14.8,,20.7,6.6,38.2,,7.8,,,26.4,76.3,15.7,14.8,30.6,13.8,4.2,,39.7,3.7,12.4,6.2
12013,FL,Calhoun,16.8,30.5,14.1,40.3,77.2,9.2,10.6,9.2,77.2,82.5,18.2,61.0,11.1,20.2,48.5,19.9,15.2,39.5,,14.8,,26.4,9.2,40.6,,11.3,,,32.7,70.5,19.6,19.6,40.0,17.8,5.6,,40.1,4.8,21.0,7.6
12015,FL,Charlotte,11.4,38.5,12.7,45.1,83.9,14.4,9.5,10.7,83.1,90.8,12.1,70.9,9.7,12.8,61.1,16.2,15.6,35.3,,14.8,,20.1,11.1,46.3,,8.2,,,25.3,76.7,14.3,18.6,30.6,15.8,4.2,,33.2,5.0,15.6,5.7
12017,FL,Citrus,12.4,36.5,12.2,42.6,83.8,13.4,9.7,11.1,81.9,89.0,13.9,68.0,11.1,15.2,59.6,18.4,15.8,37.8,,14.8,,22.9,11.4,46.1,,9.4,,,28.8,75.5,15.9,20.4,32.3,17.1,4.8,,36.4,5.3,16.5,6.5
12019,FL,Clay,11.7,26.2,15.6,36.9,76.8,9.0,9.9,6.6,78.1,86.9,13.7,67.0,7.0,13.5,60.4,18.9,12.2,30.4,,14.8,,17.9,6.9,38.5,,7.6,,,25.4,71.0,17.6,13.4,34.9,13.7,3.5,,39.6,3.4,8.2,4.8
12021,FL,Collier,15.2,31.3,12.3,39.2,83.3,13.3,8.6,9.4,80.5,90.0,11.7,71.0,8.0,10.3,62.9,15.1,13.7,30.8,,14.8,,18.8,10.0,42.3,,7.5,,,24.6,74.2,13.3,16.1,26.6,14.4,3.9,,29.9,4.4,14.3,5.7
12023,FL,Columbia,15.5,31.0,14.2,41.5,78.1,9.3,10.3,8.9,77.9,84.3,16.9,61.3,10.1,18.2,50.0,20.1,15.1,35.5,,14.8,,24.3,8.9,40.6,,10.4,,,31.5,68.0,18.2,18.3,39.7,16.7,5.2,,38.0,4.6,21.9,6.9
12027,FL,DeSoto,26.1,30.7,13.5,42.4,78.8,9.3,10.0,10.7,76.6,82.5,19.6,61.1,12.1,19.6,43.6,18.6,17.6,43.6,,14.8,,31.3,10.9,44.4,,12.3,,,38.6,69.6,18.9,23.1,41.0,19.5,6.6,,39.3,5.5,21.6,9.7
12029,FL,Dixie,16.2,34.7,14.0,43.3,79.7,10.6,10.3,10.6,77.0,84.0,18.0,61.3,12.2,20.0,45.9,20.0,16.1,41.2,,14.8,,26.5,10.5,40.7,,11.1,,,32.4,71.5,19.2,21.0,34.7,18.5,5.7,,40.2,5.3,24.0,7.6
12031,FL,Duval,13.6,25.2,15.2,35.4,75.4,7.4,10.3,6.3,76.4,85.3,14.8,66.8,7.0,13.9,54.9,19.6,12.8,31.0,,14.8,,20.4,6.1,34.1,,8.5,,,27.1,77.8,18.2,14.0,34.3,14.0,4.0,,42.4,3.5,14.6,5.7
12033,FL,Escambia,12.4,27.3,16.0,38.8,76.2,8.6,10.6,7.2,77.1,84.8,15.4,63.6,7.8,14.2,54.6,20.5,12.8,33.7,,14.8,,20.4,7.0,37.5,,9.0,,,26.1,74.7,18.1,15.1,35.8,14.6,4.1,,37.1,3.8,10.6,5.6
12035,FL,Flagler,11.4,33.6,13.1,39.2,82.0,12.1,9.7,9.0,81.4,89.6,12.6,71.3,8.6,12.2,60.1,18.3,13.7,32.6,,14.8,,18.8,9.3,44.6,,7.8,,,24.5,78.1,14.8,16.3,30.6,14.8,4.0,,35.6,4.4,7.1,5.4
12037,FL,Franklin,13.9,32.2,14.4,44.0,80.2,11.3,9.9,9.8,79.4,86.5,15.3,64.9,10.8,16.6,52.9,18.3,15.3,35.6,,14.8,,23.1,10.0,41.2,,9.8,,,29.4,66.8,16.8,18.5,32.3,16.9,5.0,,34.5,4.9,13.1,6.6
12039,FL,Gadsden,18.0,31.2,11.6,44.6,81.5,7.9,11.1,9.3,80.5,85.4,17.5,66.1,11.0,18.6,49.5,16.6,19.2,39.6,,14.8,,28.9,7.9,38.6,,12.5,,,31.4,74.1,18.8,22.3,44.6,17.7,7.3,,38.4,5.9,23.8,10.0
12041,FL,Gilchrist,14.0,29.6,16.2,36.3,78.1,10.2,10.2,8.3,77.1,84.5,16.2,65.7,9.7,17.0,52.2,20.6,12.8,35.5,,14.8,,21.6,8.8,41.1,,9.4,,,27.4,71.4,18.3,16.8,34.5,16.2,4.4,,38.3,4.2,15.8,5.9
12043,FL,Glades,23.7,30.5,14.2,44.0,78.9,9.7,9.8,10.9,77.2,83.4,18.2,61.4,11.7,19.7,44.8,17.6,17.7,40.0,,14.8,,29.6,10.9,42.6,,11.6,,,36.1,66.5,18.2,21.3,37.1,18.8,6.4,,40.7,5.5,23.6,9.2
12045,FL,Gulf,13.0,30.8,16.1,40.5,77.8,10.4,9.8,8.3,77.7,86.4,14.7,66.4,9.1,15.5,54.7,19.5,14.1,34.5,,14.8,,21.3,8.5,40.3,,8.7,,,27.4,74.8,16.8,16.6,35.3,15.6,4.3,,36.4,4.2,14.4,5.6
12047,FL,Hamilton,19.4,31.4,13.9,44.3,78.1,8.6,10.9,9.9,77.9,82.4,19.3,58.2,12.1,20.6,45.1,19.1,17.6,41.8,,14.8,,30.1,9.2,43.2,,12.7,,,32.9,64.7,19.8,21.7,41.5,18.7,6.7,,42.7,5.5,22.5,9.3
12049,FL,Hardee,26.1,27.0,14.4,36.9,76.1,7.8,9.7,8.6,74.9,80.9,19.0,56.1,9.5,17.6,43.0,18.0,15.6,39.1,,14.8,,28.1,9.0,38.7,,11.0,,,33.9,66.7,19.0,18.5,39.9,17.3,5.7,,37.9,4.4,23.2,8.9
12051,FL,Hendry,31.5,23.2,14.4,37.2,74.3,6.2,9.4,8.0,74.4,80.3,19.4,57.7,8.5,17.4,43.3,16.6,16.8,39.0,,14.8,,31.2,8.2,36.3,,11.3,,,38.1,64.3,18.5,19.5,37.6,18.6,6.2,,42.9,4.2,25.9,10.1
12053,FL,Hernando,14.7,31.3,12.8,38.5,81.0,11.1,9.8,8.9,79.1,87.3,14.4,66.4,9.1,14.3,55.6,19.7,14.9,35.6,,14.8,,21.2,9.3,41.8,,8.9,,,27.7,75.1,16.7,17.9,36.1,16.1,4.4,,36.3,4.4,9.7,6.1
12055,FL,Highlands,17.9,37.5,11.5,46.1,83.1,12.9,9.5,11.7,81.9,88.6,14.5,66.1,11.0,14.3,54.7,16.9,18.3,38.3,,14.8,,25.9,11.9,46.5,,10.0,,,33.3,74.0,15.7,21.3,36.7,17.5,5.3,,34.8,5.6,19.7,7.6
12057,FL,Hillsborough,16.1,22.3,16.4,34.4,75.0,7.2,9.4,6.0,76.6,85.6,13.6,64.0,6.0,12.1,57.4,16.6,12.5,29.5,,14.8,,19.2,6.2,39.6,,7.6,,,23.9,78.6,16.4,13.1,31.6,13.1,3.7,,38.4,3.2,10.8,5.7
12059,FL,Holmes,15.1,30.8,15.3,41.0,77.2,9.8,10.4,9.0,76.8,83.1,17.8,59.4,10.9,19.2,48.0,20.8,14.5,39.3,,14.8,,24.9,9.4,43.1,,10.7,,,29.5,71.7,19.5,18.4,36.3,17.1,5.1,,43.8,4.6,20.5,6.9
12061,FL,Indian River,12.2,34.0,12.2,40.0,83.2,13.1,9.1,9.7,82.1,90.1,12.1,71.6,8.8,11.5,61.3,16.6,14.3,32.5,,14.8,,19.4,10.1,42.6,,8.0,,,25.0,74.3,14.1,16.9,26.6,14.9,4.0,,34.4,4.6,8.6,5.6
12063,FL,Jackson,16.5,29.6,14.7,41.9,77.4,9.0,10.3,9.1,77.4,83.8,17.4,64.5,10.3,19.0,45.9,19.3,15.6,38.4,,14.8,,25.7,8.7,38.5,,11.0,,,31.7,78.5,19.0,19.6,38.7,17.1,5.6,,40.4,5.0,22.4,7.5
12065,FL,Jefferson,14.1,30.5,13.9,46.3,79.3,10.0,10.3,9.3,79.5,86.7,15.6,66.0,10.3,17.1,53.9,17.5,16.3,37.1,,14.8,,24.4,9.1,43.2,,10.2,,,28.3,72.1,17.2,19.5,35.1,17.0,5.5,,37.5,5.2,19.4,7.3
12067,FL,Lafayette,18.1,28.3,15.6,39.4,76.5,8.9,10.2,8.8,75.3,81.6,18.5,60.5,10.6,19.3,45.1,19.3,14.6,38.2,,14.8,,26.4,8.9,40.8,,11.1,,,31.6,69.8,19.8,18.5,34.7,17.4,5.3,,39.6,4.5,22.9,7.5
12069,FL,Lake,14.3,30.2,14.1,38.9,80.5,10.9,9.5,8.5,79.9,88.4,13.4,66.5,8.0,12.3,56.3,17.1,14.5,33.0,,14.8,,20.4,8.6,40.6,,8.2,,,26.1,74.9,15.7,16.6,35.3,14.9,4.0,,36.6,4.2,12.6,5.6
12071,FL,Lee,15.7,30.7,13.8,39.6,80.7,11.6,9.2,8.9,80.5,88.6,13.0,66.5,8.2,11.9,60.7,16.9,14.5,32.3,,14.8,,19.7,9.0,41.0,,8.1,,,26.6,76.9,14.8,16.1,30.4,14.6,4.1,,33.8,4.3,11.0,5.8
12073,FL,Leon,11.2,21.6,16.4,32.6,74.1,7.0,10.5,5.5,76.0,83.6,14.5,68.6,5.9,11.3,59.2,18.2,10.6,28.6,,14.8,,17.7,5.6,34.5,,8.0,,,22.6,77.6,18.2,11.7,33.1,12.1,3.4,,39.5,3.0,10.9,5.0
12075,FL,Levy,15.5,33.5,14.4,42.6,79.7,10.8,10.3,9.9,78.9,85.8,16.2,63.3,11.0,17.8,53.1,19.0,16.1,36.9,,14.8,,24.9,9.9,42.2,,10.3,,,30.4,69.6,18.5,19.4,33.8,17.4,5.3,,39.8,5.0,15.2,7.2
12077,FL,Liberty,18.0,27.9,16.0,39.5,75.4,8.1,10.1,8.4,75.4,81.3,17.8,61.7,10.0,19.3,47.3,19.0,14.3,37.6,,14.8,,26.3,8.3,38.2,,10.5,,,31.8,73.8,19.5,17.8,44.5,17.1,5.2,,40.4,4.3,19.7,7.1
12079,FL,Madison,16.6,32.0,13.3,43.9,80.2,9.0,10.9,9.4,79.7,85.1,17.5,63.9,11.1,18.8,45.1,18.6,16.8,38.6,,14.8,,26.4,8.8,41.6,,11.4,,,32.5,78.0,18.7,21.1,38.0,17.7,6.3,,42.6,5.5,18.8,8.3
12081,FL,Manatee,13.4,30.1,14.0,39.5,81.2,11.8,9.1,8.8,80.5,88.9,13.2,70.8,8.3,12.4,58.4,17.4,14.0,34.3,,14.8,,19.8,9.2,42.7,,8.0,,,25.4,76.0,15.1,16.5,32.1,14.5,4.0,,37.8,4.2,10.0,5.5
12083,FL,Marion,15.6,32.1,13.5,40.9,81.8,11.4,9.8,9.7,81.1,87.6,14.6,69.3,9.8,14.8,52.8,19.0,14.9,35.6,,14.8,,22.9,9.7,41.4,,9.4,,,26.6,75.4,16.6,18.9,36.4,16.4,4.8,,38.9,4.8,19.5,6.7
12085,FL,Martin,12.2,32.4,14.4,37.0,83.0,13.3,9.2,9.4,80.2,89.7,12.3,70.7,8.5,11.4,63.3,17.1,13.6,33.0,,14.8,,19.1,9.8,44.8,,7.8,,,23.5,76.4,14.3,16.5,27.0,14.7,3.9,,30.7,4.4,7.6,5.4
12086,FL,Miami-Dade,25.6,20.7,14.6,33.8,77.0,6.1,8.5,6.8,75.9,86.2,14.0,60.3,5.3,11.3,52.6,13.5,15.4,29.6,,14.8,,23.0,6.9,35.8,,7.9,,,32.5,76.5,14.4,15.4,29.5,14.6,4.8,,38.4,3.6,13.5,8.1
12087,FL,Monroe,13.5,27.9,16.3,38.0,80.3,10.7,8.9,7.9,79.3,89.1,12.1,65.7,7.2,12.0,62.0,16.1,13.2,29.9,,14.8,,18.4,8.2,40.9,,7.1,,,23.8,73.7,14.4,14.7,25.8,14.1,3.7,,34.0,3.7,8.8,5.2
12089,FL,Nassau,9.9,28.9,15.3,36.9,80.4,11.3,9.6,7.4,79.4,88.5,12.6,72.8,7.6,12.4,63.7,18.3,11.6,29.4,,14.8,,17.0,7.8,42.0,,7.2,,,20.2,76.9,15.7,14.1,33.7,13.8,3.4,,33.1,3.6,11.0,4.5
12091,FL,Okaloosa,11.7,25.7,17.4,32.7,75.7,8.6,9.6,6.1,76.1,85.8,13.6,68.7,6.6,12.8,60.6,19.1,10.8,29.5,,14.8,,17.2,6.6,34.4,,7.2,,,22.8,73.3,17.4,12.3,30.7,12.9,3.2,,36.7,3.1,11.3,4.5
12093,FL,Okeechobee,21.0,29.4,15.0,41.4,78.5,9.5,9.9,9.4,77.6,84.1,17.3,59.8,10.5,18.2,46.3,19.4,15.6,38.2,,14.8,,27.3,9.6,41.1,,10.7,,,32.0,76.6,18.7,19.6,43.9,18.2,5.5,,40.7,4.7,22.6,7.9
12095,FL,Orange,16.1,20.6,15.0,32.0,74.4,6.4,9.1,5.6,76.2,85.7,14.0,61.2,5.5,11.9,57.2,16.6,11.7,28.3,,14.8,,19.2,5.6,35.7,,7.6,,,24.5,75.6,16.3,12.3,33.5,12.9,3.7,,41.2,3.0,12.7,5.7
12097,FL,Osceola,21.8,21.3,15.2,34.8,74.8,6.3,9.0,5.9,75.6,85.1,14.6,58.3,5.5,11.8,54.5,17.2,13.4,30.0,,14.8,,21.9,6.3,37.6,,7.7,,,28.2,77.6,16.7,13.6,39.8,14.1,4.0,,38.8,3.1,11.6,6.6
12099,FL,Palm Beach,14.6,28.7,12.8,36.3,81.1,10.2,9.2,7.9,79.9,87.9,12.7,67.3,7.1,11.2,59.5,15.3,13.7,31.0,,14.8,,19.4,8.3,38.1,,7.8,,,25.6,77.9,14.4,15.2,26.6,13.5,3.9,,35.5,4.0,12.8,5.7
12101,FL,Pasco,14.5,28.3,15.6,38.2,78.2,9.9,9.7,7.7,77.4,87.0,14.2,66.3,7.8,13.5,60.7,19.1,12.8,33.5,,14.8,,19.4,8.2,40.5,,8.0,,,26.5,76.7,16.4,15.3,31.8,14.6,3.9,,35.9,3.8,14.7,5.5
12103,FL,Pinellas,11.5,30.4,15.3,37.3,79.9,11.3,9.5,8.2,79.5,88.5,13.0,69.1,8.1,12.2,57.5,19.3,13.1,31.7,,14.8,,18.9,8.5,41.8,,7.8,,,23.9,75.0,15.5,15.6,31.5,14.2,3.8,,36.0,4.0,14.6,5.2
12105,FL,Polk,19.2,27.5,15.2,36.2,78.2,8.5,10.0,7.7,77.3,85.0,15.8,61.0,8.0,14.4,52.5,19.2,13.6,36.3,,14.8,,23.4,8.0,40.1,,9.2,,,28.8,72.7,17.8,16.8,40.2,16.0,4.5,,42.4,4.0,14.7,6.7
12107,FL,Putnam,18.0,33.9,13.0,43.4,80.5,10.3,10.8,10.8,78.5,84.0,18.4,63.4,13.0,21.0,46.5,19.6,17.5,40.4,,14.8,,29.5,10.5,42.0,,12.4,,,33.7,73.6,19.4,22.2,33.1,19.3,6.6,,40.2,5.7,23.9,8.9
12109,FL,St. Johns,8.9,27.1,15.9,34.6,78.5,10.6,9.3,6.5,80.7,89.3,10.9,71.8,6.0,10.1,68.7,17.4,10.6,24.8,,14.8,,14.6,6.7,38.2,,6.2,,,18.5,77.1,14.4,11.8,29.2,12.3,2.9,,30.0,3.1,7.4,3.9
12111,FL,St. Lucie,16.0,29.5,13.5,39.9,79.8,10.0,9.9,8.4,78.1,87.7,14.1,65.6,8.3,13.5,56.2,17.0,14.5,33.6,,14.8,,21.4,8.3,40.3,,8.7,,,27.0,75.2,16.4,16.9,31.5,15.3,4.5,,36.6,4.3,11.5,6.4
12113,FL,Santa Rosa,10.8,26.6,17.1,35.3,76.0,9.2,9.6,6.4,78.7,86.5,13.6,69.0,6.8,13.4,59.4,19.3,10.9,29.3,,14.8,,17.3,6.8,37.1,,7.3,,,20.5,73.0,17.2,12.6,32.1,13.5,3.3,,39.6,3.2,7.5,4.4
12115,FL,Sarasota,10.3,34.0,14.0,41.4,84.1,14.1,9.1,9.4,82.8,90.8,11.0,71.6,8.4,10.5,66.0,17.9,13.0,31.2,,14.8,,18.3,10.0,44.2,,7.2,,,23.4,77.2,13.4,16.2,29.2,14.3,3.6,,31.6,4.4,7.6,4.9
12117,FL,Seminole,13.0,22.8,16.1,32.2,76.3,8.1,9.1,5.9,78.1,87.3,12.3,67.1,5.6,10.8,62.1,16.4,11.0,26.7,,14.8,,16.5,6.1,35.5,,6.6,,,21.2,75.8,15.1,11.4,29.5,11.9,3.1,,36.1,3.0,10.6,4.6
12119,FL,Sumter,10.4,41.5,9.9,48.0,87.2,17.8,8.8,12.1,87.0,93.3,10.3,79.1,10.1,9.9,65.9,14.1,16.0,35.6,,14.8,,19.5,12.7,51.4,,7.6,,,25.1,77.5,11.5,19.3,29.5,15.6,4.0,,29.2,5.5,13.4,5.5
12121,FL,Suwannee,16.2,31.1,14.5,40.9,78.0,9.9,10.2,9.3,77.5,84.5,16.7,64.1,10.5,17.9,49.5,19.3,15.0,38.1,,14.8,,24.5,9.3,41.2,,10.3,,,32.3,72.5,18.2,18.8,38.3,17.3,5.2,,42.3,4.7,17.5,7.1
12123,FL,Taylor,15.8,32.0,14.5,44.3,77.9,9.6,10.5,9.7,77.3,84.2,17.7,62.6,11.5,19.2,49.9,19.3,15.9,39.3,,14.8,,26.1,9.5,40.8,,11.3,,,32.4,76.6,19.0,20.4,40.8,17.5,5.7,,40.5,5.1,16.1,7.5
12125,FL,Union,17.3,28.1,16.1,41.0,74.5,8.2,10.3,8.5,74.8,81.9,17.9,60.4,10.0,20.1,47.8,20.2,14.5,38.9,,14.8,,25.7,8.4,39.7,,10.6,,,30.7,69.2,19.5,18.3,41.6,17.0,5.3,,40.0,4.5,15.2,7.2
12127,FL,Volusia,13.9,28.8,14.4,39.1,80.3,10.6,10.0,8.3,79.4,87.0,14.0,69.4,8.4,13.7,60.5,19.1,13.5,33.7,,14.8,,20.7,8.4,40.6,,8.5,,,25.5,74.3,16.7,15.9,32.7,15.0,4.1,,33.4,4.1,14.3,5.7
12129,FL,Wakulla,12.8,27.5,16.3,37.4,77.1,9.0,10.0,6.9,76.4,85.7,15.1,67.6,7.8,15.3,56.9,18.0,12.6,32.7,,14.8,,19.7,6.9,38.6,,8.1,,,27.2,78.0,17.6,14.3,38.9,14.9,3.8,,39.7,3.5,13.5,5.1
12131,FL,Walton,11.4,29.0,15.9,36.3,79.1,10.3,9.5,7.4,77.1,87.3,13.4,67.4,7.7,13.8,60.6,18.7,12.3,31.2,,14.8,,18.5,7.6,40.1,,7.6,,,22.0,74.3,16.4,14.3,30.1,13.9,3.6,,35.2,3.6,13.0,4.8
12133,FL,Washington,15.7,31.5,13.9,42.3,77.3,9.2,10.5,8.9,76.3,83.0,17.8,58.6,10.7,19.5,47.5,20.4,15.1,37.7,,14.8,,25.4,9.0,41.4,,11.1,,,32.3,67.1,19.7,18.9,40.1,17.5,5.4,,42.1,4.6,17.3,7.3
13001,GA,Appling,17.9,31.3,13.4,43.5,79.8,8.5,10.8,9.1,77.4,83.9,18.8,58.7,11.0,20.3,52.9,22.0,17.4,39.2,25.2,24.5,22.1,28.7,9.3,41.7,17.9,12.6,12.4,36.6,35.1,71.1,19.6,20.5,40.6,18.4,6.4,12.2,37.3,5.2,23.3,8.3
13003,GA,Atkinson,25.2,28.8,14.0,42.5,77.1,6.8,10.8,8.7,75.8,81.3,21.2,56.2,11.0,22.0,47.0,22.0,18.0,41.8,26.9,31.5,28.1,32.9,8.9,39.5,23.2,13.9,15.6,39.9,39.9,69.1,20.7,21.6,44.0,19.5,7.3,15.0,38.5,5.1,31.8,10.1
13005,GA,Bacon,15.7,29.0,14.4,40.4,77.8,8.2,10.7,7.9,77.2,84.1,17.8,61.0,9.5,18.8,51.1,22.1,14.9,35.8,24.9,20.8,18.0,24.9,8.3,39.7,16.1,11.2,10.9,38.1,32.7,72.1,19.5,17.8,36.9,16.7,5.3,10.6,39.6,4.4,21.1,6.9
13007,GA,Baker,16.4,35.8,10.7,51.6,84.3,8.9,11.1,11.3,82.2,87.0,17.8,65.0,12.4,20.0,51.2,19.3,22.9,42.2,26.3,28.3,27.4,31.7,10.1,43.9,19.8,13.7,13.9,37.5,38.8,73.1,18.2,25.2,43.3,19.2,8.0,14.6,39.2,6.9,29.6,10.2
13009,GA,Baldwin,13.6,26.4,14.1,40.1,78.3,6.9,10.8,7.2,79.0,83.6,17.2,67.3,8.1,15.8,53.5,20.4,15.3,34.7,26.3,22.3,19.2,23.8,7.1,37.5,17.4,10.9,12.2,39.8,29.8,77.5,19.0,16.6,38.7,15.1,5.2,11.8,41.2,4.4,20.3,7.0
13011,GA,Banks,14.2,28.9,15.4,39.0,77.9,8.9,10.1,7.6,76.9,85.3,16.4,63.7,8.8,17.3,52.5,22.8,13.8,34.4,23.4,16.4,12.9,22.8,8.4,39.6,12.7,9.8,8.7,36.4,29.2,72.4,18.3,16.1,34.5,15.9,4.5,7.9,36.7,4.0,16.7,5.8
13013,GA,Barrow,14.7,25.1,15.3,35.6,75.4,6.9,9.9,5.7,76.3,85.4,15.4,63.0,6.5,15.0,59.6,19.7,12.2,30.2,24.5,17.3,12.8,20.2,6.4,37.1,14.5,8.6,9.1,37.8,28.0,74.9,17.7,13.3,35.3,13.9,3.9,8.8,37.8,3.2,9.0,5.3
13015,GA,Bartow,13.3,26.9,16.1,36.8,77.3,7.9,10.1,6.2,77.2,86.0,15.1,60.6,7.1,15.2,58.4,21.2,12.0,30.4,23.3,14.9,11.5,20.4,6.8,36.2,12.7,8.6,8.2,35.7,26.2,75.0,17.9,13.8,38.7,14.4,3.8,7.8,36.6,3.4,9.9,5.0
13017,GA,Ben Hill,17.2,31.6,12.4,46.6,80.4,7.8,11.4,9.0,79.6,84.5,19.1,61.1,11.1,21.3,47.2,20.9,19.1,40.1,27.1,28.6,27.1,30.0,8.5,41.0,21.1,13.5,14.3,39.1,37.8,71.7,19.8,22.0,41.5,18.6,7.1,14.9,43.1,5.6,24.8,9.2
13019,GA,Berrien,15.9,31.3,14.4,41.7,79.2,8.6,10.7,8.8,77.4,84.1,18.6,60.5,10.7,20.7,52.5,22.9,16.0,37.7,24.4,22.0,19.9,26.5,9.2,39.7,16.1,12.0,11.4,38.2,34.0,67.8,19.9,19.2,38.1,17.8,5.9,10.9,36.1,4.8,21.2,7.5
13021,GA,Bibb,14.5,28.0,12.6,44.6,79.1,6.9,11.2,7.3,81.0,85.9,17.0,60.2,8.4,16.8,53.4,19.5,16.9,36.8,27.4,25.9,23.7,26.1,6.9,37.7,20.4,11.5,13.5,40.9,32.2,73.5,19.1,18.8,44.7,15.8,5.9,14.5,42.5,4.8,21.8,7.8
13023,GA,Bleckley,13.2,29.9,13.9,40.2,78.7,8.3,10.8,7.7,79.3,85.6,16.9,62.7,8.8,16.6,58.2,21.8,14.7,35.3,24.3,19.5,16.6,23.6,8.0,39.5,15.4,10.8,10.5,38.3,29.8,73.8,19.0,17.1,37.7,16.0,5.0,10.2,38.7,4.3,15.1,6.5
13025,GA,Brantley,14.4,30.7,15.0,40.3,78.8,9.0,10.6,8.4,77.0,84.4,18.0,61.9,10.3,19.6,52.9,24.0,14.4,37.0,23.4,18.4,15.8,25.0,9.0,41.0,13.7,11.3,9.6,37.3,32.6,68.7,19.7,18.1,39.0,17.4,5.2,8.8,37.0,4.4,20.6,6.6
13027,GA,Brooks,16.4,33.6,11.8,47.9,82.2,8.7,11.1,10.0,80.9,86.1,18.0,60.5,11.6,19.8,47.0,20.2,20.0,40.1,25.7,26.5,25.0,30.1,9.6,42.8,19.4,13.1,13.2,37.5,36.7,69.9,18.8,22.9,40.2,18.8,7.2,13.6,41.7,5.9,20.5,9.1
13029,GA,Bryan,10.6,22.3,17.9,32.8,73.8,7.0,9.6,4.7,77.5,87.2,13.1,65.3,5.0,12.3,63.7,20.5,10.0,26.4,22.2,12.1,8.6,15.7,5.3,34.3,11.4,6.9,7.0,36.1,21.2,78.8,16.7,10.5,33.5,12.0,2.9,6.8,35.0,2.6,15.6,3.8
13031,GA,Bulloch,12.5,22.2,15.2,35.1,73.1,6.1,10.6,5.6,76.4,82.0,17.1,62.6,6.6,14.1,59.8,21.4,11.5,31.4,25.3,19.2,16.2,20.3,6.0,34.6,15.6,9.9,11.2,38.2,25.7,72.8,20.1,13.2,38.9,13.5,4.1,10.3,37.1,3.3,17.6,5.7
13033,GA,Burke,15.0,31.3,12.3,45.7,80.5,7.4,11.4,8.3,79.9,85.9,17.8,63.2,9.8,19.0,52.9,20.4,18.3,38.0,27.6,25.9,23.8,27.7,7.7,39.7,20.0,12.1,13.2,38.3,34.7,74.9,19.4,20.6,40.1,17.5,6.5,14.0,41.5,5.2,24.7,8.1
13035,GA,Butts,14.5,26.3,15.3,39.6,76.8,7.3,10.4,6.8,77.4,84.6,16.7,63.5,8.0,17.4,54.0,20.4,13.8,33.9,26.4,19.8,16.1,23.2,7.0,37.2,16.1,10.0,10.4,37.4,31.0,77.3,18.7,16.0,38.2,15.3,4.7,10.3,39.1,4.0,18.8,6.1
13037,GA,Calhoun,18.6,27.2,13.3,46.9,77.5,6.1,10.6,8.1,78.5,83.2,18.6,57.1,9.3,20.8,41.8,17.3,18.5,38.7,31.7,30.5,27.4,29.9,7.3,37.5,23.6,12.4,15.5,40.3,37.0,73.7,19.1,20.2,43.6,16.8,6.9,16.5,44.0,5.4,32.0,8.9
13039,GA,Camden,12.9,25.1,16.0,35.7,75.2,7.4,10.1,6.2,76.5,84.8,15.4,63.9,6.9,14.8,56.4,20.9,12.3,31.1,23.4,16.1,12.8,20.1,6.8,36.4,13.6,8.8,9.1,36.0,27.1,79.1,18.2,14.0,37.2,13.8,3.9,8.6,37.4,3.5,15.1,5.3
13043,GA,Candler,17.2,29.9,13.4,42.7,79.5,8.1,10.8,8.4,78.5,84.7,17.9,56.1,9.8,18.6,48.1,21.2,16.5,37.9,25.6,23.6,20.6,27.3,8.5,40.1,17.9,11.8,12.0,38.6,33.4,71.7,18.9,19.4,42.2,17.4,5.9,11.8,38.6,4.9,24.2,7.8
13045,GA,Carroll,13.9,26.1,15.7,36.7,75.6,7.2,10.4,6.3,76.1,84.3,16.5,63.2,7.3,16.1,60.1,21.3,12.8,33.4,24.0,18.1,14.5,21.4,6.8,36.6,14.8,9.6,9.9,38.9,28.1,73.3,18.7,14.8,34.2,14.6,4.2,9.3,33.9,3.5,14.6,5.7
13047,GA,Catoosa,11.1,27.8,15.8,36.3,78.3,9.3,9.9,6.9,77.7,87.0,14.5,65.2,7.5,14.7,64.1,21.3,12.5,31.6,21.1,12.4,9.5,19.1,7.7,39.2,10.3,8.4,7.1,35.4,25.3,75.1,17.2,14.2,34.1,14.2,3.7,6.4,35.3,3.6,9.2,4.8
13049,GA,Charlton,21.2,26.7,15.5,41.2,75.5,6.8,10.0,7.8,75.5,82.2,18.7,58.9,9.1,20.1,47.4,20.1,16.1,37.9,28.4,26.0,21.8,28.2,8.2,38.1,20.4,11.4,13.3,39.3,34.3,71.2,19.2,17.9,41.5,17.0,5.8,13.4,42.2,4.5,24.8,7.9
13051,GA,Chatham,12.4,25.2,15.5,38.8,78.1,7.2,10.2,6.1,79.7,86.8,14.1,66.9,6.4,13.3,61.5,18.9,13.1,29.6,23.1,17.6,14.1,19.0,6.2,35.4,14.9,8.7,9.7,37.0,25.2,77.7,16.6,13.7,33.0,13.0,4.1,9.7,41.7,3.7,12.1,5.6
13053,GA,Chattahoochee,17.2,13.9,20.6,25.7,58.9,3.2,9.2,3.4,69.4,74.7,18.2,59.7,4.3,13.5,50.8,21.0,7.5,29.7,26.6,20.3,15.2,18.3,4.5,26.2,16.9,8.7,12.0,41.5,24.7,73.8,20.6,8.4,35.8,11.3,2.9,10.5,40.2,2.0,20.7,5.1
13055,GA,Chattooga,17.2,31.3,14.5,42.0,78.5,8.7,10.7,8.9,76.6,83.4,19.3,60.0,11.3,21.3,51.1,23.1,16.0,39.6,24.9,22.6,20.2,28.0,9.4,40.6,16.3,12.5,11.6,38.7,35.1,67.8,20.0,20.2,35.2,18.5,6.1,10.9,36.9,4.9,22.9,7.8
13057,GA,Cherokee,10.7,24.8,17.2,34.1,77.0,8.5,9.5,5.7,77.1,88.1,12.3,66.5,5.6,11.7,64.3,20.2,11.0,25.8,21.6,10.8,7.2,16.5,6.2,37.5,9.8,6.9,6.2,36.2,23.7,74.8,16.0,11.4,33.5,12.2,3.0,5.9,35.8,2.9,8.5,4.0
13059,GA,Clarke,12.7,20.2,16.3,31.1,73.3,5.5,10.6,5.1,75.3,81.4,16.5,62.9,5.8,12.3,57.3,22.2,10.9,29.8,23.2,18.4,15.3,19.4,5.5,31.4,14.7,9.4,11.0,39.0,25.0,77.8,19.4,11.7,30.2,12.5,3.8,10.0,33.7,3.0,14.8,5.6
13061,GA,Clay,14.5,35.1,10.0,52.1,84.2,9.2,11.2,10.5,83.7,88.5,16.3,65.6,11.0,17.2,54.4,18.3,21.5,40.0,26.7,25.9,24.5,29.4,9.4,43.1,19.4,12.6,13.2,37.4,37.3,75.5,17.4,23.7,41.2,17.9,7.2,14.0,40.0,6.6,28.7,9.2
13063,GA,Clayton,16.8,23.4,11.9,41.4,77.3,4.5,11.4,5.7,80.0,85.8,16.9,62.9,6.5,16.0,48.5,17.0,16.2,33.8,31.5,30.8,26.8,25.1,4.9,33.9,26.5,11.1,15.5,43.4,32.5,75.8,19.2,16.8,45.2,14.8,5.8,17.7,45.3,4.3,20.8,7.8
13065,GA,Clinch,16.7,30.4,13.3,43.8,79.2,8.0,11.1,8.8,78.0,83.7,19.2,56.3,11.0,21.2,45.4,21.8,17.3,39.4,25.7,26.2,24.6,29.1,8.8,39.8,19.3,13.0,13.2,37.5,35.6,68.1,20.1,20.8,41.9,18.4,6.6,13.4,40.9,5.2,27.0,8.5
13067,GA,Cobb,10.7,21.4,15.0,32.1,75.8,7.0,9.4,4.9,77.6,88.5,11.7,64.4,4.8,10.4,67.7,18.2,10.9,23.6,22.8,12.5,8.8,15.8,5.3,35.4,11.7,6.7,7.3,35.7,21.6,74.2,15.0,10.7,29.9,11.2,3.1,7.4,35.8,2.8,13.6,4.2
13069,GA,Coffee,19.0,28.3,14.0,41.5,77.0,6.9,10.9,7.8,77.4,82.8,19.3,56.7,9.8,20.7,50.1,21.7,16.1,39.8,27.3,27.6,24.4,28.5,8.0,38.5,20.8,12.4,13.9,39.1,35.0,73.1,20.4,19.3,39.3,17.5,6.2,14.0,36.2,4.7,23.1,8.3
13071,GA,Colquitt,19.9,29.2,13.5,43.0,78.0,7.5,10.7,8.1,77.8,84.0,18.5,58.4,9.6,19.2,48.0,21.7,16.7,38.4,26.4,25.7,22.4,28.2,8.2,39.4,19.7,11.9,12.9,39.9,35.0,73.6,19.6,19.4,35.7,17.6,6.0,12.7,38.7,4.7,23.5,8.2
13073,GA,Columbia,10.1,24.3,14.4,36.7,76.5,7.7,9.6,5.4,79.3,88.0,12.5,67.8,5.5,11.9,61.3,19.4,11.9,25.0,22.3,12.2,8.9,16.4,5.8,37.2,11.1,7.0,7.0,34.7,24.3,80.1,16.1,11.4,33.1,12.4,3.2,7.0,35.3,3.0,14.0,4.2
13075,GA,Cook,16.2,29.1,14.0,42.6,78.8,7.8,11.0,8.3,78.1,84.2,18.5,61.9,10.1,19.7,51.7,22.2,16.5,37.3,26.2,25.0,22.7,27.4,8.3,39.3,18.8,12.2,12.8,38.4,32.6,71.5,19.9,19.5,37.6,17.7,6.2,12.9,39.7,4.9,19.2,8.0
13077,GA,Coweta,10.8,25.2,15.1,35.7,78.1,7.9,9.9,5.7,78.3,88.0,13.0,69.1,5.9,12.3,64.3,19.3,12.4,28.6,22.4,12.9,9.3,17.7,6.1,37.6,11.4,7.4,7.2,35.4,24.9,74.9,16.1,12.7,35.7,12.9,3.4,7.1,36.4,3.2,12.2,4.4
13079,GA,Crawford,13.3,30.7,14.1,42.5,80.5,8.8,10.4,7.9,78.8,86.8,15.9,63.9,9.0,17.1,55.8,20.6,15.5,34.8,24.8,17.9,14.5,23.3,8.1,40.7,13.9,10.0,9.2,36.8,30.4,73.5,17.7,17.6,37.3,16.1,4.9,8.9,36.9,4.5,19.8,6.3
13081,GA,Crisp,15.8,32.7,11.8,47.5,80.7,8.2,11.6,9.4,80.4,85.8,18.3,64.6,11.0,19.9,52.5,20.5,19.4,39.9,26.4,27.7,26.4,29.7,8.8,40.1,20.8,13.1,14.0,39.4,36.9,75.5,19.4,22.1,44.6,18.1,7.1,15.0,39.8,5.7,26.4,9.0
13083,GA,Dade,11.5,29.4,15.6,37.9,79.5,9.6,10.1,7.4,78.2,86.6,14.9,66.5,8.2,15.2,62.2,22.6,12.6,32.4,22.2,12.8,9.7,20.1,8.2,40.2,10.3,8.8,7.2,35.6,26.4,73.8,17.6,14.9,35.1,14.9,3.9,6.4,34.4,3.8,18.4,5.0
13085,GA,Dawson,10.9,27.3,16.0,35.8,78.8,9.5,9.5,6.6,78.2,87.7,13.2,67.9,6.8,12.6,65.7,21.0,11.6,28.7,20.3,11.2,8.1,17.6,7.4,38.7,9.5,7.6,6.4,33.6,23.5,77.4,16.1,12.9,31.6,13.5,3.4,5.7,30.8,3.3,8.7,4.4
13087,GA,Decatur,16.4,29.5,12.5,44.8,79.9,7.5,11.1,8.3,79.9,85.3,18.1,61.9,9.7,18.9,51.5,20.3,17.8,38.3,27.0,26.5,24.0,27.9,8.0,39.9,20.5,12.3,13.4,39.7,34.6,70.8,19.5,20.0,42.2,17.5,6.4,14.2,41.2,5.2,20.7,8.3
13089,GA,DeKalb,11.9,20.9,14.4,37.4,77.5,5.8,10.4,5.1,79.1,88.3,12.9,67.2,5.2,11.5,58.4,16.9,13.0,24.5,25.1,17.4,14.1,18.2,4.9,35.4,15.4,7.9,9.5,38.6,22.5,79.8,15.8,12.1,31.8,11.9,4.0,10.1,37.0,3.5,13.3,5.4
13091,GA,Dodge,14.9,30.1,13.7,44.7,79.5,8.3,10.6,8.6,79.1,85.5,17.2,63.1,9.8,18.7,55.2,20.6,16.7,37.4,25.8,22.9,20.0,26.1,8.6,40.8,17.3,11.4,11.5,38.2,33.8,74.0,18.8,19.3,40.4,17.0,5.8,11.8,38.2,5.0,19.4,7.5
13093,GA,Dooly,16.9,30.2,12.7,47.2,80.1,7.7,10.5,8.6,79.8,86.1,16.6,63.0,9.2,18.1,51.7,17.8,18.3,37.2,29.0,24.8,21.2,27.3,8.1,40.0,19.6,11.1,12.5,38.5,34.4,76.3,17.5,19.7,41.0,16.5,6.1,13.1,41.5,5.3,18.4,7.9
13095,GA,Dougherty,15.5,29.6,11.1,47.1,80.1,6.4,11.9,7.8,82.0,85.7,18.1,64.6,9.1,17.7,50.7,18.6,19.0,38.0,29.0,30.7,29.4,29.4,6.7,36.6,24.0,13.2,15.9,40.9,34.1,78.3,19.2,20.7,41.9,16.7,7.0,17.2,46.3,5.5,22.5,9.1
13097,GA,Douglas,13.0,24.3,13.9,37.4,78.1,6.0,10.8,5.4,79.4,87.5,14.6,62.5,5.8,13.7,58.6,18.2,13.6,30.7,27.1,20.0,16.0,20.4,5.2,36.1,17.7,8.6,10.7,39.5,27.0,77.7,17.2,13.8,36.3,12.9,4.3,11.5,42.6,3.5,16.4,5.7
13099,GA,Early,15.4,32.8,11.6,47.4,81.5,8.0,11.6,8.8,81.1,86.4,17.9,61.7,10.3,18.8,50.4,19.8,18.9,39.9,27.8,27.1,24.9,29.0,8.3,40.2,20.7,12.7,13.6,39.5,36.2,72.2,19.0,21.9,40.7,17.8,6.8,14.3,42.5,5.6,27.7,8.7
13101,GA,Echols,19.4,25.5,15.5,36.1,76.4,7.2,9.8,6.6,75.1,84.7,16.5,60.7,7.4,16.3,55.1,20.6,13.6,33.1,25.0,19.4,14.1,23.4,7.3,37.6,15.7,9.4,9.8,37.0,30.6,72.2,17.9,15.2,38.3,15.5,4.5,9.1,37.9,3.6,17.7,6.2
13103,GA,Effingham,11.5,24.4,16.6,34.6,75.5,7.3,10.0,5.4,76.7,86.5,14.2,65.0,6.1,14.1,62.2,20.5,11.3,28.5,22.2,13.5,10.4,17.9,6.0,35.8,12.2,7.9,7.7,34.6,24.5,72.5,17.3,12.1,37.9,13.2,3.4,7.6,38.0,3.0,12.9,4.5
13105,GA,Elbert,14.5,31.1,13.1,44.2,80.8,8.8,10.7,8.6,79.8,86.6,16.6,63.0,9.6,17.8,52.6,20.4,16.6,36.4,25.0,21.0,18.0,25.4,8.6,40.6,16.2,11.1,10.6,37.2,32.7,76.3,18.1,19.2,38.2,16.8,5.6,10.7,39.1,4.9,18.5,7.1
13107,GA,Emanuel,16.7,29.5,13.4,43.9,77.8,7.3,11.1,8.0,77.9,83.8,18.6,62.3,10.0,20.3,48.4,20.8,16.4,37.4,27.0,25.6,23.2,28.1,7.9,39.9,19.6,12.3,13.1,38.6,35.9,76.1,19.8,19.2,42.7,17.5,6.1,13.4,40.8,4.8,23.7,7.9
13109,GA,Evans,17.6,29.2,13.5,43.2,78.6,7.5,10.9,8.0,78.6,84.4,18.3,60.8,9.6,19.2,47.8,20.8,16.8,37.6,26.5,25.2,22.2,27.4,8.0,38.7,19.2,12.0,12.8,39.1,35.2,72.2,19.4,19.2,42.4,17.2,6.0,12.8,40.8,4.8,21.1,8.0
13111,GA,Fannin,11.5,35.5,13.1,44.8,83.5,12.1,10.0,10.2,80.9,89.0,14.6,70.2,10.6,16.1,58.6,20.7,16.5,35.9,20.5,13.6,11.2,23.2,10.8,45.8,9.7,9.9,7.3,33.4,30.1,68.0,15.9,19.4,38.2,17.0,5.0,6.4,34.9,5.0,11.4,6.1
13113,GA,Fayette,9.0,25.9,13.8,37.1,80.9,8.9,9.3,6.0,81.1,90.4,10.8,67.7,5.3,9.6,68.5,17.6,12.6,26.0,21.3,10.5,7.2,15.6,6.3,37.9,9.7,6.4,6.1,33.5,21.2,80.2,13.9,11.8,30.7,11.6,3.1,6.0,33.3,3.3,6.7,4.1
13115,GA,Floyd,14.8,27.3,14.8,38.6,77.6,8.0,10.3,7.1,77.6,85.0,16.5,64.9,8.1,16.0,53.2,22.3,14.1,34.5,22.9,18.4,14.6,22.5,7.7,39.4,14.5,10.0,9.7,36.4,28.6,75.3,18.6,16.0,37.3,15.3,4.6,9.2,34.5,3.9,18.0,6.1
13117,GA,Forsyth,8.5,20.3,15.3,30.2,75.4,7.5,8.4,4.6,79.2,89.5,10.1,64.0,4.2,9.2,70.0,17.4,9.9,20.9,20.7,8.5,5.1,13.4,5.1,37.3,7.7,5.3,5.0,33.6,20.2,79.4,13.2,9.0,27.7,10.4,2.4,4.4,31.9,2.4,4.3,3.2
13119,GA,Franklin,14.1,30.0,14.6,40.7,78.6,8.9,10.6,8.2,77.6,84.5,17.3,61.3,9.6,17.9,54.4,22.6,14.7,35.9,23.5,18.7,15.8,24.5,8.7,40.0,13.8,10.9,9.9,37.8,30.8,74.2,19.0,17.6,39.0,16.8,5.1,9.1,36.4,4.4,22.3,6.6
13121,GA,Fulton,10.1,20.4,15.9,33.4,76.5,5.9,9.4,4.6,77.7,87.9,11.9,68.2,4.5,9.9,65.2,16.9,10.9,24.8,23.7,14.8,11.1,16.3,4.6,33.5,13.4,7.0,8.4,36.7,20.0,79.3,15.4,10.6,28.2,10.8,3.3,8.5,39.8,2.9,11.3,4.4
13123,GA,Gilmer,13.6,33.7,13.5,41.9,82.5,11.1,9.7,9.1,79.8,88.4,14.5,62.4,9.5,15.0,60.9,20.7,15.2,35.7,21.5,13.5,10.4,22.5,9.8,44.2,10.4,9.3,7.3,34.1,28.8,73.6,16.0,17.8,34.2,16.5,4.6,6.4,33.1,4.5,17.6,5.8
13125,GA,Glascock,13.1,30.0,15.0,40.5,79.1,8.9,10.5,7.9,77.5,85.5,16.8,61.8,9.4,18.1,57.0,22.5,14.5,35.0,23.4,17.2,14.3,23.4,8.4,40.4,13.1,10.4,9.1,36.8,30.5,74.1,18.8,17.3,37.6,16.5,4.9,8.6,36.5,4.3,15.9,6.2
13127,GA,Glynn,12.5,29.9,13.9,44.0,80.6,9.5,10.1,7.9,80.7,88.1,14.5,66.1,8.2,14.4,62.4,19.3,15.3,32.7,22.6,16.3,13.3,21.7,8.3,41.3,13.2,9.4,8.7,34.2,28.2,77.4,16.4,16.6,35.1,15.0,4.6,8.6,38.5,4.4,14.1,6.0
13129,GA,Gordon,16.6,27.6,15.2,38.2,77.2,8.1,10.2,7.3,75.9,84.6,17.1,62.1,8.7,17.3,51.3,22.5,13.9,35.4,24.4,18.4,14.6,23.9,8.0,39.1,14.6,10.2,9.6,38.0,31.6,71.3,18.7,16.5,35.3,16.4,4.7,8.9,38.2,3.9,18.0,6.3
13131,GA,Grady,16.8,30.6,12.8,44.0,80.1,8.3,10.7,8.6,79.5,86.0,17.2,61.3,9.7,17.9,51.9,20.3,17.2,36.3,26.0,23.0,19.9,26.6,8.5,39.7,18.1,11.5,11.7,37.4,35.8,68.1,18.5,19.4,38.5,17.3,5.9,11.8,38.8,5.0,24.6,7.7
13133,GA,Greene,11.0,33.0,12.2,44.9,84.0,11.2,9.7,8.6,83.4,90.9,12.2,69.6,7.9,12.1,60.4,17.5,15.6,31.8,21.9,13.2,10.1,20.1,8.8,43.9,10.9,8.2,7.1,33.3,26.8,75.8,14.1,16.6,33.7,14.4,4.2,6.9,34.9,4.6,17.5,5.4
13135,GA,Gwinnett,15.6,20.0,13.1,33.4,76.0,5.7,9.2,5.1,76.9,87.0,13.0,61.5,5.0,11.7,60.1,15.7,12.6,26.2,26.7,17.6,12.4,19.2,5.2,36.2,15.5,7.5,9.1,38.8,27.3,72.9,15.5,12.1,34.9,12.0,3.7,9.1,37.0,3.0,10.6,5.2
13137,GA,Habersham,15.2,27.4,14.8,37.1,78.4,8.8,9.9,7.2,77.5,85.6,15.7,64.2,8.0,15.0,56.5,21.5,12.9,32.3,23.0,16.0,12.0,21.4,8.0,39.5,12.6,9.3,8.5,37.0,27.9,74.3,17.6,15.2,32.2,15.0,4.2,7.5,35.3,3.8,14.2,5.6
13139,GA,Hall,18.0,26.0,14.6,36.4,77.8,7.8,9.6,6.7,76.8,86.0,15.3,63.1,7.1,14.0,55.1,20.2,13.2,32.0,22.7,17.6,12.0,21.6,7.4,38.9,14.4,8.8,9.0,36.3,28.3,76.1,16.7,14.4,32.3,14.6,4.1,8.1,40.0,3.5,17.4,5.8
13141,GA,Hancock,18.7,33.9,10.9,53.0,81.7,7.5,11.4,10.5,81.5,85.5,19.0,65.1,11.9,21.9,45.5,17.5,22.8,43.1,31.4,33.7,32.2,33.9,8.9,42.1,25.1,14.3,16.7,40.2,40.0,75.0,18.8,25.6,44.8,19.2,8.6,17.9,45.9,7.0,31.8,10.8
13143,GA,Haralson,12.6,27.8,16.3,37.3,77.1,8.4,10.3,6.8,77.0,85.2,16.3,64.5,8.2,17.4,57.7,23.8,12.6,33.0,22.8,15.4,12.4,21.1,7.6,37.7,12.1,9.5,8.3,36.3,26.9,71.0,19.0,15.0,36.2,15.4,4.2,7.7,37.2,3.7,12.2,5.3
13145,GA,Harris,9.6,28.2,15.7,37.5,79.9,9.1,9.7,6.4,80.2,89.1,12.3,69.7,6.3,12.2,63.9,18.8,12.6,27.8,20.8,11.1,8.1,17.2,6.7,39.7,9.9,7.2,6.4,33.5,22.8,79.2,15.3,12.9,33.0,13.0,3.4,6.2,38.1,3.5,11.6,4.3
13147,GA,Hart,12.9,31.1,13.8,42.1,81.0,9.5,10.2,8.3,79.5,87.3,15.3,64.7,9.0,16.0,59.7,20.4,15.3,33.8,23.6,16.6,13.5,22.7,8.6,42.0,13.1,9.9,8.8,36.1,29.4,74.4,17.2,17.4,35.1,15.8,4.8,8.5,33.5,4.5,17.4,6.1
13149,GA,Heard,13.5,29.6,15.0,39.6,78.8,8.7,10.5,7.8,77.5,85.2,17.0,62.4,9.2,18.3,55.7,22.6,14.3,34.9,23.8,17.5,14.6,23.4,8.3,39.5,13.6,10.4,9.3,36.9,30.6,71.6,19.1,16.9,35.6,16.4,4.8,8.8,36.8,4.2,19.3,6.1
13151,GA,Henry,11.7,24.3,13.3,38.8,78.1,6.0,10.6,5.2,79.9,88.1,13.8,65.2,5.5,12.9,60.9,17.6,13.4,28.1,27.1,18.2,14.4,19.8,5.0,35.7,16.8,8.3,9.9,35.7,25.2,78.3,16.9,13.4,45.2,12.6,4.1,10.6,40.0,3.5,14.4,5.3
13153,GA,Houston,11.3,25.4,14.4,38.7,76.5,6.9,10.1,5.5,79.6,87.4,13.9,64.4,5.9,13.0,62.1,20.5,13.1,29.1,24.4,16.0,12.2,19.3,5.7,37.6,14.3,8.0,8.8,37.6,24.8,76.7,17.1,13.2,39.7,13.1,3.7,9.2,44.2,3.3,11.3,4.9
13155,GA,Irwin,15.2,30.9,13.7,43.1,79.7,8.4,10.7,8.3,78.9,85.3,17.3,63.5,9.6,18.3,51.9,21.5,16.2,36.8,24.9,21.4,18.7,26.1,8.5,40.4,16.3,11.4,11.1,38.2,33.4,71.2,18.8,19.0,40.3,17.0,5.6,10.9,38.2,4.8,18.9,7.3
13157,GA,Jackson,12.9,25.3,16.8,34.7,76.8,7.9,9.7,6.0,77.1,86.3,14.4,60.8,6.6,14.6,58.3,20.5,11.6,29.0,22.7,14.3,10.4,18.7,6.6,36.8,12.1,8.1,7.7,36.3,25.6,73.8,17.0,12.8,33.0,13.8,3.6,7.2,37.6,3.2,9.1,4.8
13159,GA,Jasper,13.2,29.2,14.9,40.2,79.4,8.4,10.4,7.5,78.4,86.1,16.0,65.1,8.6,17.3,56.2,21.7,14.6,34.0,23.5,17.7,14.7,22.9,7.8,40.1,13.8,9.9,9.3,36.1,30.4,73.4,18.2,16.7,37.1,15.7,4.8,9.0,36.7,4.2,15.0,6.1
13161,GA,Jeff Davis,18.6,29.9,14.0,41.2,78.3,7.8,10.8,8.5,76.5,83.1,19.4,56.4,10.6,20.6,47.4,22.2,16.4,39.9,25.6,25.3,22.4,28.5,8.9,39.0,18.5,12.6,12.8,38.5,35.7,68.7,20.1,20.3,40.4,18.1,6.3,12.2,36.6,4.8,20.9,8.3
13163,GA,Jefferson,16.8,30.9,12.0,47.1,80.4,7.2,11.5,8.5,80.3,85.2,18.5,62.0,10.1,19.9,45.7,19.9,18.5,39.8,29.4,28.6,25.8,29.4,7.7,40.2,21.8,12.8,14.1,42.1,36.7,75.3,19.4,21.6,41.3,17.7,6.8,14.8,43.6,5.5,23.9,8.7
13165,GA,Jenkins,18.2,30.2,13.2,45.5,78.6,7.1,11.2,8.7,78.5,83.0,19.7,58.1,10.9,21.9,43.9,20.5,18.2,40.3,28.5,30.1,28.3,30.5,8.3,39.1,22.4,13.4,15.2,40.0,37.4,70.7,20.4,21.4,42.5,18.3,7.1,15.8,42.8,5.5,24.3,9.2
13167,GA,Johnson,17.4,31.1,13.5,47.5,79.3,7.8,10.6,9.3,78.5,83.8,18.9,56.8,10.7,21.5,46.6,20.2,18.0,40.6,28.5,25.9,23.3,29.5,9.1,40.2,19.2,12.4,13.0,39.8,35.7,72.5,19.2,20.9,43.5,18.1,6.6,13.2,38.5,5.4,29.4,8.4
13169,GA,Jones,11.8,29.2,14.0,40.2,79.4,8.1,10.6,7.1,79.2,87.0,15.3,65.1,7.9,15.9,56.7,20.8,14.4,33.1,24.3,17.2,14.3,21.8,7.2,38.9,14.3,9.5,9.2,37.2,30.0,77.2,17.9,16.1,39.8,15.2,4.6,9.3,37.0,4.2,11.8,5.8
13171,GA,Lamar,12.4,26.8,14.8,38.7,78.0,7.7,10.7,6.8,78.6,85.6,15.9,64.9,7.6,15.5,56.2,20.9,13.6,32.4,24.7,17.8,14.5,21.5,7.0,37.5,14.6,9.6,9.8,37.6,28.6,75.1,18.5,15.3,36.6,14.6,4.4,9.4,38.8,3.9,11.9,5.7
13173,GA,Lanier,16.4,27.9,14.4,41.5,77.6,7.4,10.8,7.9,77.2,83.4,18.5,59.6,9.7,19.7,47.4,22.0,15.9,37.2,25.0,24.5,22.3,26.7,8.0,38.7,18.6,11.9,12.8,38.0,33.7,69.8,19.8,18.4,40.9,17.1,5.9,12.9,39.2,4.6,33.1,7.7
13175,GA,Laurens,14.3,30.7,14.0,45.3,79.7,8.0,11.1,8.2,80.1,85.8,17.2,61.9,9.4,18.1,52.0,20.3,16.4,35.1,26.0,23.3,21.3,26.3,7.8,38.1,18.0,11.5,12.0,41.3,34.3,76.1,18.8,18.8,44.0,16.4,5.8,12.3,40.4,4.9,19.2,7.5
13177,GA,Lee,10.5,24.7,15.1,36.8,76.3,7.4,10.0,5.5,78.4,87.6,13.3,62.6,5.9,13.1,61.6,20.2,11.8,27.7,23.2,13.8,10.5,17.5,5.8,36.6,12.3,7.6,7.7,36.3,23.4,77.6,16.7,12.2,39.2,12.6,3.5,7.8,36.1,3.2,14.6,4.4
13179,GA,Liberty,15.4,20.5,16.4,34.3,71.7,4.8,10.3,4.8,76.4,82.2,16.7,63.5,5.5,14.3,53.4,19.7,11.6,31.1,28.0,21.8,17.1,20.8,5.0,32.2,18.8,9.3,12.0,40.6,27.9,78.3,19.4,12.4,32.3,12.8,3.9,11.7,38.8,3.1,17.9,5.7
13181,GA,Lincoln,13.1,34.5,12.2,47.1,83.0,10.0,10.7,9.8,81.3,87.9,16.1,68.2,10.7,18.0,58.9,20.3,18.2,37.8,24.2,19.9,17.8,26.2,9.7,43.5,14.9,11.3,10.2,35.7,33.1,74.3,17.5,21.0,38.0,17.5,5.9,10.2,37.1,5.5,15.9,7.4
13183,GA,Long,16.5,22.7,15.9,36.1,73.1,5.6,10.6,5.4,76.0,83.4,17.4,61.2,6.7,17.2,53.4,21.3,12.4,32.1,27.3,21.7,17.6,22.2,5.8,34.0,18.6,9.7,11.4,40.2,29.7,72.9,19.8,13.7,38.4,14.5,4.3,11.5,41.3,3.3,14.0,6.0
13185,GA,Lowndes,14.2,23.9,14.3,35.9,76.0,6.2,10.7,6.0,77.8,83.3,17.1,61.9,7.0,15.0,56.4,20.5,12.9,34.0,25.6,21.7,18.3,22.1,6.2,33.9,17.6,10.2,11.7,39.0,29.1,70.0,19.3,14.7,38.7,14.3,4.5,11.5,39.8,3.7,16.0,6.2
13187,GA,Lumpkin,11.4,25.4,16.5,33.7,76.7,8.4,10.0,6.5,76.8,83.6,15.6,67.1,7.2,13.5,60.5,22.5,11.5,30.7,21.0,13.2,9.8,18.9,7.4,36.6,10.2,8.8,7.9,36.5,24.8,71.6,18.3,13.1,28.9,13.8,3.6,6.4,35.0,3.3,12.4,4.9
13189,GA,McDuffie,14.2,30.6,12.9,44.4,80.4,8.1,11.0,8.0,80.0,86.6,16.8,65.6,9.2,17.3,55.1,20.4,16.7,36.6,26.2,22.6,19.9,25.4,7.8,39.0,17.5,11.1,11.5,38.6,32.3,73.6,18.5,19.1,38.9,16.3,5.6,11.9,39.1,4.9,16.3,7.2
13191,GA,McIntosh,14.9,36.6,11.4,50.8,83.7,10.1,11.1,11.2,81.8,87.7,17.4,65.2,12.3,19.2,52.4,20.3,20.4,40.6,25.0,23.2,21.6,30.1,10.6,44.9,16.5,12.9,11.7,37.0,36.9,73.9,17.7,23.9,40.7,19.0,7.2,11.6,37.1,6.4,24.5,9.0
13193,GA,Macon,20.2,30.7,11.7,49.4,79.6,6.6,11.2,9.5,79.9,83.3,19.8,58.5,11.3,22.7,38.5,18.1,21.1,42.6,31.0,35.1,33.5,33.6,8.3,38.9,25.8,14.3,17.5,40.8,41.4,73.1,19.6,23.8,43.8,18.9,8.3,18.7,46.8,6.3,35.7,10.6
13195,GA,Madison,14.9,29.2,14.7,40.0,78.9,8.6,10.5,8.0,77.6,85.0,17.1,60.6,9.5,18.2,53.7,22.3,14.7,35.3,23.6,19.0,16.2,24.5,8.4,39.9,14.4,10.8,9.9,38.2,31.8,70.5,18.8,17.4,38.1,16.6,5.1,9.4,38.2,4.3,16.5,6.6
13197,GA,Marion,16.2,33.0,12.3,46.5,82.0,8.9,10.8,9.4,80.1,86.6,17.3,63.0,10.5,18.5,51.3,20.4,18.7,38.7,26.1,23.1,19.9,27.8,9.2,42.9,17.1,11.9,11.5,37.4,34.5,72.9,18.0,21.3,38.6,17.9,6.4,11.3,38.5,5.5,24.4,8.1
13199,GA,Meriwether,14.7,31.1,12.6,45.0,81.1,8.3,11.0,8.6,79.8,86.3,17.1,62.3,9.9,18.6,52.1,20.4,17.6,37.1,26.4,22.9,20.4,26.5,8.3,40.1,17.6,11.6,11.6,37.5,34.8,76.3,18.5,19.9,41.4,17.1,6.0,11.8,41.6,5.2,19.8,7.6
13201,GA,Miller,14.2,33.7,12.3,46.1,81.7,9.6,11.0,9.6,80.6,86.8,17.0,63.6,10.7,17.8,49.8,21.1,17.8,38.0,24.1,21.5,19.8,26.9,9.8,42.1,16.1,12.1,11.3,36.9,34.4,72.7,18.2,21.0,41.8,17.7,6.2,11.3,38.0,5.5,20.8,7.9
13205,GA,Mitchell,16.0,29.5,12.7,47.2,80.0,7.5,11.2,8.4,79.9,85.6,17.7,60.0,9.8,19.3,48.1,20.0,18.4,38.1,27.7,27.0,24.8,28.2,7.9,39.1,20.7,12.3,13.6,39.7,34.9,70.3,19.3,20.5,45.1,17.3,6.6,14.5,43.4,5.3,24.6,8.4
13207,GA,Monroe,11.2,27.9,14.8,39.1,78.8,8.6,10.1,6.7,79.2,87.5,14.1,67.7,7.1,14.2,58.7,20.0,13.1,30.3,23.2,14.7,11.4,19.7,7.1,39.1,12.2,8.5,8.0,35.9,25.9,77.2,16.8,14.4,34.9,13.9,4.0,7.7,35.8,3.8,15.1,5.1
13209,GA,Montgomery,14.6,29.0,14.1,42.1,78.2,7.9,10.5,7.7,78.7,84.9,16.7,61.7,8.7,17.0,49.5,21.1,15.4,35.6,25.1,20.8,17.6,24.3,7.9,39.1,16.1,10.7,10.9,38.2,31.5,72.2,18.5,17.6,39.4,15.8,5.2,10.7,39.3,4.4,23.8,6.8
13211,GA,Morgan,10.6,28.1,15.4,39.9,80.2,9.3,9.9,6.7,79.4,88.7,13.1,66.4,6.8,13.0,64.7,19.6,12.9,29.3,22.6,12.4,9.2,18.4,7.1,40.0,10.6,7.8,6.9,35.8,24.9,79.1,16.0,13.9,31.7,13.5,3.6,6.5,36.4,3.7,13.9,4.6
13213,GA,Murray,16.4,27.3,15.7,36.8,76.8,8.2,10.2,7.1,76.0,84.7,16.8,60.4,8.4,17.0,55.3,22.4,13.3,33.7,23.5,17.0,12.9,22.8,7.9,38.9,13.5,9.8,8.9,37.2,29.1,72.5,18.5,15.5,41.5,16.0,4.4,8.0,35.5,3.7,18.2,5.9
13215,GA,Muscogee,14.2,26.2,13.7,40.9,79.2,6.4,10.9,6.3,79.3,86.1,15.7,62.1,7.1,15.1,54.3,19.6,15.0,32.4,27.1,22.0,19.1,23.7,6.2,35.8,18.4,10.1,11.8,38.4,29.8,76.5,18.7,15.7,40.3,14.2,5.0,12.5,43.9,4.1,18.7,6.7
13217,GA,Newton,13.0,25.3,14.0,40.4,77.6,6.3,11.0,5.9,79.9,86.6,15.4,63.3,6.6,14.8,57.0,18.8,14.4,31.7,27.1,21.1,17.1,21.8,5.6,36.3,18.1,9.5,11.0,39.4,30.3,75.3,18.3,15.2,42.4,14.1,4.6,11.7,40.7,3.8,13.0,6.0
13219,GA,Oconee,7.5,25.0,16.5,33.4,78.8,9.3,8.9,5.4,79.8,90.0,10.4,68.9,4.8,9.3,70.1,19.5,10.1,23.4,19.2,7.5,4.8,13.3,6.1,37.6,7.0,5.7,4.7,32.1,18.3,79.5,13.9,10.0,28.8,10.9,2.5,4.3,28.9,2.7,8.3,3.2
13221,GA,Oglethorpe,12.8,29.4,14.6,39.9,79.6,8.9,10.1,7.4,79.0,87.2,14.9,67.1,8.0,15.3,57.4,20.8,14.1,32.5,23.3,15.7,12.4,21.9,7.7,40.5,12.6,9.2,8.4,35.3,28.3,71.0,17.2,16.0,36.4,15.2,4.4,8.0,37.4,4.1,22.4,5.6
13223,GA,Paulding,11.5,23.3,15.8,35.0,76.1,6.8,10.1,5.0,77.7,87.3,13.7,65.4,5.5,12.7,60.4,20.4,11.6,26.3,24.0,14.4,10.4,17.5,5.3,36.3,13.3,7.5,7.9,35.3,23.0,73.5,17.1,11.5,38.4,12.8,3.4,8.0,41.8,2.9,14.7,4.4
13225,GA,Peach,13.7,26.6,13.5,40.3,78.2,7.1,10.6,6.6,79.9,86.3,15.6,65.0,7.1,14.3,56.9,19.5,14.9,32.7,25.9,20.5,16.4,22.3,6.5,38.2,17.2,9.8,11.0,37.6,29.3,76.4,18.0,15.6,39.3,14.4,4.7,10.9,40.2,4.1,16.6,6.3
13227,GA,Pickens,11.3,30.5,15.0,40.7,80.1,10.2,10.0,7.9,79.1,87.7,14.4,67.4,8.5,15.1,62.7,21.8,13.6,32.2,20.4,12.8,9.9,20.1,8.5,41.7,10.1,8.8,7.0,35.4,26.6,73.7,17.1,15.7,35.0,15.2,4.1,6.4,33.0,4.0,14.9,5.1
13229,GA,Pierce,14.0,29.6,14.9,39.5,78.5,8.7,10.5,7.9,77.4,85.0,17.0,58.5,9.3,18.2,56.9,22.5,14.3,35.6,23.5,17.9,15.4,23.6,8.4,39.7,14.0,10.5,9.6,36.7,30.6,71.0,18.8,17.1,36.4,16.3,4.9,9.1,35.3,4.2,15.6,6.3
13231,GA,Pike,10.9,27.1,16.1,36.6,77.9,8.4,10.1,6.3,77.7,86.8,14.6,63.9,7.1,14.9,62.7,21.7,11.9,30.0,22.4,13.1,10.0,18.8,6.9,38.5,11.1,8.4,7.3,35.6,25.4,77.2,17.6,13.6,36.0,14.1,3.7,6.9,34.0,3.4,9.8,4.7
13233,GA,Polk,16.6,28.6,15.3,38.8,77.5,7.8,10.5,7.3,76.4,84.1,17.6,60.9,8.9,17.9,54.7,22.5,14.1,36.1,24.5,20.0,16.6,24.5,7.8,38.4,15.6,10.6,10.5,38.4,31.4,75.5,19.0,17.0,40.4,16.3,5.0,9.9,37.6,4.1,17.9,6.6
13235,GA,Pulaski,15.2,31.5,12.5,43.6,80.5,8.6,11.5,8.7,80.3,86.2,18.0,61.3,10.2,18.9,52.0,21.8,16.8,38.3,25.9,24.2,22.0,27.5,8.7,40.2,18.8,12.4,12.3,38.7,34.2,74.4,19.6,20.4,40.8,17.6,6.1,12.4,40.3,5.1,19.1,7.8
13237,GA,Putnam,12.9,32.9,12.4,45.2,82.3,10.0,10.4,9.1,81.5,88.5,15.0,69.8,9.5,15.5,56.9,19.8,17.1,35.2,23.1,17.9,15.3,24.1,9.1,42.0,13.9,10.1,9.4,35.4,30.6,73.1,16.7,18.7,39.4,16.3,5.3,9.3,36.7,4.9,15.3,6.7
13239,GA,Quitman,15.3,39.0,9.6,54.7,85.8,10.5,11.1,12.1,83.9,88.9,17.1,68.7,13.1,19.3,52.8,18.6,23.6,43.2,26.7,25.9,24.4,31.9,11.2,46.0,18.3,13.5,12.6,37.2,39.2,77.7,17.3,26.7,42.3,19.8,7.8,12.9,39.4,7.3,17.7,9.8
13241,GA,Rabun,12.2,33.2,13.4,43.8,82.6,11.6,9.7,9.3,80.6,88.9,13.8,68.1,9.4,14.6,61.3,20.5,15.5,33.7,19.8,13.0,10.4,21.8,10.0,44.3,10.0,9.1,7.1,32.7,28.9,72.6,15.6,17.5,34.2,15.9,4.6,6.5,31.6,4.6,12.8,5.7
13243,GA,Randolph,16.8,37.9,9.5,54.6,84.6,8.7,12.0,12.0,83.5,86.8,19.2,62.7,13.7,21.1,41.1,19.6,24.9,45.5,28.0,34.1,34.9,35.2,10.4,43.3,24.2,16.0,17.0,38.3,42.6,72.6,19.2,28.8,45.6,20.6,9.7,18.6,42.2,7.9,34.1,12.1
13245,GA,Richmond,14.5,25.8,13.2,41.9,78.1,6.1,11.5,6.6,79.8,85.0,16.8,64.2,7.5,16.2,51.8,20.4,16.7,34.7,28.5,25.7,22.5,25.4,6.0,37.9,21.2,10.9,13.2,38.4,30.5,77.1,19.4,17.4,36.6,14.8,5.5,14.2,42.6,4.4,21.0,7.3
13247,GA,Rockdale,13.6,26.9,12.4,43.2,79.9,6.4,11.1,6.5,80.9,87.9,14.8,66.2,6.8,14.1,56.6,17.6,17.0,32.1,27.5,22.7,19.1,22.8,5.8,37.4,19.5,9.6,11.9,38.3,30.2,80.6,17.1,16.4,39.0,14.3,5.1,12.9,42.2,4.4,18.5,6.7
13249,GA,Schley,12.8,30.1,14.2,41.5,80.4,8.7,10.5,7.8,79.0,87.0,15.7,62.6,8.5,16.0,57.3,20.8,15.1,34.0,23.9,17.1,14.0,22.8,8.0,40.1,13.6,10.0,9.1,36.5,29.5,76.6,17.7,17.3,37.4,15.8,4.9,8.8,38.4,4.4,17.8,6.2
13251,GA,Screven,14.3,31.6,12.5,46.1,81.4,8.3,11.0,8.5,80.6,86.7,16.8,63.5,9.7,18.2,52.2,20.0,17.8,36.6,26.0,23.0,20.5,26.4,8.1,40.8,17.9,11.4,11.6,37.8,33.1,74.4,18.5,19.8,40.0,17.1,6.0,12.0,41.6,5.2,21.3,7.5
13253,GA,Seminole,13.3,34.2,11.8,47.0,82.9,9.8,10.8,9.5,81.4,87.9,16.1,64.3,10.2,17.0,54.3,19.5,18.0,37.7,24.8,20.7,18.2,26.1,9.5,42.6,15.9,11.2,10.5,37.1,33.3,75.4,17.4,20.6,39.4,17.1,5.9,10.7,38.7,5.4,20.6,7.4
13255,GA,Spalding,15.0,28.8,13.2,43.1,79.6,7.9,10.8,7.7,79.0,86.0,16.6,64.0,8.8,17.0,53.0,20.0,16.0,35.6,25.8,22.3,19.0,24.8,7.7,39.0,17.6,10.8,11.2,38.6,31.2,75.1,18.3,18.0,39.7,15.8,5.3,11.4,41.0,4.6,16.5,7.0
13257,GA,Stephens,13.7,30.5,14.5,41.1,79.9,9.2,10.5,8.3,78.1,85.4,16.8,64.1,9.6,17.8,56.4,22.1,14.9,35.9,23.3,17.6,14.9,23.8,8.8,40.4,13.5,10.7,9.4,36.4,30.8,70.8,18.7,17.7,38.5,16.5,5.0,8.7,34.1,4.5,18.9,6.4
13259,GA,Stewart,28.1,25.6,14.2,43.1,75.4,5.5,10.0,7.9,75.1,80.0,19.8,59.5,9.3,20.7,41.4,17.3,17.9,39.9,31.1,34.6,29.9,31.9,7.6,36.8,26.1,12.9,17.2,39.8,39.2,74.6,18.8,20.0,41.6,17.4,7.1,17.3,43.8,5.2,24.2,10.1
13261,GA,Sumter,14.9,28.3,12.5,43.6,79.0,7.0,11.3,7.7,80.0,84.9,17.4,62.1,8.6,16.4,52.2,19.2,16.7,36.3,27.1,25.6,22.6,26.2,7.3,38.5,20.0,11.7,13.3,39.4,32.9,75.9,19.1,18.3,39.5,15.8,5.8,13.6,41.7,4.8,15.8,7.7
13263,GA,Talbot,15.1,35.6,10.5,52.4,84.3,8.8,11.3,10.4,82.8,88.4,16.9,66.0,11.3,18.7,50.6,18.5,22.1,40.6,27.6,26.6,24.7,30.2,9.2,43.4,19.6,12.8,13.0,38.2,37.7,75.7,17.6,24.3,43.1,18.6,7.4,13.7,40.0,6.6,24.1,9.3
13265,GA,Taliaferro,15.8,35.4,10.5,52.2,84.4,9.0,10.9,10.4,82.8,88.5,16.4,65.8,10.8,18.1,51.3,17.5,21.7,40.6,28.4,25.6,22.9,29.8,9.5,43.1,19.2,12.4,12.4,38.0,37.6,76.0,17.0,24.1,41.7,18.1,7.2,13.1,41.6,6.6,18.1,9.1
13267,GA,Tattnall,18.7,28.0,14.8,42.5,76.4,7.1,10.4,7.9,76.9,82.4,18.7,59.7,9.5,20.2,48.8,20.2,16.0,37.4,27.2,26.0,23.2,27.7,8.0,39.1,19.9,11.8,13.4,38.4,34.9,74.0,19.5,18.3,40.7,17.0,6.0,13.4,42.1,4.6,25.7,8.0
13269,GA,Taylor,16.9,34.6,11.6,48.6,82.1,8.6,11.5,10.3,80.2,85.1,19.4,57.8,12.6,21.7,46.6,21.0,20.2,42.2,26.6,28.5,27.9,32.2,9.7,41.9,20.3,14.4,14.3,37.8,38.3,67.5,19.6,24.5,42.4,19.6,7.9,14.6,39.8,6.3,27.8,10.0
13271,GA,Telfair,22.8,31.5,12.7,47.5,79.6,7.6,10.7,10.1,77.9,83.0,20.0,54.5,12.0,22.7,43.9,19.8,20.5,43.3,28.7,32.3,30.3,33.6,9.7,41.3,23.2,14.3,15.8,39.2,40.6,69.5,19.7,23.9,43.0,19.7,8.0,16.4,42.8,6.1,30.5,10.6
13273,GA,Terrell,17.6,33.4,11.1,49.6,81.7,7.7,11.9,9.9,81.3,85.6,19.3,63.8,11.6,21.1,46.4,19.4,21.2,42.2,29.5,31.6,30.5,32.3,8.9,41.3,23.6,14.2,15.9,39.8,39.7,74.1,19.5,24.3,43.6,19.0,8.0,16.9,44.0,6.4,26.3,10.2
13275,GA,Thomas,12.8,29.9,13.1,43.2,81.1,8.3,10.7,7.8,80.7,87.2,15.5,65.3,8.5,15.9,56.3,19.7,16.0,33.9,24.2,19.6,17.2,23.5,7.6,40.2,15.8,10.3,10.3,36.0,29.1,76.6,17.4,17.4,39.2,15.4,5.2,10.6,39.2,4.6,20.3,6.6
13277,GA,Tift,16.1,28.5,13.7,41.0,78.5,7.4,10.7,7.4,78.6,84.9,17.3,63.8,8.6,17.5,53.1,21.0,15.8,35.9,25.7,23.3,20.4,25.5,7.6,38.4,18.3,11.1,12.1,37.0,33.0,75.6,19.1,17.3,39.4,16.2,5.5,12.3,37.7,4.4,13.9,7.3
13279,GA,Toombs,16.6,29.5,13.5,41.1,78.6,7.8,10.8,7.7,78.4,84.7,17.6,64.2,9.1,17.5,54.8,20.8,15.5,36.5,25.4,22.8,19.7,25.9,7.9,39.0,17.6,11.3,11.8,38.2,32.9,71.8,19.0,18.3,40.6,16.6,5.5,11.6,39.5,4.5,24.2,7.3
13281,GA,Towns,9.8,36.0,12.3,45.5,85.0,13.4,9.6,10.1,82.6,90.1,12.9,71.0,9.7,12.8,64.5,20.3,15.9,34.7,19.0,10.8,8.5,20.8,10.9,45.4,7.9,9.0,6.2,32.0,27.5,72.9,14.7,18.3,31.9,15.9,4.4,5.2,31.4,4.9,18.6,5.6
13283,GA,Treutlen,18.5,30.7,13.2,44.3,78.7,7.7,11.3,9.2,77.9,82.2,20.6,60.6,11.9,22.5,46.7,21.8,18.3,42.3,27.9,29.2,28.1,31.4,9.1,40.8,20.9,14.1,14.8,39.5,37.8,68.6,20.8,22.1,41.2,19.2,7.2,14.5,39.5,5.5,27.6,9.4
13285,GA,Troup,13.8,27.4,14.3,40.5,78.4,7.4,10.8,7.1,78.8,85.9,16.6,64.9,8.2,16.9,56.8,20.7,15.0,33.8,25.4,21.7,18.9,24.0,7.1,36.5,17.3,10.5,11.3,37.1,32.0,75.7,18.8,16.9,36.0,15.5,5.1,11.7,39.0,4.3,14.0,6.7
13287,GA,Turner,17.0,32.2,12.2,45.9,80.1,8.1,11.4,9.2,79.6,84.6,19.2,62.8,11.1,20.2,47.9,20.8,18.5,40.9,27.2,28.0,26.3,29.8,8.9,40.9,20.7,13.5,14.2,39.6,37.8,73.3,19.9,22.2,44.4,18.4,7.0,14.5,41.8,5.6,23.5,9.1
13289,GA,Twiggs,14.6,33.6,12.2,47.8,82.9,8.8,11.0,9.3,81.2,87.6,16.6,64.8,10.3,18.4,54.0,19.1,18.6,37.8,27.3,22.2,19.1,27.4,8.7,43.0,16.9,11.5,11.1,37.4,33.9,74.1,18.1,21.1,39.7,17.7,6.2,11.0,39.0,5.7,19.6,7.7
13291,GA,Union,10.7,36.5,12.6,45.0,84.1,12.9,9.6,9.9,81.8,90.0,13.4,71.2,9.9,14.2,61.2,20.5,15.7,35.4,20.0,11.5,8.9,21.7,10.6,45.1,8.5,9.0,6.3,32.9,28.4,74.9,15.1,18.5,34.5,16.3,4.5,5.5,34.4,4.8,9.8,5.6
13293,GA,Upson,14.1,29.4,13.6,42.1,79.8,8.3,10.9,8.1,78.7,85.8,17.2,63.8,9.5,18.8,53.0,21.2,16.3,35.7,25.7,21.2,18.8,25.1,8.1,39.2,16.5,11.3,11.0,37.7,32.8,75.6,19.0,18.6,39.2,16.8,5.6,11.1,38.6,4.7,20.9,7.1
13295,GA,Walker,12.7,30.5,15.1,39.6,79.0,9.3,10.2,7.7,78.0,86.1,15.7,62.2,8.8,16.7,54.4,21.6,13.5,33.3,21.8,15.1,12.3,21.7,8.4,40.1,11.9,9.7,8.2,35.1,29.9,75.7,18.0,16.1,38.0,15.8,4.4,7.6,39.4,4.0,12.9,5.6
13297,GA,Walton,12.9,27.2,14.4,38.0,78.4,8.1,10.3,6.6,78.0,86.6,15.2,61.4,7.3,14.9,57.3,20.4,13.0,31.8,23.2,16.7,13.2,20.6,7.0,37.7,13.8,9.1,8.9,36.3,28.0,75.0,17.3,14.8,38.3,14.3,4.2,8.6,36.3,3.7,10.6,5.5
13299,GA,Ware,16.4,29.2,13.8,43.3,78.5,7.8,10.9,8.4,78.8,84.1,18.6,60.7,10.0,19.6,50.2,21.9,16.8,38.0,25.7,24.6,22.9,27.8,8.4,39.4,18.7,12.3,12.7,38.3,36.6,73.7,19.8,19.6,41.3,17.7,6.1,12.8,37.9,4.9,27.4,7.9
13301,GA,Warren,15.3,33.4,11.0,50.3,82.6,8.2,11.4,9.4,81.7,87.4,17.3,63.8,10.5,18.6,51.0,18.9,20.2,40.0,28.6,26.6,24.1,29.2,8.4,41.2,20.4,12.5,13.2,39.6,37.0,77.0,18.2,22.7,43.5,17.7,6.9,13.8,41.2,6.1,26.0,8.7
13303,GA,Washington,15.7,30.2,12.8,47.1,80.1,7.1,11.1,8.3,80.3,85.5,17.7,61.4,9.7,19.3,50.4,19.4,18.7,37.8,28.4,27.6,25.2,28.6,7.6,39.6,21.3,12.2,13.8,40.1,34.9,74.7,18.8,20.4,43.1,17.1,6.6,14.8,42.4,5.4,22.0,8.4
13305,GA,Wayne,16.3,29.0,14.6,42.7,78.2,7.8,10.8,8.0,77.9,83.8,18.4,56.7,10.0,20.0,50.5,21.6,15.8,36.6,25.1,23.5,21.3,26.6,8.3,39.3,17.9,11.8,12.1,37.0,33.5,70.4,19.7,18.4,43.3,17.3,5.8,12.3,39.3,4.6,19.7,7.5
13307,GA,Webster,14.6,35.3,11.2,50.7,83.8,9.3,11.2,10.7,82.2,87.7,17.1,62.6,11.4,18.5,50.3,19.3,21.0,40.6,26.2,25.1,23.2,29.6,9.9,43.1,18.6,12.8,12.7,37.3,36.4,72.1,17.9,23.7,42.2,18.5,7.3,13.2,40.3,6.4,24.5,9.1
13309,GA,Wheeler,19.2,26.9,14.6,43.8,75.7,6.9,10.0,8.1,76.6,81.7,19.0,54.3,9.6,21.0,43.2,19.0,16.0,38.2,29.4,26.8,23.4,28.5,8.2,38.4,20.4,11.9,13.9,39.3,35.5,72.1,19.2,18.6,41.3,16.8,6.1,13.8,42.4,4.8,20.1,8.1
13311,GA,White,11.5,30.0,14.8,39.8,80.3,10.2,9.9,7.9,78.5,87.3,14.6,67.0,8.4,14.7,62.7,21.1,13.2,31.8,21.2,12.5,9.5,20.0,8.6,41.1,9.9,8.8,7.1,34.4,26.3,72.2,16.7,15.3,35.0,15.0,4.0,6.1,32.7,4.0,8.8,5.1
13313,GA,Whitfield,22.1,25.3,15.0,35.7,77.0,7.4,9.6,6.9,76.4,84.3,16.7,59.3,7.5,15.6,51.3,20.2,14.1,33.1,24.3,20.8,14.8,24.3,7.5,39.3,16.4,9.7,10.4,36.4,31.9,73.6,17.7,15.7,37.9,15.8,4.6,9.2,38.4,3.7,16.4,6.8
13315,GA,Wilcox,17.8,29.5,13.7,46.2,78.4,8.0,10.2,9.1,78.3,83.7,18.0,58.4,10.3,20.2,51.9,19.2,17.4,38.8,28.0,24.8,22.2,28.4,9.1,39.8,19.0,12.0,12.9,37.9,35.0,73.5,18.5,20.1,42.6,17.3,6.3,13.1,41.1,5.3,17.6,8.2
13317,GA,Wilkes,15.1,33.0,11.7,47.4,82.4,8.8,10.8,9.3,81.2,87.3,16.7,65.5,10.2,17.8,52.7,19.2,18.9,38.4,26.3,23.0,20.3,27.6,8.9,42.5,17.4,11.8,11.6,37.7,35.4,75.0,17.6,21.3,40.6,17.5,6.3,11.6,39.1,5.6,21.4,8.1
13319,GA,Wilkinson,13.9,31.8,12.5,45.9,81.4,8.3,10.9,8.5,80.4,86.6,16.8,66.3,9.7,18.0,50.5,20.1,17.7,38.0,26.0,22.5,20.3,26.2,8.3,40.9,17.5,11.4,11.5,37.6,34.0,75.5,18.4,20.2,41.0,16.9,5.9,11.9,42.6,5.2,21.9,7.5
13321,GA,Worth,14.2,32.0,13.1,44.5,80.6,8.7,10.9,8.6,79.5,86.1,17.4,64.6,10.1,18.9,55.0,21.7,16.9,38.0,25.6,21.8,19.5,26.5,8.6,40.6,16.5,11.6,11.2,38.2,33.9,72.3,19.0,19.8,38.9,17.4,5.8,11.3,36.8,5.0,20.7,7.4
15001,HI,Hawaii,6.6,27.4,17.5,31.0,76.9,8.3,11.0,7.6,75.5,82.2,14.5,61.1,7.1,14.5,64.1,20.0,12.5,32.3,29.4,19.9,16.9,20.7,8.6,35.0,12.7,8.7,9.5,30.8,22.3,70.8,15.6,14.8,27.2,14.8,4.4,7.5,38.1,4.4,10.4,6.1
15003,HI,Honolulu,5.2,21.8,17.3,31.6,77.4,6.1,9.5,5.8,78.3,82.7,12.1,63.3,4.7,9.8,69.7,15.1,12.4,28.1,30.7,16.9,10.9,18.0,6.8,36.4,10.5,6.7,7.0,32.4,23.7,80.2,14.2,12.8,25.3,11.6,3.1,5.4,48.2,3.5,7.8,5.0
15005,HI,Kalawao,10.9,34.8,14.7,46.6,80.7,9.1,10.2,12.8,78.5,86.4,13.7,65.6,9.8,16.6,65.2,14.3,22.1,38.2,27.4,23.2,21.6,28.7,12.4,41.7,16.1,11.1,10.5,28.4,29.8,78.9,13.6,23.7,38.5,18.1,7.2,10.5,42.4,7.3,11.5,9.4
15007,HI,Kauai,6.3,26.5,16.9,33.1,75.6,7.7,10.0,6.8,75.3,83.1,12.7,64.3,6.0,12.0,68.4,16.4,12.0,27.1,27.0,16.5,12.8,17.9,7.3,36.7,10.4,7.2,7.7,29.7,21.2,73.9,14.6,13.0,23.9,13.0,3.6,6.4,42.5,3.9,9.9,5.3
15009,HI,Maui,6.3,24.6,18.5,30.7,74.6,7.8,10.3,6.6,74.2,83.9,12.5,59.6,5.9,13.2,65.5,15.8,12.2,28.4,28.6,17.1,13.4,17.9,7.4,35.3,11.1,7.4,7.9,32.1,20.5,77.9,14.9,14.1,26.2,12.8,3.7,6.1,41.3,3.8,9.3,5.2
16001,ID,Ada,8.5,25.8,17.2,31.2,69.2,8.2,10.3,5.4,76.4,83.1,14.1,64.9,5.3,10.4,71.8,25.0,9.0,31.5,17.9,9.9,6.4,15.0,8.3,32.9,8.6,7.0,6.1,28.2,18.4,75.4,15.2,12.3,29.0,12.2,2.9,5.4,30.3,2.8,16.8,3.9
16003,ID,Adams,9.8,35.7,12.3,40.7,78.5,11.5,10.8,9.6,77.6,84.9,15.5,65.1,10.0,14.3,63.2,21.5,13.9,39.0,18.8,12.8,9.9,21.3,13.1,38.4,9.2,9.4,7.2,26.5,28.0,66.2,14.8,19.9,34.2,16.2,4.8,6.6,30.9,4.9,12.6,6.0
16005,ID,Bannock,10.1,25.6,15.1,31.0,70.9,7.7,11.2,5.9,74.2,79.0,16.7,59.0,6.6,12.9,64.6,25.0,9.7,36.6,20.5,14.4,9.9,18.5,9.3,32.0,11.1,8.4,8.1,31.4,21.8,70.5,17.0,14.5,33.0,14.1,3.5,7.6,36.3,3.1,12.0,4.8
16007,ID,Bear Lake,9.4,29.9,13.5,34.1,75.1,9.8,10.9,7.6,74.9,81.9,16.0,62.0,8.1,13.3,67.6,22.2,11.6,36.3,19.2,12.4,8.8,18.8,10.9,35.8,9.6,8.8,7.0,28.0,24.7,72.5,15.9,16.8,31.0,14.9,4.0,6.5,32.9,3.9,15.4,5.2
16009,ID,Benewah,11.3,33.2,13.6,38.0,75.9,10.0,11.6,9.1,75.2,81.4,17.6,58.6,10.2,16.8,62.4,22.4,13.5,41.4,20.7,16.8,12.8,23.3,12.8,37.1,11.9,10.6,9.0,29.0,29.5,67.0,16.6,20.3,36.3,16.9,5.2,8.1,33.8,4.8,19.6,6.7
16011,ID,Bingham,12.4,27.1,13.9,33.0,70.9,7.8,11.0,6.5,73.6,79.2,17.4,60.6,7.1,14.0,64.5,23.0,11.2,38.3,21.2,15.5,10.4,19.7,9.8,32.3,12.4,8.8,8.6,30.6,24.4,66.0,17.1,15.6,39.0,14.6,3.9,7.9,33.3,3.4,10.2,5.5
16013,ID,Blaine,10.5,26.9,14.4,31.0,75.2,9.9,9.9,6.6,76.3,85.4,12.9,65.8,6.1,9.6,71.7,18.9,10.2,31.0,18.2,10.2,6.1,15.9,9.6,35.3,8.5,6.8,5.8,25.8,20.2,73.2,13.1,13.8,23.1,12.7,3.2,5.1,27.2,3.3,7.7,4.4
16015,ID,Boise,7.7,33.6,13.2,38.0,76.7,11.4,10.5,8.1,78.1,86.6,13.6,67.3,7.7,11.7,67.7,21.4,12.1,35.3,18.9,9.9,6.6,17.7,11.3,39.2,7.8,7.6,5.8,26.5,22.6,66.1,13.6,16.8,31.9,14.3,3.7,5.2,31.0,4.0,11.3,4.6
16017,ID,Bonner,8.8,31.5,13.8,36.7,75.8,10.9,10.7,8.4,75.6,84.5,14.8,62.2,8.4,12.9,66.4,21.3,11.8,35.7,18.5,11.0,8.4,19.1,11.4,37.4,8.6,8.5,6.6,26.3,23.3,68.8,14.5,17.2,32.2,14.7,4.1,5.9,29.0,4.2,18.3,5.2
16019,ID,Bonneville,10.7,25.2,15.1,29.9,69.9,7.6,10.6,5.6,74.6,81.0,16.2,64.8,6.0,11.4,67.5,25.3,9.4,32.6,20.0,12.6,8.7,17.1,8.6,32.8,10.6,7.9,7.5,29.8,21.4,68.5,16.5,13.2,33.3,12.5,3.3,6.7,36.4,3.0,19.9,4.6
16021,ID,Boundary,11.2,32.9,13.3,36.1,76.5,10.0,11.2,8.5,75.4,82.1,17.2,60.6,9.3,14.7,64.3,21.8,12.6,40.1,19.9,14.7,10.9,21.3,12.0,36.7,10.6,9.8,8.1,29.9,26.0,65.7,15.8,19.2,33.3,16.2,4.7,7.4,31.0,4.4,19.2,6.0
16023,ID,Butte,13.1,35.4,12.8,40.3,77.2,10.5,11.5,10.5,75.5,81.0,19.1,59.8,11.8,17.3,60.5,23.8,15.2,44.7,20.7,18.4,15.5,25.7,14.2,38.9,12.6,12.0,9.9,28.9,29.8,65.6,17.2,22.9,35.5,18.4,6.1,9.1,33.0,5.4,14.2,7.7
16025,ID,Camas,10.0,31.1,13.9,36.0,75.5,10.5,10.5,7.9,76.3,84.8,14.5,61.7,7.8,12.4,69.9,21.0,11.8,35.0,19.8,11.2,7.5,18.5,11.1,37.0,8.8,8.0,6.4,27.6,23.3,71.0,14.4,16.5,29.7,14.4,3.9,5.8,30.8,4.0,10.2,4.9
16027,ID,Canyon,13.6,25.1,14.9,30.9,69.0,7.6,10.8,5.9,72.4,80.5,17.5,58.5,6.6,12.4,63.5,23.1,11.2,37.6,20.1,14.7,10.0,19.4,9.3,34.2,11.7,8.6,8.3,29.0,25.1,61.7,16.6,15.2,35.3,14.2,3.7,7.6,34.8,3.2,12.9,5.4
16029,ID,Caribou,9.9,28.2,14.6,32.5,72.7,9.0,10.7,6.8,73.6,81.1,16.1,59.4,7.3,13.6,66.9,22.0,10.5,35.6,20.4,12.1,8.4,18.4,10.1,34.0,9.9,8.5,7.1,29.7,24.0,68.2,16.4,15.4,34.8,14.2,3.7,6.5,32.8,3.6,17.6,4.8
16031,ID,Cassia,15.8,25.1,14.4,32.3,70.9,7.4,10.6,6.5,71.5,78.8,17.4,56.2,6.9,13.0,61.6,22.1,11.0,36.7,22.0,17.1,11.4,21.1,9.6,33.2,13.5,9.0,9.2,30.1,26.7,67.0,16.6,16.0,37.5,14.6,4.1,8.1,34.1,3.4,12.9,5.9
16033,ID,Clark,19.5,28.4,12.9,36.3,74.0,8.4,10.4,8.5,74.2,80.2,18.0,55.2,8.3,13.9,58.0,20.4,13.8,40.8,22.1,20.2,14.1,25.0,12.1,35.6,15.1,10.2,10.3,30.2,30.3,67.4,15.7,19.7,36.0,16.3,5.2,9.3,34.0,4.3,20.6,7.6
16035,ID,Clearwater,10.1,34.9,14.0,38.5,77.0,11.1,10.5,9.1,77.1,84.0,15.6,59.7,9.3,14.1,64.7,20.8,13.1,39.0,19.8,13.0,9.4,20.8,13.0,37.9,9.7,9.2,7.1,26.3,25.4,67.1,14.9,19.3,31.8,16.1,4.5,6.6,33.7,4.7,20.9,5.8
16037,ID,Custer,8.9,34.5,13.0,40.3,78.2,11.8,10.5,9.4,78.3,85.6,14.6,62.7,9.1,12.7,66.9,20.6,13.4,36.9,18.3,11.4,8.5,19.6,12.9,40.8,8.5,8.7,6.5,26.2,24.3,71.6,14.2,18.5,31.5,15.6,4.4,6.0,29.9,4.7,16.5,5.5
16039,ID,Elmore,13.6,24.8,15.1,31.7,68.8,7.2,10.7,6.2,70.3,77.1,18.0,59.4,7.1,13.8,60.1,22.8,10.4,37.6,22.4,16.5,11.5,19.9,9.3,32.2,12.8,9.2,9.3,32.8,24.4,68.2,17.5,15.3,34.2,14.2,3.9,8.2,36.9,3.3,18.3,5.6
16041,ID,Franklin,10.1,25.8,14.8,30.9,70.4,8.0,10.7,6.0,72.0,79.6,16.2,55.7,6.6,12.9,63.0,22.8,9.4,34.1,20.2,12.4,8.4,17.6,9.0,31.2,10.2,8.2,7.2,31.1,22.6,65.5,16.7,14.1,35.7,13.5,3.4,6.6,33.2,3.2,12.2,4.6
16043,ID,Fremont,11.3,27.4,15.3,30.9,72.9,8.5,10.5,6.6,73.4,80.8,15.9,60.3,7.1,12.9,65.5,22.1,10.5,35.6,20.5,13.1,8.7,18.4,9.8,33.1,10.5,8.3,7.4,29.3,23.5,63.8,16.2,15.1,32.7,14.0,3.7,6.7,32.3,3.4,14.2,5.0
16045,ID,Gem,10.6,30.6,13.4,35.1,74.9,10.0,10.7,7.5,76.1,83.0,15.5,61.8,7.8,12.9,66.8,21.8,11.5,36.1,19.5,12.1,8.1,19.0,10.9,35.2,9.4,8.5,6.9,27.3,24.5,69.2,15.3,16.5,32.9,14.9,3.9,6.0,31.5,3.9,12.1,5.0
16047,ID,Gooding,17.9,28.1,13.9,34.9,73.3,8.4,10.7,8.0,73.6,79.3,18.7,58.2,8.7,15.0,57.7,20.9,13.0,40.0,21.9,18.9,13.8,24.1,11.3,34.4,14.4,10.4,10.2,30.0,29.7,67.6,16.7,18.8,34.1,16.4,5.1,9.1,32.6,4.2,21.0,7.2
16049,ID,Idaho,9.7,32.9,12.7,37.9,76.3,11.2,10.6,9.2,76.2,83.9,15.3,62.8,9.1,13.1,60.7,20.9,12.8,37.8,19.5,12.0,8.6,20.3,13.1,36.3,9.1,8.8,6.9,28.3,25.0,65.2,14.7,18.8,31.8,15.5,4.3,6.1,28.5,4.6,14.7,5.6
16051,ID,Jefferson,10.2,23.3,14.9,28.7,68.7,7.5,10.7,5.5,72.2,80.2,15.7,59.6,6.0,12.2,65.1,22.5,9.1,31.0,19.4,11.9,8.2,16.1,8.2,32.5,10.2,7.7,7.2,28.6,21.4,71.1,16.3,12.5,33.1,12.8,3.3,6.6,33.5,2.9,14.5,4.4
16053,ID,Jerome,20.4,25.6,13.8,33.0,70.5,7.1,10.8,7.0,71.8,77.6,19.5,55.1,8.0,15.7,58.1,21.6,12.6,39.7,24.1,21.9,15.2,24.9,10.2,34.3,16.9,10.5,11.1,31.6,30.1,67.4,17.2,18.1,35.8,16.2,5.0,10.1,34.2,3.8,22.9,7.3
16055,ID,Kootenai,8.8,29.3,16.4,30.1,73.1,9.4,10.7,6.7,73.8,83.0,14.8,61.2,7.2,12.1,67.4,23.7,9.9,34.2,19.9,11.1,8.0,17.2,9.8,34.1,9.1,8.0,6.6,28.7,19.6,63.9,16.1,15.0,31.7,14.3,3.6,6.0,33.6,3.5,19.5,4.6
16057,ID,Latah,8.2,22.8,18.0,28.1,68.9,7.2,10.7,5.3,72.0,76.2,16.0,62.2,5.5,10.0,70.2,23.4,7.8,31.1,20.1,11.4,7.7,15.3,7.9,29.1,9.1,7.9,7.4,30.6,18.0,75.9,17.2,11.7,29.0,11.9,2.9,6.1,28.1,2.7,9.8,4.1
16059,ID,Lemhi,9.3,35.9,13.0,39.6,78.0,11.7,10.8,9.3,77.1,84.9,15.0,65.5,9.2,13.4,66.1,21.9,12.7,38.3,19.6,11.6,8.5,19.6,13.0,39.6,8.6,8.9,6.5,28.3,26.3,69.8,14.8,19.2,30.4,15.7,4.3,6.0,31.4,4.7,14.2,5.5
16061,ID,Lewis,10.5,36.4,11.7,42.3,78.6,11.2,11.3,10.4,77.3,83.5,17.0,64.8,10.9,15.5,61.3,21.9,15.1,41.8,20.3,15.8,12.6,23.7,14.2,40.1,10.8,10.7,8.6,28.6,29.7,69.5,15.8,21.9,35.2,17.2,5.4,7.9,34.0,5.3,17.9,6.9
16063,ID,Lincoln,17.2,25.6,14.7,32.1,70.7,7.4,10.6,6.7,72.2,78.8,17.9,55.9,7.3,14.2,59.0,21.7,11.5,37.7,22.6,17.9,11.6,22.2,9.9,33.2,14.2,9.3,9.5,31.6,27.9,61.7,16.7,16.2,34.2,15.3,4.3,8.5,32.8,3.5,21.5,6.2
16065,ID,Madison,10.9,12.7,15.5,17.3,52.4,3.4,12.1,3.0,67.3,63.7,23.1,55.9,4.4,10.0,59.2,27.9,4.9,34.3,20.9,17.4,12.1,15.5,5.7,21.2,12.3,10.4,11.8,36.5,19.4,65.2,22.7,8.2,26.2,11.2,2.6,8.1,34.7,1.7,21.0,4.8
16067,ID,Minidoka,18.1,25.6,14.1,34.0,72.0,7.5,10.3,6.9,71.6,79.0,18.0,56.6,7.3,13.5,58.1,20.8,12.3,38.4,22.9,18.8,12.4,22.4,10.2,34.3,14.4,9.4,9.7,31.1,28.9,67.4,16.6,17.1,36.4,15.4,4.5,8.6,33.0,3.7,19.1,6.6
16069,ID,Nez Perce,9.5,30.1,16.1,35.7,74.7,9.7,11.4,7.4,76.2,82.2,16.4,66.0,7.9,13.5,67.1,23.9,10.8,39.1,18.6,13.1,9.3,18.5,11.0,34.0,10.0,9.0,7.6,30.3,25.2,71.0,16.3,17.1,37.7,14.7,4.0,6.8,34.3,3.9,15.6,5.3
16071,ID,Oneida,8.9,28.9,14.3,33.2,73.4,9.4,10.5,7.0,74.5,82.3,15.3,63.5,7.2,12.4,68.1,22.0,10.5,35.3,19.1,11.0,7.7,17.6,10.1,36.0,8.8,8.2,6.6,29.2,22.4,66.4,15.8,15.1,31.9,13.8,3.5,5.9,31.6,3.6,7.6,4.6
16073,ID,Owyhee,17.4,29.9,13.7,35.8,73.1,8.2,11.0,8.2,73.0,78.9,19.3,55.1,9.3,16.4,60.4,22.2,13.4,41.3,22.9,20.3,14.6,25.0,11.7,35.7,14.8,10.8,10.4,30.2,30.7,62.0,17.1,20.0,33.4,17.0,5.3,9.2,35.3,4.4,16.3,7.4
16075,ID,Payette,13.5,28.6,14.0,35.5,74.6,9.0,10.9,7.7,73.6,80.5,17.2,61.5,8.4,14.3,60.5,22.5,11.8,37.1,20.2,15.6,11.4,21.2,11.1,35.2,11.9,9.5,8.5,27.3,26.7,66.5,16.4,17.5,31.4,15.4,4.5,7.8,30.1,4.0,13.0,6.1
16077,ID,Power,17.2,27.1,13.8,33.6,72.1,8.0,10.5,7.4,73.1,79.2,17.6,58.3,7.9,13.8,58.8,21.2,12.1,38.0,21.2,18.3,12.8,22.6,10.7,34.7,14.1,9.6,9.8,29.7,28.1,64.8,16.5,17.3,37.5,15.6,4.5,8.9,33.5,3.9,23.5,6.7
16079,ID,Shoshone,11.3,34.2,14.4,37.4,74.6,9.9,11.3,8.7,75.5,81.1,18.3,58.7,9.9,15.9,54.9,22.9,13.5,42.8,21.6,15.8,12.4,22.8,12.5,38.8,11.6,10.5,8.7,29.3,28.1,66.2,17.3,20.0,36.1,16.9,4.9,7.9,35.5,4.6,22.9,6.3
16081,ID,Teton,9.6,24.9,16.0,29.7,70.6,8.0,10.0,5.3,74.4,83.6,13.3,57.4,5.4,10.7,69.2,20.7,9.2,28.6,18.2,10.4,6.7,15.0,7.9,32.5,9.1,6.6,6.1,26.1,19.0,73.6,14.1,11.8,32.0,11.9,3.0,5.9,30.6,2.7,7.1,4.0
16083,ID,Twin Falls,13.0,27.3,14.4,31.0,71.2,8.1,11.1,6.5,72.6,80.2,16.7,61.8,7.3,13.3,63.9,23.7,11.0,35.0,20.9,14.7,10.7,20.0,9.7,30.0,11.9,9.0,8.2,30.2,27.8,68.8,16.6,16.2,33.3,14.2,4.0,7.6,33.4,3.5,18.2,5.4
16085,ID,Valley,9.0,32.9,13.6,39.0,77.2,10.9,10.7,8.5,77.1,85.2,14.4,66.0,8.6,13.2,63.3,21.2,13.1,37.3,18.4,11.7,8.9,19.7,11.8,37.4,9.0,8.4,6.7,25.8,24.9,70.8,14.4,17.9,34.0,15.0,4.3,6.4,32.7,4.3,10.9,5.3
16087,ID,Washington,13.3,33.6,12.9,38.3,76.7,10.2,11.1,9.6,76.1,82.1,17.5,60.3,10.0,15.2,62.3,21.8,14.5,42.2,20.8,16.6,13.0,23.6,13.2,37.4,12.0,10.5,9.0,28.0,29.1,66.0,16.1,20.8,33.4,17.1,5.3,8.3,31.7,4.9,18.0,7.1
17001,IL,Adams,7.3,29.0,18.1,37.2,77.6,9.7,10.3,7.3,78.7,87.0,13.4,64.0,8.1,14.4,63.2,22.4,12.0,30.7,23.1,12.9,12.7,18.7,7.9,37.9,10.3,8.4,7.0,32.4,24.1,73.2,16.7,14.6,37.8,13.5,3.7,6.8,36.3,3.7,12.0,4.7
17003,IL,Alexander,10.1,35.3,13.8,47.9,81.8,9.5,11.7,10.2,81.6,87.3,16.4,62.8,12.1,19.6,52.3,21.2,19.0,39.7,28.2,24.4,26.9,28.8,9.5,41.2,17.7,12.3,11.8,34.6,33.3,71.2,18.2,22.9,45.3,17.8,6.7,12.6,40.3,6.0,18.2,8.2
17005,IL,Bond,8.8,27.1,18.6,35.5,75.6,8.6,10.5,6.9,77.2,84.8,14.7,63.8,8.0,15.1,55.1,22.8,11.6,31.2,25.4,15.2,14.5,20.0,7.4,36.1,12.1,8.8,8.2,34.5,24.2,74.1,17.9,14.1,39.0,13.8,3.8,7.8,37.9,3.6,10.7,4.9
17007,IL,Boone,11.8,26.8,17.5,34.9,76.3,8.3,10.0,6.7,77.3,86.4,14.2,61.3,7.4,14.1,60.3,21.5,12.2,31.0,24.9,15.9,13.8,20.9,7.2,36.7,13.0,8.4,8.1,33.5,25.6,74.8,16.7,14.3,36.8,13.9,3.9,7.6,36.8,3.5,15.8,5.3
17009,IL,Brown,12.1,24.5,19.6,36.4,71.4,7.1,10.0,6.5,75.2,82.5,15.8,55.8,8.0,17.8,54.0,20.5,11.7,32.5,29.8,19.8,18.7,22.3,7.0,34.4,16.0,9.2,10.2,35.9,26.4,65.9,18.1,14.2,41.5,14.0,4.2,10.2,39.8,3.5,17.5,5.5
17011,IL,Bureau,9.1,30.7,16.7,37.9,79.0,10.1,10.2,8.0,79.3,87.2,13.8,64.4,8.9,14.8,57.8,22.5,13.2,32.7,24.0,14.2,13.6,20.7,8.6,39.1,11.0,8.9,7.4,32.9,25.8,71.7,16.6,16.2,38.1,14.7,4.1,7.0,36.4,4.1,15.2,5.3
17013,IL,Calhoun,6.4,31.4,17.5,38.0,79.7,11.1,10.1,7.5,80.2,89.5,12.0,64.5,7.8,12.9,67.2,21.2,11.9,29.5,23.0,9.8,8.7,17.4,8.2,40.1,8.3,7.4,5.5,31.2,22.0,71.8,15.4,14.2,35.3,13.5,3.4,5.2,33.1,3.7,7.7,4.1
17015,IL,Carroll,9.1,31.0,18.0,39.3,78.7,10.1,10.1,8.2,78.6,86.6,13.9,64.0,9.0,15.3,63.3,21.3,13.3,33.0,24.8,14.2,13.6,21.0,8.8,39.0,11.0,8.8,7.5,32.7,25.8,71.7,16.6,16.0,38.8,14.6,4.1,7.1,34.0,4.1,13.2,5.2
17017,IL,Cass,12.6,28.5,17.1,37.4,76.6,8.6,10.2,7.4,77.6,85.7,14.9,60.6,8.6,15.8,58.9,21.6,13.4,33.3,25.8,18.1,16.7,22.9,8.0,37.7,14.1,9.3,8.9,33.7,27.8,67.6,17.2,16.0,40.6,15.0,4.4,8.6,36.4,3.9,19.5,5.9
17019,IL,Champaign,7.5,21.4,19.0,28.7,73.1,6.5,10.1,5.0,75.0,82.9,13.4,65.3,5.6,11.1,61.1,22.6,9.6,26.5,25.5,14.7,13.0,16.5,5.6,32.2,11.6,7.6,8.3,35.5,20.1,75.0,17.3,10.5,31.1,11.1,3.0,7.5,34.6,2.7,12.0,4.3
17021,IL,Christian,8.7,29.4,18.5,37.5,76.9,9.3,10.3,7.4,77.4,85.9,14.4,60.8,8.6,16.1,60.0,22.4,12.3,32.4,25.2,14.3,14.0,20.6,8.0,37.7,11.4,8.8,7.6,33.6,25.5,73.2,17.4,15.3,38.1,14.5,3.9,7.3,36.5,3.8,16.5,5.0
17023,IL,Clark,7.3,29.7,18.1,36.8,77.8,9.7,10.3,7.3,78.5,87.2,13.5,64.9,8.3,14.9,65.8,22.5,12.0,30.8,23.4,12.5,12.2,19.0,7.9,38.0,10.0,8.3,6.8,32.8,23.2,71.9,16.8,14.5,37.3,13.9,3.7,6.5,34.8,3.7,11.3,4.6
17025,IL,Clay,9.0,31.6,17.3,39.7,78.4,9.9,10.8,8.5,78.3,85.8,15.6,59.4,10.3,17.8,58.6,23.6,13.9,35.0,24.6,16.6,17.1,23.1,9.0,39.4,12.1,10.2,8.5,33.8,27.8,70.1,18.2,17.6,41.5,15.9,4.7,8.1,35.4,4.4,17.0,5.9
17027,IL,Clinton,7.5,27.6,19.1,35.5,76.4,9.2,10.3,6.6,78.3,87.1,13.1,64.8,7.4,14.0,64.3,21.7,11.3,29.2,24.0,12.2,11.4,17.8,7.2,36.9,10.2,7.7,6.7,32.4,22.2,76.5,16.5,13.2,40.2,13.1,3.4,6.5,35.5,3.4,11.6,4.3
17029,IL,Coles,8.2,27.4,18.3,34.0,75.8,8.4,10.8,6.9,77.1,83.8,15.3,62.4,8.2,14.8,59.4,24.1,11.4,32.6,24.0,15.2,15.5,19.8,7.5,34.7,11.7,9.3,8.5,34.8,24.2,69.3,18.7,14.5,37.7,13.8,3.9,7.8,37.2,3.6,15.8,5.1
17031,IL,Cook,11.8,21.7,18.1,31.0,74.7,6.4,9.8,5.3,77.5,87.9,12.5,56.9,5.7,11.1,62.5,18.7,11.8,26.9,26.9,19.2,16.0,19.3,5.5,34.2,15.8,7.6,9.1,34.3,23.3,74.2,14.9,12.6,31.0,11.6,3.7,8.9,35.6,3.2,8.6,5.2
17033,IL,Crawford,8.3,28.8,18.2,37.6,76.8,9.3,10.4,7.2,78.0,86.4,14.0,63.8,8.4,15.4,61.3,22.3,12.1,31.2,24.6,14.0,13.6,20.0,7.7,38.0,11.4,8.6,7.5,32.9,24.3,71.2,17.2,14.8,40.1,14.1,3.9,7.4,35.7,3.7,13.7,4.9
17035,IL,Cumberland,7.1,29.9,17.9,37.2,78.2,10.0,10.3,7.3,78.8,87.6,13.2,62.2,8.1,14.5,63.8,22.9,11.9,30.5,23.5,11.8,11.3,18.5,7.9,38.7,9.6,8.1,6.5,32.7,23.3,70.5,16.8,14.4,38.7,13.7,3.6,6.2,35.2,3.7,10.9,4.4
17037,IL,DeKalb,9.2,22.7,19.7,30.4,72.5,7.0,10.4,5.5,75.6,83.4,14.6,62.6,6.3,12.6,63.7,23.0,10.3,29.2,25.2,15.5,13.9,18.0,6.1,32.9,12.6,8.2,8.5,34.5,22.5,75.0,18.3,11.7,35.1,12.2,3.3,7.8,34.6,2.9,11.2,4.6
17039,IL,De Witt,7.7,29.5,17.7,37.2,77.8,9.7,10.4,7.3,78.5,87.1,13.6,63.6,8.4,15.3,63.5,22.5,12.2,31.3,23.7,13.1,12.7,19.6,7.9,37.9,10.4,8.4,6.9,32.2,24.2,71.5,17.0,14.9,38.2,14.2,3.8,6.7,36.4,3.7,16.2,4.7
17041,IL,Douglas,9.4,27.9,18.5,35.4,76.3,9.0,10.4,6.9,77.3,85.8,14.4,61.9,8.0,15.1,59.8,22.6,11.7,31.4,24.9,14.1,13.0,19.8,7.6,37.2,11.3,8.6,7.4,33.6,24.7,73.1,17.4,14.5,38.5,14.0,3.7,6.9,35.7,3.5,12.6,4.9
17043,IL,DuPage,7.2,22.3,15.9,30.7,76.9,8.1,8.9,5.3,78.5,88.8,10.1,65.2,5.0,9.5,70.9,17.4,10.0,22.4,23.4,10.7,8.3,14.2,5.6,35.9,9.0,5.8,5.7,32.4,19.0,76.0,13.4,10.5,29.2,10.2,2.6,5.2,34.5,2.7,8.2,3.6
17045,IL,Edgar,8.1,32.6,16.7,40.3,79.4,10.5,10.5,8.6,79.3,87.1,14.4,62.2,9.8,16.4,59.9,22.8,13.6,33.9,23.6,14.4,14.8,21.7,9.1,39.8,10.8,9.6,7.5,32.3,26.8,71.5,17.2,17.2,37.5,15.4,4.4,7.2,37.0,4.4,13.8,5.5
17047,IL,Edwards,8.3,32.6,16.7,40.2,79.3,10.3,10.8,8.7,78.9,86.7,15.1,63.2,10.3,17.3,63.6,23.6,14.1,35.0,24.0,15.5,16.2,22.6,9.2,39.8,11.6,10.0,8.1,32.8,27.3,68.9,17.9,17.8,40.3,16.0,4.7,7.9,34.6,4.5,15.6,5.8
17049,IL,Effingham,7.3,28.1,18.8,35.2,76.9,9.4,10.2,6.8,77.9,86.8,13.2,62.5,7.7,14.1,66.9,22.5,11.3,29.2,23.2,12.0,11.5,18.1,7.4,36.3,9.8,7.9,6.6,32.2,22.8,72.7,16.7,13.5,34.3,13.2,3.5,6.3,34.2,3.5,12.4,4.4
17051,IL,Fayette,9.8,28.4,18.2,37.6,75.8,8.7,10.4,7.6,76.9,84.4,15.5,58.7,9.2,17.4,61.1,22.4,12.7,33.4,26.1,17.1,17.1,22.2,8.2,37.3,13.2,9.6,8.9,34.3,26.7,69.2,18.1,15.8,39.8,14.9,4.4,8.7,37.3,4.0,16.8,5.6
17053,IL,Ford,8.5,29.6,18.1,37.1,77.3,9.4,10.6,7.5,78.1,86.3,14.5,63.0,8.7,15.8,63.0,22.9,12.4,32.3,24.5,14.5,14.3,20.4,8.1,37.7,11.3,9.0,7.6,33.0,25.6,68.5,17.5,15.4,37.7,14.5,4.0,7.4,37.6,3.8,16.8,5.1
17055,IL,Franklin,8.7,31.9,17.1,38.7,78.5,9.8,10.9,8.4,78.8,85.8,15.5,60.0,10.2,17.7,56.3,23.7,13.9,35.0,24.4,16.4,17.4,23.0,8.9,38.5,12.2,10.2,8.6,33.0,27.6,64.1,18.4,17.7,41.6,16.0,4.8,8.4,38.4,4.4,16.2,5.9
17057,IL,Fulton,8.8,30.4,17.7,39.2,77.4,9.6,10.5,7.9,78.3,86.1,14.6,59.4,9.2,16.8,58.7,23.1,13.0,33.3,24.5,15.4,15.3,21.3,8.4,38.6,11.9,9.2,8.0,33.0,25.8,67.9,17.6,16.0,39.9,14.9,4.3,7.8,36.8,4.1,16.4,5.3
17059,IL,Gallatin,8.7,34.1,16.2,41.6,80.3,11.0,10.8,9.3,79.5,87.1,15.1,59.3,10.9,17.4,56.5,23.0,14.6,36.0,24.3,15.6,16.2,23.5,9.9,40.7,11.4,10.3,8.0,32.8,28.2,70.4,17.5,18.9,40.8,16.4,4.9,7.6,36.3,4.8,15.8,6.1
17061,IL,Greene,8.1,31.4,17.3,38.9,78.3,9.9,10.7,8.1,78.3,86.4,14.9,60.6,9.7,17.2,59.1,23.2,13.2,33.7,24.5,14.9,15.3,21.7,8.6,39.3,11.3,9.5,7.7,32.8,26.7,71.0,17.8,16.6,40.2,15.4,4.3,7.5,36.1,4.1,15.4,5.4
17063,IL,Grundy,8.3,24.9,20.4,32.3,74.8,8.2,10.1,5.7,77.2,86.7,12.9,63.7,6.4,13.3,67.2,22.0,10.3,27.4,24.1,12.4,10.8,17.0,6.4,35.3,10.9,7.2,6.7,32.6,22.3,74.7,16.8,11.8,36.4,12.4,3.1,6.5,34.1,3.0,9.9,4.0
17065,IL,Hamilton,8.3,32.1,17.0,39.9,78.9,10.2,10.7,8.7,78.8,86.4,15.0,60.6,10.1,17.0,60.5,23.3,13.9,34.7,23.9,15.4,16.2,22.4,9.2,39.6,11.5,9.9,8.1,32.7,26.8,71.8,17.8,17.5,40.0,15.7,4.6,7.8,35.7,4.4,15.1,5.8
17067,IL,Hancock,7.3,31.8,16.9,39.6,79.6,10.8,10.3,8.2,79.7,88.1,13.3,66.6,9.0,14.7,65.4,22.0,13.2,32.1,22.8,12.5,12.4,19.8,8.8,40.3,9.7,8.6,6.7,31.7,25.2,70.6,16.3,15.9,38.8,14.5,4.0,6.4,33.6,4.1,9.8,5.0
17069,IL,Hardin,8.4,33.6,16.0,42.1,80.5,10.9,10.6,9.3,79.9,87.7,14.5,62.4,10.5,16.9,58.8,22.4,14.7,35.4,24.5,14.8,15.0,22.8,9.8,41.5,11.0,9.7,7.6,32.8,27.4,70.6,17.1,18.1,39.7,16.0,4.7,7.3,36.5,4.7,17.5,5.7
17071,IL,Henderson,7.6,33.5,16.3,41.8,81.1,11.4,10.2,8.9,80.6,88.6,13.3,64.9,9.6,15.1,63.5,21.4,14.1,33.2,23.5,12.7,12.6,21.0,9.5,41.8,9.6,8.9,6.7,31.8,25.8,70.7,15.9,17.2,38.6,15.1,4.2,6.3,34.3,4.5,13.4,5.3
17073,IL,Henry,7.9,29.4,18.2,36.4,78.4,10.0,10.2,7.2,78.5,88.0,12.9,66.5,7.8,13.8,66.4,21.8,11.9,30.3,23.5,11.9,11.0,18.4,7.8,38.0,9.9,7.9,6.5,32.1,23.6,73.8,16.2,14.2,36.9,13.5,3.5,6.2,34.1,3.6,11.0,4.5
17075,IL,Iroquois,9.6,31.4,16.6,40.0,79.0,10.1,10.5,8.4,78.6,86.7,14.8,62.6,9.7,16.4,61.2,22.8,13.9,34.4,24.8,15.8,15.5,22.2,8.9,40.0,12.0,9.6,8.0,33.9,27.0,71.5,17.4,17.1,40.6,15.4,4.5,7.6,35.6,4.3,16.6,5.7
17077,IL,Jackson,8.4,25.0,17.7,33.6,74.5,7.4,10.8,6.5,77.7,82.3,15.6,61.0,7.7,13.8,56.2,23.0,11.6,31.5,24.8,18.0,18.2,20.3,7.0,33.4,13.5,9.7,10.1,36.1,24.4,70.6,18.8,13.8,39.8,13.3,4.0,9.4,38.1,3.5,18.7,5.6
17079,IL,Jasper,6.9,30.1,18.1,36.9,78.5,10.2,10.2,7.3,78.9,88.0,13.0,65.9,8.1,14.3,66.7,22.6,12.0,30.3,23.2,11.4,10.9,18.3,7.9,38.9,9.3,7.9,6.3,31.4,23.2,71.0,16.4,14.3,38.2,13.7,3.6,6.0,34.4,3.7,9.1,4.4
17081,IL,Jefferson,8.4,29.7,18.0,38.5,77.2,9.3,10.6,7.6,78.2,86.3,14.5,62.2,8.8,16.1,59.9,22.7,13.0,32.3,25.1,15.4,15.4,21.1,8.0,38.1,12.2,9.1,8.1,33.6,25.2,71.5,17.6,15.6,39.8,14.6,4.2,8.1,37.2,4.0,16.0,5.3
17083,IL,Jersey,6.9,29.5,18.2,36.2,77.9,9.7,10.3,7.1,78.7,87.3,13.2,63.8,7.9,14.0,63.3,22.8,11.7,29.9,23.3,11.6,11.0,18.2,7.7,37.5,9.5,8.0,6.5,32.8,23.2,74.0,16.8,14.0,39.0,13.5,3.5,6.1,35.4,3.6,13.0,4.4
17085,IL,Jo Daviess,6.8,33.0,16.2,40.4,81.4,11.9,9.9,8.5,81.1,89.7,11.9,68.0,8.6,13.0,66.7,20.6,13.2,31.0,22.4,10.5,9.8,18.8,9.2,41.2,8.2,7.8,5.8,30.5,23.8,70.4,14.8,15.6,36.1,13.8,3.7,5.3,32.6,4.2,11.3,4.6
17087,IL,Johnson,10.4,28.1,18.2,38.4,75.4,8.7,10.2,7.7,77.2,84.6,15.2,56.8,8.9,16.8,59.8,21.5,12.9,33.8,27.3,17.5,17.1,22.5,8.2,37.1,13.9,9.4,9.2,34.5,26.4,64.8,17.5,15.8,41.4,14.7,4.4,9.1,37.5,4.0,18.1,5.7
17089,IL,Kane,11.6,23.4,18.2,30.4,75.0,7.6,9.3,5.7,76.2,87.0,12.2,59.4,5.7,11.0,65.8,18.6,11.5,26.1,24.5,14.3,11.6,18.0,6.2,34.4,12.4,7.0,7.3,32.2,23.1,73.1,15.0,11.7,35.1,12.1,3.3,6.9,34.7,3.0,11.9,4.7
17091,IL,Kankakee,9.9,27.3,17.3,37.7,76.8,8.3,10.7,7.0,78.2,85.9,14.7,59.2,7.9,14.7,60.1,21.4,13.0,32.2,26.5,17.4,16.4,21.2,7.3,38.2,13.8,8.9,8.9,35.2,25.0,69.9,17.8,15.2,39.8,14.1,4.1,8.8,39.7,3.8,18.4,5.4
17093,IL,Kendall,8.8,20.8,19.9,29.6,72.7,6.7,9.5,4.4,76.8,87.5,11.5,61.7,4.7,11.0,68.8,19.4,9.4,23.4,24.7,12.0,9.6,15.0,5.0,32.5,11.3,6.1,6.5,32.9,19.5,75.7,15.4,9.7,39.7,10.8,2.6,6.5,34.5,2.4,8.3,3.7
17095,IL,Knox,9.3,30.3,16.7,38.7,78.3,9.6,10.6,8.2,79.0,85.9,14.9,61.4,9.4,16.0,57.6,21.9,13.5,33.9,25.2,16.8,16.8,22.1,8.7,38.1,12.8,9.7,8.7,33.0,27.5,67.6,17.5,16.8,39.2,15.2,4.5,8.4,36.7,4.3,11.6,5.8
17097,IL,Lake,9.2,22.0,15.8,32.4,74.8,7.7,9.1,5.4,76.9,88.2,11.3,61.9,5.4,10.4,64.3,18.1,11.2,23.9,23.6,12.4,9.7,16.0,5.9,36.8,10.7,6.4,6.4,30.7,19.9,75.5,14.1,11.1,32.9,11.0,3.0,6.1,33.1,2.9,9.6,4.2
17099,IL,LaSalle,9.3,29.0,18.4,36.4,77.6,9.3,10.3,7.3,78.3,86.5,13.9,64.2,8.2,15.0,61.3,22.3,12.4,31.2,24.8,14.7,13.6,19.9,7.8,37.6,11.7,8.5,7.5,33.8,24.9,74.7,17.0,14.8,37.8,14.2,3.9,7.3,35.9,3.7,12.0,5.0
17101,IL,Lawrence,10.6,28.2,18.3,38.1,75.2,8.6,10.5,7.5,76.8,84.3,15.7,57.9,9.2,17.6,53.7,22.0,12.8,34.0,27.0,18.0,17.9,22.8,8.0,37.1,14.1,9.7,9.4,34.5,27.0,64.6,18.2,16.0,40.7,15.1,4.5,9.3,38.8,4.0,20.9,5.7
17103,IL,Lee,9.1,29.0,17.7,38.0,77.9,9.5,10.2,7.6,78.6,86.9,13.8,61.5,8.4,15.3,60.3,21.2,12.8,31.8,24.6,14.5,13.7,20.4,8.1,38.0,11.8,8.5,7.5,32.5,25.6,71.7,16.6,15.2,38.9,14.2,4.0,7.4,37.7,3.9,13.8,5.1
17105,IL,Livingston,8.8,28.7,17.9,36.6,77.4,9.3,10.5,7.3,77.9,86.3,14.1,64.8,8.4,15.3,61.5,22.0,12.2,31.5,24.8,14.5,14.0,20.1,7.9,37.7,11.6,8.7,7.6,33.9,25.4,67.8,17.2,15.0,35.9,14.2,3.9,7.3,36.0,3.8,13.3,5.0
17107,IL,Logan,8.5,27.4,18.5,35.6,76.2,8.9,10.4,6.9,77.7,85.9,14.2,63.4,7.9,15.1,60.1,22.2,11.6,30.8,25.4,14.6,14.1,19.5,7.5,36.3,11.9,8.6,7.8,33.9,24.4,73.5,17.5,14.2,38.5,13.6,3.7,7.6,36.5,3.6,16.0,4.8
17109,IL,McDonough,8.0,25.8,18.5,34.1,75.2,8.3,10.6,6.8,76.9,82.9,15.3,60.4,7.9,13.8,57.9,23.8,11.4,32.1,23.9,15.4,15.2,19.5,7.5,35.3,11.5,9.3,8.7,35.1,23.4,71.8,18.6,13.8,36.3,13.5,3.8,7.7,35.7,3.5,11.2,5.1
17111,IL,McHenry,7.9,26.3,18.7,33.7,75.3,8.6,9.6,5.6,77.4,88.0,11.7,63.0,5.9,11.5,65.4,21.7,10.5,26.3,22.7,11.1,9.0,16.2,6.3,35.7,9.6,6.6,6.0,31.8,20.9,75.9,15.4,11.3,32.1,11.7,2.9,5.6,30.5,2.9,13.2,3.8
17113,IL,McLean,6.8,22.6,18.7,30.9,73.7,7.4,10.3,5.2,77.1,85.1,12.7,63.2,5.6,11.2,62.6,22.3,9.5,26.0,23.5,12.1,10.8,15.6,5.7,34.1,10.1,7.1,6.9,33.5,19.4,74.5,16.7,10.5,34.5,11.1,2.8,6.4,34.2,2.7,12.1,3.9
17115,IL,Macon,8.1,29.7,16.2,39.2,78.4,9.2,10.8,7.5,79.3,86.9,14.2,63.9,8.5,15.0,59.8,21.7,13.3,32.5,25.8,16.5,16.6,21.0,7.8,38.6,13.0,9.2,8.5,34.3,25.9,70.4,17.3,16.0,42.1,14.4,4.2,8.7,38.2,4.1,14.8,5.4
17117,IL,Macoupin,7.8,30.4,17.3,38.2,78.2,9.9,10.6,7.7,78.7,86.9,14.2,61.6,9.1,15.9,59.9,22.9,12.8,32.5,23.9,13.7,13.8,20.4,8.3,38.6,10.6,9.0,7.3,32.3,25.0,71.0,17.3,15.9,37.0,14.7,4.1,7.0,35.6,4.0,13.9,5.1
17119,IL,Madison,7.3,27.9,18.2,35.5,76.3,8.9,10.5,6.4,78.3,87.0,13.1,63.3,7.2,13.3,65.7,22.2,11.2,30.5,24.8,13.5,12.6,18.3,7.0,36.2,11.5,8.0,7.2,33.4,22.1,74.0,17.1,13.6,38.7,13.4,3.5,7.1,35.2,3.4,8.1,4.5
17121,IL,Marion,8.3,30.7,17.6,38.5,78.1,9.6,10.8,7.9,78.5,86.0,15.2,62.8,9.5,17.0,58.8,23.5,13.3,33.9,24.3,15.7,16.3,22.1,8.4,38.0,12.1,9.7,8.3,33.3,27.0,69.3,18.1,16.5,39.5,15.3,4.4,8.1,36.9,4.1,18.3,5.5
17123,IL,Marshall,8.1,31.4,17.5,38.9,79.4,10.5,10.4,8.1,79.3,87.7,13.7,63.5,8.9,15.2,60.3,22.5,13.0,32.6,24.0,12.9,12.5,20.3,8.7,39.8,10.2,8.7,6.9,32.6,25.1,68.3,16.7,15.9,38.6,14.6,4.0,6.5,35.7,4.1,11.5,5.0
17125,IL,Mason,7.7,31.6,17.0,39.1,79.2,10.3,10.5,8.3,79.2,87.2,14.2,63.1,9.4,16.0,63.7,22.6,13.3,33.1,23.8,13.7,13.7,20.9,8.9,39.4,10.5,9.1,7.2,32.2,25.7,71.1,17.2,16.4,37.3,15.0,4.2,6.9,34.1,4.2,13.7,5.2
17127,IL,Massac,8.4,31.9,16.5,39.9,79.2,9.9,10.9,8.3,79.0,86.9,14.9,59.0,9.7,16.6,59.4,22.8,14.1,34.6,24.6,15.9,16.2,22.3,8.8,39.3,12.1,9.8,8.3,33.6,26.8,70.6,17.7,17.5,40.8,15.5,4.6,8.1,36.6,4.4,19.8,5.8
17129,IL,Menard,6.7,29.7,17.9,36.8,78.1,10.0,10.4,7.0,79.0,88.1,12.8,62.1,7.9,14.1,64.8,22.5,11.7,29.4,22.8,11.6,11.2,18.1,7.6,38.5,9.5,7.8,6.3,31.7,22.5,72.6,16.4,13.9,37.9,13.5,3.5,6.2,35.0,3.6,9.3,4.3
17131,IL,Mercer,7.8,30.5,18.0,37.6,78.3,10.0,10.3,7.6,78.8,87.3,13.7,62.4,8.6,15.3,63.9,22.4,12.4,32.0,24.1,12.9,12.4,19.7,8.2,38.3,10.3,8.5,6.9,33.2,24.4,71.2,16.9,15.2,38.6,14.3,3.8,6.6,34.7,3.9,14.4,4.8
17133,IL,Monroe,5.6,27.3,19.0,33.9,77.3,9.9,9.9,5.9,79.4,89.4,11.0,68.1,6.2,11.3,71.2,21.3,10.1,25.4,21.4,8.4,7.4,14.7,6.6,37.6,7.6,6.3,5.0,30.5,18.6,68.9,14.9,11.4,35.5,11.7,2.7,4.8,34.0,3.0,7.5,3.4
17135,IL,Montgomery,8.6,29.4,18.3,37.4,77.6,9.5,10.3,7.6,78.0,86.1,14.3,61.7,8.9,16.1,59.4,22.3,12.6,32.7,24.9,14.5,14.4,20.9,8.3,37.6,11.4,9.0,7.7,33.3,25.6,66.6,17.4,15.6,39.1,14.7,4.1,7.5,34.8,3.9,14.2,5.1
17137,IL,Morgan,8.6,29.5,17.7,38.0,77.6,9.4,10.5,7.6,78.5,86.0,14.5,62.5,8.8,15.6,60.1,22.5,12.6,32.3,24.5,15.2,15.1,20.7,8.1,37.7,11.8,9.1,8.0,33.2,24.9,68.7,17.4,15.6,39.9,14.4,4.1,7.7,37.2,3.9,9.1,5.3
17139,IL,Moultrie,8.4,29.2,18.4,36.1,76.7,9.4,10.7,7.1,77.3,86.0,14.6,61.1,8.6,16.0,63.1,23.7,11.6,31.8,25.0,14.0,13.2,20.3,7.8,37.3,11.0,8.9,7.3,33.9,24.7,67.9,17.9,14.9,38.4,14.4,3.9,6.8,34.7,3.7,13.2,4.8
17141,IL,Ogle,8.9,28.5,18.3,36.9,77.6,9.5,10.1,7.1,78.4,87.3,13.4,61.9,7.8,14.0,59.7,21.8,12.2,30.3,23.7,13.1,12.1,19.1,7.7,37.8,10.8,8.1,7.0,31.9,24.0,71.4,16.4,14.4,40.9,13.7,3.7,6.6,35.7,3.6,8.9,4.7
17143,IL,Peoria,8.0,26.8,16.7,36.9,77.1,8.4,10.6,6.7,78.5,86.7,13.5,62.1,7.5,13.8,61.0,22.1,12.6,30.2,24.6,15.8,15.6,19.6,7.0,37.5,12.7,8.4,8.4,34.4,23.5,70.2,16.9,14.1,34.8,13.2,3.9,8.5,36.9,3.7,11.0,5.1
17145,IL,Perry,10.2,29.5,17.8,38.5,76.4,9.0,10.5,7.9,77.6,84.7,15.6,60.2,9.5,17.4,54.1,22.3,13.2,34.3,26.7,17.7,17.6,22.8,8.4,37.5,13.6,9.9,9.2,34.6,27.1,70.8,18.2,16.6,40.7,15.3,4.6,9.0,38.8,4.2,13.0,5.8
17147,IL,Piatt,6.2,28.3,18.7,35.4,78.0,10.1,10.0,6.6,79.1,88.6,11.8,65.6,6.9,12.5,68.0,21.7,10.9,27.6,22.1,9.8,9.0,16.2,7.3,37.9,8.4,7.0,5.6,31.3,20.8,73.1,15.5,12.6,35.1,12.4,3.1,5.3,33.6,3.3,5.4,3.8
17149,IL,Pike,8.5,31.5,17.0,39.4,78.4,10.0,10.6,8.2,78.7,86.2,14.8,62.4,9.7,16.8,60.3,23.2,13.3,33.9,23.9,15.2,15.9,21.8,8.8,39.1,11.5,9.6,7.9,33.0,27.1,70.2,17.7,16.9,40.6,15.3,4.4,7.7,35.4,4.2,16.6,5.6
17151,IL,Pope,7.1,35.4,15.3,43.0,81.9,12.0,10.3,9.4,81.6,89.8,13.0,64.6,9.9,15.0,61.6,21.3,14.9,34.1,23.6,12.5,12.1,21.3,9.9,42.3,9.4,8.9,6.6,31.5,26.1,67.6,15.7,17.9,39.6,15.5,4.4,6.2,34.6,4.7,17.7,5.3
17153,IL,Pulaski,11.1,33.2,14.7,45.3,80.2,8.5,11.6,9.5,80.0,85.3,17.1,59.6,11.6,20.0,52.9,21.9,18.4,39.3,28.6,25.7,28.7,28.6,9.0,39.4,18.7,12.3,12.6,35.4,32.9,67.0,18.9,21.7,45.6,17.5,6.5,13.5,41.0,5.7,19.4,8.3
17155,IL,Putnam,7.4,30.2,17.4,37.4,79.3,10.6,9.9,7.6,79.6,88.7,12.3,66.2,7.8,13.1,66.3,21.1,12.1,29.9,23.2,10.9,9.9,18.1,8.2,39.4,9.0,7.6,6.0,31.5,22.7,73.0,15.5,14.2,36.1,13.4,3.4,5.6,33.5,3.7,6.6,4.3
17157,IL,Randolph,9.3,29.7,17.8,39.1,77.2,9.4,10.4,7.7,78.1,86.1,14.6,62.6,8.9,16.3,60.0,21.9,12.9,33.2,26.1,15.7,15.3,21.6,8.2,38.0,12.4,9.2,8.1,34.2,26.2,72.4,17.5,16.0,38.8,14.8,4.2,8.0,37.0,4.0,18.5,5.3
17159,IL,Richland,7.7,30.7,18.0,37.5,78.2,10.0,10.5,7.7,78.6,86.9,14.2,58.2,8.9,15.5,62.6,23.0,12.5,32.6,23.7,13.6,13.6,20.2,8.4,38.5,10.7,9.0,7.3,32.7,24.9,72.0,17.4,15.7,39.4,14.5,4.0,7.0,36.0,4.0,11.5,5.0
17161,IL,Rock Island,10.0,28.7,17.9,36.1,78.0,8.8,10.5,7.3,78.3,86.6,13.9,62.5,8.1,14.5,63.3,20.4,13.1,31.3,24.7,16.4,15.6,20.9,7.8,37.0,13.0,8.9,8.5,33.4,24.9,71.4,16.9,15.2,39.6,14.0,4.1,8.3,35.5,3.9,15.2,5.5
17163,IL,St. Clair,7.8,28.3,17.1,39.0,77.8,7.9,11.1,6.5,80.2,87.5,13.3,64.4,7.2,14.2,62.7,20.9,13.1,29.9,26.6,16.6,16.6,19.7,6.4,36.5,13.9,8.5,8.7,33.6,25.0,76.5,16.9,14.5,38.8,13.2,4.0,9.4,37.8,3.8,11.8,5.1
17165,IL,Saline,8.3,31.3,17.4,39.2,78.6,9.8,10.9,8.2,78.8,86.5,14.9,62.0,9.7,16.7,57.8,23.3,13.5,33.7,24.0,15.5,16.1,22.0,8.6,38.9,11.9,9.7,8.2,32.8,26.3,67.0,17.9,16.9,40.3,15.4,4.5,8.0,37.9,4.3,15.2,5.6
17167,IL,Sangamon,7.1,28.3,17.3,37.0,77.5,9.1,10.5,6.6,79.6,87.7,12.7,64.2,7.3,13.2,63.6,21.1,11.9,29.2,23.7,13.3,13.0,18.2,7.0,36.2,11.1,7.9,7.2,32.9,22.2,72.8,16.3,13.7,39.6,13.0,3.6,7.3,35.3,3.5,11.7,4.6
17169,IL,Schuyler,8.7,31.9,17.2,41.4,79.1,10.2,10.3,8.7,79.3,87.0,14.4,59.1,9.8,17.2,59.5,21.9,14.4,34.2,24.6,15.6,16.1,22.6,9.2,39.9,11.9,9.5,8.1,32.1,27.3,66.2,17.0,17.3,40.4,15.5,4.6,8.2,36.2,4.5,11.8,5.7
17171,IL,Scott,7.3,30.5,17.4,37.4,78.6,10.0,10.4,7.5,79.0,87.3,13.6,63.8,8.6,15.1,66.3,22.7,12.3,31.5,23.6,12.7,12.4,19.5,8.1,38.7,10.0,8.5,6.8,32.5,24.2,70.5,16.8,15.1,38.4,14.2,3.8,6.5,34.3,3.8,10.2,4.8
17173,IL,Shelby,7.4,31.7,17.2,38.9,79.4,10.6,10.4,8.1,79.4,87.8,13.5,62.1,9.0,15.2,59.6,22.4,13.0,32.6,23.7,12.7,12.5,19.8,8.8,39.5,9.9,8.6,6.8,32.4,24.8,74.2,16.7,15.9,37.6,14.5,3.9,6.5,34.8,4.1,11.3,4.9
17175,IL,Stark,7.8,30.6,17.5,38.5,78.8,10.2,10.3,7.9,78.9,87.2,13.7,66.0,8.8,15.1,62.7,22.3,12.7,32.3,23.9,12.9,12.5,19.9,8.6,39.0,10.2,8.6,6.9,32.3,24.9,71.3,16.8,15.6,38.2,14.4,3.9,6.6,35.8,4.0,10.4,4.9
17177,IL,Stephenson,8.2,31.9,16.4,40.1,80.0,10.4,10.6,8.3,80.2,88.0,13.7,63.4,9.1,15.0,60.5,22.4,13.9,33.4,24.6,14.9,14.7,21.2,8.7,39.5,11.6,9.2,7.8,33.7,26.8,73.7,16.9,16.8,40.6,14.8,4.3,7.7,35.5,4.3,14.0,5.4
17179,IL,Tazewell,6.9,28.2,17.9,35.3,77.1,9.6,10.3,6.6,78.7,87.5,12.7,62.3,7.3,13.5,65.1,23.0,11.2,29.2,23.0,11.6,10.9,17.6,7.2,36.8,9.7,7.7,6.4,32.2,22.4,71.4,16.3,13.2,36.3,13.0,3.3,6.2,36.1,3.4,16.0,4.2
17181,IL,Union,9.3,31.6,16.6,39.8,78.8,9.9,10.7,8.7,78.8,86.3,15.1,58.5,10.1,17.1,61.9,22.8,14.1,34.9,24.6,16.5,17.0,23.1,9.2,39.3,12.3,9.9,8.4,33.2,28.0,71.7,17.5,17.6,39.8,15.7,4.7,8.3,35.1,4.4,20.2,6.0
17183,IL,Vermilion,9.7,30.6,16.7,42.2,77.2,9.1,10.9,8.2,79.6,85.9,15.5,60.5,9.7,17.2,56.6,22.9,14.4,34.8,26.2,18.7,19.4,23.5,8.4,39.5,14.2,10.2,9.5,33.6,29.0,71.1,18.2,17.6,43.8,15.7,4.8,9.5,36.7,4.4,17.4,6.2
17185,IL,Wabash,7.9,30.7,17.6,38.4,78.8,10.1,10.6,8.2,78.7,86.3,14.4,62.9,9.4,15.8,60.7,22.9,13.3,33.3,23.6,14.4,14.7,21.0,8.7,38.5,10.9,9.3,7.7,32.7,25.6,71.8,17.5,16.3,39.8,14.9,4.3,7.4,35.7,4.2,18.3,5.3
17187,IL,Warren,9.5,28.4,17.6,36.1,77.3,9.1,10.4,7.3,77.7,85.7,14.4,59.9,8.2,14.5,59.5,22.4,12.3,32.3,25.1,14.7,13.5,20.4,7.9,37.2,11.4,8.8,7.8,34.4,25.0,73.9,17.3,15.0,37.0,14.1,3.9,7.0,35.7,3.7,11.7,5.1
17189,IL,Washington,6.7,29.8,18.2,36.5,78.3,10.1,10.2,7.2,79.0,88.1,12.7,67.2,7.8,13.8,63.9,22.2,11.7,29.5,23.0,11.3,10.7,17.9,7.8,38.4,9.3,7.8,6.3,31.6,22.4,74.3,16.3,13.9,36.8,13.5,3.5,6.0,34.6,3.6,11.3,4.3
17191,IL,Wayne,8.5,32.0,17.1,39.7,78.6,10.2,10.7,8.5,78.8,86.4,15.0,62.9,10.0,17.0,62.1,23.3,13.6,34.4,24.4,15.1,15.4,22.2,9.1,39.5,11.4,9.8,7.9,32.6,27.4,68.8,17.8,17.2,39.9,15.7,4.5,7.6,35.8,4.3,24.4,5.6
17193,IL,White,8.9,33.0,16.4,40.9,79.4,10.4,10.9,9.2,79.1,86.2,15.7,61.4,11.0,18.1,55.6,23.5,14.5,36.2,24.3,16.7,17.6,24.0,9.8,39.6,12.1,10.7,8.5,32.9,28.8,71.1,18.1,18.9,39.2,16.5,5.1,8.2,36.3,4.7,18.5,6.3
17195,IL,Whiteside,9.6,29.9,17.4,37.1,78.7,9.7,10.2,7.6,78.5,87.1,13.8,64.1,8.3,14.6,63.6,21.5,13.0,31.7,24.2,14.1,13.3,20.6,8.1,39.0,11.3,8.5,7.3,31.7,25.4,71.6,16.6,15.3,36.2,14.4,3.9,6.9,34.1,3.8,15.6,5.1
17197,IL,Will,9.1,23.8,18.8,32.0,76.4,7.2,9.7,5.3,77.5,87.7,12.0,59.8,5.6,11.6,67.5,18.9,10.7,25.4,25.5,13.1,11.1,17.7,5.6,34.0,11.6,6.8,7.0,33.7,24.0,68.8,15.7,11.6,38.0,11.7,3.1,6.9,37.3,2.9,7.4,4.2
17199,IL,Williamson,7.5,29.5,18.0,37.2,77.4,9.5,10.5,7.2,78.4,87.2,13.6,63.5,8.2,14.7,60.4,22.9,12.4,31.4,24.0,13.7,13.5,19.6,7.8,37.0,11.0,8.4,7.3,32.7,24.3,70.8,16.9,14.6,40.1,14.0,3.8,7.2,37.2,3.7,7.3,4.8
17201,IL,Winnebago,10.7,29.3,16.3,38.2,77.9,8.5,10.6,7.3,78.9,86.2,14.6,60.8,8.3,15.5,56.5,22.5,13.9,33.3,26.7,18.4,17.6,22.3,7.6,38.3,14.5,9.4,9.3,34.5,27.0,71.4,17.6,16.2,42.0,14.9,4.4,9.2,36.5,4.0,15.2,5.9
17203,IL,Woodford,6.1,27.5,18.9,34.7,77.0,9.6,10.1,6.4,78.8,88.0,12.0,64.4,6.8,12.4,63.4,22.0,10.6,27.6,22.1,9.9,9.1,16.2,7.0,37.1,8.4,7.1,5.7,31.8,20.6,75.9,15.8,12.2,37.3,12.3,3.0,5.4,32.9,3.2,11.3,3.8
18001,IN,Adams,10.1,31.2,15.9,39.2,78.0,8.8,11.7,8.1,79.4,83.7,17.6,64.4,10.4,19.4,52.0,27.0,14.1,36.4,23.4,17.0,10.8,24.1,8.7,38.3,12.0,10.0,8.7,32.3,28.2,72.3,19.2,17.1,41.7,16.1,4.5,9.0,37.3,4.1,19.1,5.9
18003,IN,Allen,8.9,26.0,17.1,36.7,76.7,7.8,11.2,6.4,79.3,85.4,15.1,63.7,7.6,14.4,59.8,26.1,12.9,30.3,23.1,14.9,8.6,19.7,6.7,35.4,11.5,8.0,7.9,32.4,22.9,74.2,17.4,13.2,39.4,12.8,3.6,8.9,35.3,3.4,16.0,4.9
18005,IN,Bartholomew,8.4,28.2,16.1,37.1,77.6,8.5,10.6,6.6,80.5,86.2,14.0,66.7,7.6,14.8,63.6,24.9,12.4,29.4,22.7,13.1,7.2,19.7,7.1,38.3,9.8,7.5,6.9,31.6,24.0,76.1,17.2,13.4,38.9,13.2,3.4,7.1,35.8,3.3,21.7,4.6
18007,IN,Benton,9.7,31.7,15.8,39.8,78.3,9.1,11.5,8.0,79.4,84.9,16.8,65.3,10.0,18.8,55.3,26.5,14.2,35.6,23.6,15.8,9.8,23.7,8.5,39.7,11.6,9.4,8.2,33.2,28.1,74.1,18.7,16.7,42.4,15.7,4.4,8.7,36.2,4.0,20.5,5.7
18009,IN,Blackford,9.5,35.0,14.6,43.9,80.5,10.1,11.7,9.6,80.0,85.3,17.4,61.3,12.1,20.8,56.5,26.5,16.4,37.9,22.9,17.6,11.9,26.1,9.9,42.3,12.2,10.6,8.8,31.9,30.9,72.9,18.9,19.7,44.3,17.2,5.1,9.5,37.6,4.8,22.3,6.5
18011,IN,Boone,5.9,24.9,16.7,33.4,77.1,8.6,10.4,5.4,80.6,88.5,11.7,68.5,5.9,11.6,65.9,21.5,10.5,24.9,20.2,8.9,4.4,15.0,5.9,36.8,7.5,5.8,5.1,28.1,18.9,80.6,15.0,10.6,32.9,11.3,2.5,5.4,33.0,2.6,6.6,3.3
18013,IN,Brown,6.8,34.5,14.6,43.0,82.4,11.1,10.9,8.5,82.4,89.2,13.4,69.3,9.5,15.9,64.7,24.1,14.7,32.0,21.2,10.8,6.2,20.4,8.8,42.7,8.2,7.7,5.8,29.4,25.3,78.9,15.8,16.1,36.1,14.7,3.8,6.1,32.3,4.1,16.7,4.7
18015,IN,Carroll,8.7,32.1,16.0,40.6,79.2,9.8,11.1,8.0,80.7,86.7,15.2,66.0,9.5,17.5,62.6,25.0,13.9,33.4,23.3,13.3,7.5,22.0,8.4,40.6,10.0,8.5,6.9,32.3,27.4,75.7,17.7,15.8,41.6,15.2,3.9,7.2,35.7,3.9,18.4,5.0
18017,IN,Cass,12.3,31.2,14.9,41.0,79.0,8.8,11.1,8.1,78.8,85.0,16.7,61.6,10.0,18.5,57.1,24.8,15.3,35.4,24.1,17.7,10.5,24.5,8.6,40.3,12.8,9.4,8.7,32.6,31.2,73.2,18.0,17.3,47.4,16.0,4.6,9.2,35.6,4.1,20.2,6.2
18019,IN,Clark,8.3,29.6,16.7,39.8,77.4,8.4,11.3,6.7,80.1,86.4,14.9,67.8,8.1,16.4,59.6,25.9,12.5,32.9,24.7,13.8,7.8,20.6,6.9,37.1,10.9,7.9,7.3,32.0,24.8,78.5,17.3,14.3,43.9,13.8,3.6,8.0,36.2,3.4,19.5,4.6
18021,IN,Clay,8.1,32.6,16.4,41.5,78.2,9.4,11.4,7.8,80.4,86.1,15.7,66.2,9.6,18.0,58.8,26.5,14.2,33.7,22.4,14.1,8.3,22.2,8.2,41.3,10.3,8.7,7.2,33.4,27.6,76.3,18.0,15.8,43.3,15.3,4.0,7.7,35.9,3.8,24.2,5.0
18023,IN,Clinton,11.6,29.8,15.8,38.2,77.7,8.5,11.0,7.2,79.0,84.8,16.1,65.5,8.9,17.5,60.9,24.6,13.4,33.0,23.4,16.1,8.9,22.8,7.8,40.1,12.3,8.6,8.0,31.2,28.1,73.0,17.9,15.5,40.2,14.9,4.0,8.3,37.6,3.6,17.6,5.4
18025,IN,Crawford,10.3,36.4,14.2,45.6,81.0,9.9,11.9,10.4,80.4,84.7,18.6,61.8,13.8,23.5,55.9,27.1,17.8,40.0,23.3,20.0,14.3,28.8,10.4,43.5,13.1,11.6,9.8,31.9,33.2,71.1,19.5,21.4,43.6,18.7,5.9,10.6,37.3,5.2,21.5,7.4
18027,IN,Daviess,10.8,30.8,16.7,38.8,76.6,8.5,11.7,7.8,77.9,83.1,17.9,63.5,10.2,19.7,54.9,27.2,13.8,35.7,25.0,17.7,10.4,24.6,8.2,39.6,12.3,9.8,8.7,35.9,30.3,71.5,19.6,17.0,41.4,16.2,4.4,8.7,35.4,3.9,19.5,5.8
18029,IN,Dearborn,7.1,30.9,16.9,38.4,79.4,9.6,10.9,7.2,80.5,87.3,14.1,67.8,8.3,16.3,66.3,25.1,12.4,30.1,22.0,10.8,6.1,19.3,7.5,39.6,8.6,7.6,6.0,30.3,24.0,73.1,16.8,14.1,35.8,13.8,3.4,6.3,34.8,3.5,16.7,4.3
18031,IN,Decatur,7.9,30.5,16.6,37.9,78.1,9.1,11.1,7.1,79.0,86.0,15.1,69.5,8.5,16.4,62.9,26.0,12.4,32.2,22.7,12.5,6.9,20.2,7.6,38.9,9.6,8.0,6.6,33.2,26.5,75.3,17.9,14.3,37.6,14.1,3.5,6.9,34.8,3.5,13.5,4.5
18033,IN,DeKalb,8.1,29.5,17.1,38.2,77.5,9.0,11.2,7.1,79.4,85.8,15.1,69.1,8.6,16.8,63.2,26.5,12.8,30.7,23.6,12.8,7.3,20.4,7.5,38.7,9.9,8.0,6.8,32.7,25.7,72.2,18.1,14.0,43.7,14.3,3.6,7.2,36.6,3.5,17.1,4.6
18035,IN,Delaware,8.3,29.7,16.2,36.2,76.5,8.0,12.0,7.2,79.1,82.5,17.5,68.9,9.1,16.8,57.0,29.3,13.5,34.5,23.0,16.4,10.3,22.6,7.6,37.9,12.0,9.7,9.1,35.0,25.3,72.0,20.2,15.2,36.6,14.7,4.1,9.1,38.7,3.7,19.5,5.5
18037,IN,Dubois,8.8,31.1,15.7,38.0,78.8,9.5,10.9,7.4,80.1,86.8,14.6,70.0,8.5,15.4,62.3,23.4,13.2,31.1,22.9,12.4,7.0,20.7,7.8,40.4,9.6,7.8,6.7,31.9,25.0,76.5,16.6,14.8,40.0,14.2,3.6,6.8,32.5,3.6,12.4,4.7
18039,IN,Elkhart,12.6,27.7,16.3,38.3,75.6,7.8,11.3,7.1,79.2,84.1,17.1,60.8,8.8,17.0,58.1,25.2,13.6,35.1,25.2,17.6,10.2,22.9,7.6,38.4,13.8,9.1,8.9,34.6,26.5,75.2,18.9,15.8,43.8,15.2,4.2,9.5,36.1,3.7,15.4,5.9
18041,IN,Fayette,9.4,33.1,14.9,42.6,79.2,9.6,11.8,8.9,80.1,84.9,17.4,61.4,11.4,20.2,51.3,27.1,15.4,36.5,22.8,16.8,11.1,25.2,9.2,41.7,11.8,10.2,8.5,32.4,29.6,72.9,19.1,18.1,44.9,16.6,4.8,9.0,35.6,4.4,20.4,6.1
18043,IN,Floyd,7.3,29.4,17.0,38.8,77.8,9.0,11.3,6.7,80.3,87.1,14.2,70.7,7.8,14.9,61.8,25.2,12.5,31.2,23.0,12.4,6.7,19.5,7.0,39.7,9.7,7.7,6.6,34.4,24.9,76.8,17.6,14.0,37.6,13.5,3.4,7.0,37.6,3.3,11.1,4.3
18045,IN,Fountain,8.6,32.9,15.9,40.7,79.3,9.7,11.5,8.2,80.0,85.9,16.0,66.2,10.0,18.5,61.7,26.0,14.1,35.4,23.3,14.2,8.4,22.9,8.7,41.2,10.4,9.0,7.4,32.7,28.2,68.6,18.2,16.7,42.6,15.8,4.1,7.7,36.3,4.0,18.5,5.3
18047,IN,Franklin,7.5,31.8,16.4,40.4,79.1,9.7,11.2,7.6,80.6,86.8,14.8,67.7,9.1,16.8,64.8,25.3,13.7,32.1,22.6,12.3,6.8,20.8,8.1,40.4,9.3,8.1,6.5,31.7,26.0,78.2,17.3,15.0,40.8,14.6,3.7,6.7,33.8,3.7,17.8,4.6
18049,IN,Fulton,9.4,33.0,15.5,41.2,80.0,9.7,11.4,8.5,80.1,85.8,16.3,66.0,10.2,18.6,58.9,25.5,14.6,35.8,22.6,14.8,8.9,23.3,9.0,40.3,10.9,9.3,7.6,31.5,28.7,77.1,18.0,17.3,41.7,16.0,4.3,8.0,36.6,4.2,17.4,5.6
18051,IN,Gibson,8.0,31.3,16.2,38.4,78.9,9.2,11.2,7.5,80.1,85.7,15.6,64.0,9.0,17.6,56.6,26.5,13.0,33.4,22.9,13.6,7.8,21.0,7.9,38.7,10.4,8.4,7.2,32.2,25.8,75.9,18.1,15.2,39.4,14.7,3.8,7.6,40.3,3.7,18.2,4.9
18053,IN,Grant,9.1,31.7,15.6,41.0,79.3,8.9,11.7,8.1,80.9,84.4,17.3,67.7,10.1,17.8,58.1,27.7,15.2,35.3,23.6,17.0,10.9,24.3,8.3,39.6,12.1,9.8,8.8,34.4,29.1,74.5,19.1,16.8,41.1,15.8,4.5,9.3,38.9,4.1,22.8,5.9
18055,IN,Greene,8.7,33.0,17.0,41.5,79.7,9.7,11.5,8.5,79.7,85.7,16.6,68.0,10.5,19.4,58.3,26.3,14.7,35.3,23.2,15.0,9.2,24.0,8.9,43.1,10.7,9.3,7.6,32.1,28.4,74.5,18.5,17.3,40.7,15.9,4.4,8.1,34.5,4.2,22.4,5.5
18057,IN,Hamilton,5.2,23.8,16.9,32.0,77.4,8.2,10.2,4.9,80.9,89.4,10.4,66.9,4.7,9.5,74.4,22.5,9.6,22.5,18.1,7.4,3.5,12.8,5.3,36.8,6.6,5.0,4.6,28.1,16.1,77.7,13.7,8.8,32.5,9.6,2.2,4.7,31.1,2.3,5.1,2.9
18059,IN,Hancock,6.7,27.6,17.2,37.4,77.2,9.0,11.0,6.1,79.0,87.9,12.9,71.1,6.7,13.6,66.0,24.4,11.3,28.2,20.8,9.8,5.3,17.5,6.4,35.9,8.5,6.6,5.6,28.9,20.7,76.9,16.2,12.2,39.9,12.5,2.9,6.1,34.3,3.0,11.3,3.7
18061,IN,Harrison,7.4,31.8,16.6,39.2,78.9,9.6,11.2,7.3,80.1,87.3,14.5,65.9,8.7,16.2,62.6,24.8,12.8,32.1,21.7,11.7,6.7,19.9,7.8,40.0,9.2,7.8,6.3,30.9,24.6,76.8,17.4,14.8,42.7,14.0,3.5,6.8,39.4,3.6,9.2,4.5
18063,IN,Hendricks,6.9,26.9,16.7,35.2,77.5,8.1,10.7,5.6,79.2,88.0,12.3,66.6,6.1,12.8,67.0,21.3,11.1,25.9,20.4,10.3,5.5,16.3,5.9,37.9,9.0,6.3,5.8,29.4,19.8,78.3,15.4,10.8,36.4,11.8,2.8,6.4,38.4,2.8,10.7,3.6
18065,IN,Henry,8.5,31.7,16.1,40.8,78.5,9.3,11.4,7.9,79.3,85.5,16.2,65.2,9.6,18.0,58.0,26.8,13.5,34.4,23.5,14.4,8.8,22.1,8.2,40.6,10.8,8.8,7.6,34.2,29.1,74.6,18.4,15.6,43.7,15.2,4.0,8.1,41.6,3.9,19.3,5.1
18067,IN,Howard,8.4,32.2,15.6,40.1,79.1,9.2,11.6,7.7,79.9,86.2,15.5,63.8,9.4,17.9,61.6,25.3,14.4,32.8,21.8,14.6,9.1,22.3,8.1,38.9,11.2,8.8,7.8,30.6,27.8,74.9,17.8,16.2,36.5,15.0,4.1,8.4,36.5,4.0,23.7,5.3
18069,IN,Huntington,7.9,31.0,16.4,40.7,78.5,9.1,11.2,7.3,80.4,85.9,15.3,63.3,8.8,16.6,63.5,25.8,13.3,32.5,22.9,13.2,7.7,20.8,7.8,37.7,9.7,8.3,7.0,33.1,25.2,73.6,17.9,15.0,39.9,14.4,3.7,7.2,34.2,3.6,16.0,4.8
18071,IN,Jackson,10.1,29.7,16.1,37.8,78.2,8.6,10.8,7.3,78.9,85.5,15.4,65.7,8.8,17.3,56.4,25.5,13.6,32.2,23.4,14.9,8.2,21.8,7.8,38.4,11.2,8.3,7.5,32.9,26.9,75.5,17.5,15.2,39.6,14.4,3.9,7.9,36.2,3.6,13.7,5.1
18073,IN,Jasper,8.4,30.5,16.7,38.6,78.5,9.3,10.9,7.2,78.5,86.7,14.6,65.9,8.4,15.8,63.7,24.8,12.7,31.4,22.3,12.0,6.6,20.4,7.6,39.7,9.6,7.7,6.5,31.6,25.3,75.0,17.3,14.4,40.2,14.4,3.5,6.8,39.0,3.5,14.6,4.5
18075,IN,Jay,10.0,32.8,15.5,42.0,79.3,9.2,11.6,8.6,79.3,84.5,17.5,65.2,11.0,20.2,55.0,26.5,15.0,36.8,23.1,16.7,10.7,24.6,9.0,41.6,11.8,10.0,8.5,32.5,30.6,71.9,19.2,17.9,43.6,16.6,4.7,8.9,38.6,4.3,19.6,6.1
18077,IN,Jefferson,8.4,30.8,16.3,39.2,78.7,9.2,11.5,7.5,80.5,85.7,15.8,67.3,9.2,17.2,59.4,26.4,13.5,32.8,22.9,13.8,8.1,21.5,7.8,39.8,10.3,8.6,7.3,32.8,25.3,75.8,18.2,15.4,36.6,15.0,3.8,7.5,34.2,3.7,14.8,4.9
18079,IN,Jennings,8.9,32.1,15.9,40.7,78.6,9.0,11.5,7.8,79.8,85.2,16.6,63.9,9.9,19.5,57.9,27.0,14.3,35.3,23.2,15.1,9.1,23.2,8.3,39.8,11.3,9.2,7.8,33.1,28.1,72.2,19.0,16.4,41.2,15.8,4.2,8.2,37.7,3.9,22.5,5.3
18081,IN,Johnson,7.1,28.7,17.1,37.8,76.5,8.5,10.9,6.0,80.8,87.0,13.7,71.1,6.9,14.1,62.8,25.3,11.9,29.1,22.0,11.4,5.9,17.9,6.4,37.1,9.3,6.9,6.0,31.0,22.5,77.9,16.7,12.1,38.8,12.5,2.9,6.4,37.6,2.9,9.7,3.9
18083,IN,Knox,8.3,29.9,15.8,38.6,78.5,9.0,11.3,7.6,79.7,84.7,16.3,66.7,9.3,17.5,61.5,25.7,13.2,33.9,23.5,14.4,8.5,22.0,8.0,39.5,10.6,8.9,7.7,33.4,25.4,78.1,18.6,15.3,36.8,15.1,4.0,7.9,33.2,3.8,17.2,5.1
18085,IN,Kosciusko,9.2,29.9,16.6,39.8,77.4,9.1,11.0,7.2,78.8,85.5,15.1,65.8,8.5,16.6,63.7,25.2,13.0,31.3,22.3,13.5,7.3,20.2,7.7,39.7,10.2,8.1,7.1,31.5,27.2,77.2,17.4,14.2,38.7,14.2,3.7,7.2,34.2,3.5,15.7,4.8
18087,IN,LaGrange,12.0,28.3,17.2,36.1,75.8,8.0,11.9,7.2,76.2,82.0,19.0,63.9,9.8,19.6,56.8,27.2,12.4,36.4,26.5,16.6,8.9,24.3,7.8,38.5,12.0,9.7,8.3,36.9,29.1,74.6,19.9,15.9,39.6,15.9,4.1,7.7,34.3,3.6,18.9,5.4
18089,IN,Lake,10.7,28.3,16.7,39.0,78.7,7.8,11.5,7.1,79.6,86.7,14.9,68.3,8.4,17.0,57.6,20.3,15.1,31.4,26.2,19.5,11.6,23.5,7.2,35.4,14.1,8.7,9.3,31.9,27.9,77.6,17.0,16.0,39.9,14.9,4.4,10.9,42.7,4.0,16.3,6.0
18091,IN,LaPorte,9.5,31.6,15.0,41.7,78.7,9.1,11.0,7.7,79.8,86.2,15.6,65.8,9.2,17.6,57.0,24.5,15.0,35.7,24.3,16.0,9.6,22.9,8.1,39.3,12.1,8.7,8.0,36.4,28.1,74.9,17.7,16.8,37.0,15.2,4.2,9.0,37.8,3.9,15.5,5.4
18093,IN,Lawrence,8.0,32.8,15.6,40.1,79.9,9.7,11.4,7.9,80.2,86.1,15.2,64.0,9.5,16.9,59.4,24.8,13.9,32.8,21.9,12.7,7.7,21.5,8.4,40.0,9.6,8.5,6.9,32.2,26.8,73.0,17.5,15.5,42.0,15.1,3.9,7.3,38.0,3.9,16.4,5.0
18095,IN,Madison,9.0,31.8,14.7,40.6,78.5,8.8,11.5,7.5,80.1,85.6,15.7,68.1,9.2,18.5,57.7,26.8,14.0,32.7,23.5,15.8,9.7,22.4,7.7,39.9,12.0,8.7,8.1,33.1,29.1,75.1,18.3,15.2,36.4,14.9,4.1,8.8,37.1,3.8,17.9,5.3
18097,IN,Marion,10.7,25.2,17.7,38.2,75.7,6.6,11.8,5.9,79.1,85.1,15.3,66.5,7.3,15.0,59.8,25.5,13.0,30.1,25.1,18.6,11.6,21.0,5.8,35.8,14.2,8.5,9.5,35.6,24.3,81.1,17.9,14.0,38.3,13.5,4.0,11.0,39.2,3.5,17.1,5.6
18099,IN,Marshall,10.3,30.8,16.1,40.1,79.4,9.1,11.1,7.9,78.6,85.5,15.9,66.8,9.4,17.4,60.3,25.8,14.0,33.4,23.7,15.0,8.5,22.8,8.3,41.2,11.0,8.8,7.7,33.2,28.8,70.6,18.0,16.0,43.2,15.2,4.1,7.9,37.6,3.9,15.5,5.4
18101,IN,Martin,8.5,32.9,16.0,41.5,79.8,9.9,11.5,8.6,80.1,85.9,16.0,65.7,10.3,18.7,55.3,25.7,14.6,34.6,22.9,14.1,8.5,22.9,8.9,41.5,10.4,9.1,7.4,32.5,27.5,75.3,18.2,16.8,39.1,15.8,4.2,7.8,37.0,4.2,17.6,5.3
18103,IN,Miami,9.8,30.5,16.2,40.1,77.9,8.8,11.2,8.1,79.5,84.5,16.9,62.3,9.9,19.2,56.7,26.1,14.6,36.5,24.3,16.5,10.3,23.7,8.5,40.2,12.2,9.3,8.5,33.5,28.4,77.0,18.6,16.7,44.3,15.6,4.4,9.2,36.9,4.0,13.9,5.6
18105,IN,Monroe,7.0,22.6,18.1,29.7,74.0,6.9,11.0,5.4,78.1,82.2,15.3,65.2,6.4,12.2,60.0,27.1,9.9,28.4,21.5,12.7,7.1,17.5,6.0,34.8,9.2,7.6,7.6,37.5,20.6,77.6,18.9,10.9,32.5,11.7,2.9,7.1,31.8,2.7,11.8,4.2
18107,IN,Montgomery,9.1,31.5,16.1,39.7,78.5,9.1,11.1,7.8,80.3,85.1,15.8,61.0,9.6,17.5,58.4,26.0,13.5,33.6,23.0,14.6,8.6,22.1,8.4,39.4,10.8,8.9,7.5,32.2,28.5,74.3,17.8,16.0,39.2,15.1,4.0,7.9,39.4,3.9,14.7,5.3
18109,IN,Morgan,7.6,30.3,15.9,38.9,78.4,9.3,11.1,7.2,79.2,86.6,14.7,64.8,8.7,16.3,60.7,25.4,13.4,30.5,21.8,12.3,6.9,19.9,7.5,38.6,9.5,7.8,6.5,32.0,24.4,76.1,17.4,14.5,37.8,14.4,3.6,6.9,35.0,3.5,10.1,4.5
18111,IN,Newton,9.9,33.1,15.9,40.7,79.7,9.5,11.2,8.3,79.4,85.8,16.1,67.2,10.0,18.3,58.5,24.8,14.4,35.6,23.3,15.1,8.8,23.8,8.7,40.1,11.1,9.0,7.6,31.7,28.3,71.4,17.8,17.1,43.5,15.9,4.2,8.0,38.6,4.1,22.8,5.5
18113,IN,Noble,10.5,29.0,16.7,37.3,77.1,8.8,11.2,7.2,79.0,85.2,16.1,66.2,8.9,17.0,62.1,24.5,13.2,32.9,23.3,14.6,8.0,21.9,7.7,38.8,11.1,8.5,7.5,31.4,26.9,71.3,17.9,15.0,39.6,14.9,3.8,7.6,35.0,3.6,17.2,5.1
18115,IN,Ohio,7.3,33.9,15.1,41.7,81.0,10.7,11.1,8.4,81.6,88.1,14.3,70.3,9.6,16.6,63.2,25.0,14.3,33.2,22.0,11.8,6.8,21.2,8.8,42.2,8.9,8.2,6.3,31.0,26.2,75.2,16.7,16.3,39.5,15.0,3.9,6.6,34.8,4.1,19.8,4.8
18117,IN,Orange,8.9,34.4,15.4,41.8,79.9,9.7,11.5,8.5,80.4,85.7,16.4,63.9,10.5,19.1,60.4,26.9,14.7,36.6,22.9,15.2,9.2,23.5,8.9,42.4,10.9,9.3,7.7,32.6,28.8,75.0,18.6,17.3,39.7,16.0,4.4,8.0,38.7,4.2,19.0,5.6
18119,IN,Owen,8.4,33.7,15.4,41.3,79.7,9.8,11.5,8.4,80.4,86.2,16.0,66.3,10.3,18.5,57.6,26.5,14.5,35.2,23.5,14.4,8.7,23.1,8.7,41.8,10.4,9.0,7.3,32.1,27.5,73.7,18.0,17.0,41.7,15.8,4.3,7.7,36.6,4.1,14.9,5.3
18121,IN,Parke,9.7,34.2,14.8,42.4,80.1,9.7,12.2,9.1,80.3,85.1,18.0,62.9,11.8,20.7,59.4,27.2,15.4,38.0,23.5,17.5,11.7,25.8,9.4,41.7,12.2,10.6,8.8,32.6,31.0,72.5,19.3,19.0,42.3,17.1,5.0,9.4,36.8,4.5,20.0,6.3
18123,IN,Perry,8.5,30.8,16.8,40.4,78.3,9.2,11.0,7.7,79.2,85.4,15.4,68.0,9.2,18.3,60.4,25.2,13.4,32.8,23.7,13.5,7.9,21.3,8.1,39.7,10.3,8.3,7.2,32.5,25.8,75.7,17.9,15.1,37.6,14.7,3.8,7.7,34.8,3.8,14.7,4.9
18125,IN,Pike,8.3,33.3,15.5,40.9,79.9,9.9,11.2,8.4,80.3,86.3,15.7,66.8,10.2,18.6,60.2,25.4,14.5,34.5,22.7,14.0,8.5,22.5,8.8,41.3,10.2,8.9,7.2,31.2,27.7,75.4,17.8,16.9,37.9,15.6,4.2,7.6,38.3,4.1,18.1,5.3
18127,IN,Porter,8.3,28.9,15.8,38.5,76.4,8.5,10.9,6.6,79.8,87.1,13.6,66.4,7.4,14.5,64.8,23.6,12.5,29.2,21.8,12.3,6.5,18.9,7.0,39.2,10.0,7.0,6.5,30.9,25.5,78.8,16.6,13.2,39.9,13.4,3.3,7.0,37.0,3.2,12.5,4.4
18129,IN,Posey,6.8,31.8,16.0,39.7,79.5,10.1,10.9,7.4,81.2,87.8,13.8,69.6,8.5,15.3,67.3,24.8,12.9,30.5,21.4,10.9,6.2,19.4,7.9,39.3,8.7,7.5,6.0,30.5,23.0,76.8,16.5,14.2,40.4,13.8,3.4,6.5,33.7,3.6,15.7,4.3
18131,IN,Pulaski,8.9,32.8,15.6,41.7,79.6,9.9,11.2,8.6,80.2,86.2,15.9,66.8,10.2,18.3,59.1,25.5,14.5,35.4,23.3,14.3,8.5,23.3,9.0,40.6,10.6,9.1,7.4,31.7,28.6,74.3,17.9,17.1,38.7,15.7,4.2,7.8,35.6,4.2,21.2,5.5
18133,IN,Putnam,8.0,28.3,17.0,36.5,77.4,8.6,11.3,6.9,78.8,84.8,15.5,64.5,8.3,16.4,62.2,25.9,12.4,31.8,22.7,13.1,7.2,19.8,7.4,38.3,10.1,8.1,7.2,33.1,24.7,75.1,18.1,13.7,38.4,13.8,3.5,7.3,39.1,3.4,17.0,4.6
18135,IN,Randolph,9.2,33.0,15.1,41.0,79.9,9.7,11.3,8.5,79.7,85.7,16.3,64.4,10.3,18.7,57.4,25.8,14.4,35.3,23.0,15.0,9.3,23.6,9.0,41.2,11.1,9.3,7.8,32.7,29.0,74.2,18.2,17.4,38.7,15.9,4.4,8.3,37.6,4.2,16.3,5.6
18137,IN,Ripley,7.7,30.8,16.6,38.2,78.7,9.4,11.2,7.3,80.1,86.1,14.9,67.5,8.7,16.9,61.5,24.9,12.5,31.4,23.0,12.3,6.9,20.2,7.8,39.5,9.5,8.0,6.6,32.1,25.0,75.5,17.6,14.6,36.2,14.2,3.6,6.9,37.6,3.6,14.1,4.6
18139,IN,Rush,8.4,32.3,15.6,40.1,79.6,9.5,11.6,8.2,80.3,85.7,16.2,64.1,10.1,18.6,61.3,26.6,14.3,34.4,22.4,14.8,9.1,22.9,8.6,41.0,10.7,9.2,7.6,32.6,27.7,70.8,18.4,16.7,39.1,15.6,4.2,8.1,38.0,4.0,21.4,5.4
18141,IN,St. Joseph,9.0,27.4,16.2,37.2,77.3,8.1,11.1,6.5,80.0,85.3,15.7,65.9,7.8,14.9,60.0,27.2,12.9,32.7,25.0,15.4,9.0,21.1,7.1,37.7,12.0,8.3,8.2,34.6,26.5,72.7,18.6,14.0,35.3,13.4,3.7,8.9,37.4,3.4,12.2,5.1
18143,IN,Scott,9.4,31.2,15.8,40.6,78.0,8.7,11.7,7.8,79.0,84.5,17.3,63.6,10.4,20.0,54.2,27.3,14.1,34.7,23.3,16.3,10.4,24.1,8.2,40.5,11.8,9.6,8.3,32.4,29.9,69.8,19.5,16.6,42.3,16.1,4.4,8.8,37.1,3.9,24.4,5.6
18145,IN,Shelby,8.5,31.6,15.9,40.3,79.3,9.3,11.2,7.6,80.1,86.1,15.5,67.1,9.2,17.9,58.1,26.9,13.9,33.2,22.3,13.7,8.0,21.7,8.0,40.4,10.4,8.5,7.1,32.3,26.2,75.0,18.0,15.8,41.2,15.0,3.9,7.6,35.1,3.7,18.0,5.0
18147,IN,Spencer,7.3,31.7,15.8,40.9,79.4,9.9,10.9,7.6,80.8,87.6,14.0,68.4,8.6,16.0,63.6,25.8,13.4,31.8,21.5,11.4,6.4,19.7,8.0,41.0,8.9,7.6,6.2,31.3,24.0,77.2,16.9,14.7,39.9,14.2,3.5,6.6,34.1,3.6,12.4,4.4
18149,IN,Starke,9.6,33.9,15.2,41.2,80.0,9.6,11.4,8.6,79.3,85.3,17.0,65.6,10.9,19.9,59.4,26.4,15.0,36.6,23.6,16.0,9.9,24.3,9.1,41.2,11.4,9.7,8.0,31.9,29.3,72.3,18.6,17.9,42.4,16.3,4.6,8.6,39.2,4.3,20.7,5.8
18151,IN,Steuben,7.8,31.2,16.1,39.2,79.4,9.9,11.1,7.8,80.3,86.4,14.5,71.3,8.8,15.4,67.3,25.4,13.5,31.1,22.0,12.0,6.5,20.7,8.1,41.2,9.0,7.9,6.5,31.9,24.7,74.9,17.0,14.8,34.8,14.4,3.6,6.5,35.3,3.7,12.5,4.6
18153,IN,Sullivan,9.5,30.9,16.2,41.1,78.0,8.9,11.3,8.1,79.1,84.3,16.7,65.0,10.3,19.9,56.8,25.3,14.1,35.0,23.3,16.6,10.3,24.0,8.5,40.4,12.2,9.4,8.5,31.8,28.4,72.7,18.5,16.6,43.6,15.7,4.4,9.3,36.9,4.0,16.4,5.6
18155,IN,Switzerland,9.5,33.9,15.4,42.8,79.2,9.5,11.5,8.7,79.7,85.4,17.0,65.1,10.9,20.4,57.8,26.8,14.9,36.6,24.2,16.0,9.8,24.6,9.1,41.1,11.5,9.6,8.0,33.2,29.8,74.3,18.6,17.8,40.4,16.5,4.6,8.4,36.8,4.3,24.3,5.8
18157,IN,Tippecanoe,8.6,21.4,17.1,29.4,72.4,6.2,10.7,5.3,77.4,81.2,15.9,65.6,6.4,13.0,63.0,24.3,10.0,28.0,23.1,14.5,8.1,18.0,5.9,34.7,10.9,7.7,8.3,34.5,20.9,76.5,18.4,10.9,27.9,11.8,3.1,8.1,35.3,2.7,9.6,4.6
18159,IN,Tipton,7.4,32.2,16.0,39.7,80.2,10.1,11.0,7.8,80.9,87.5,14.3,66.3,8.9,15.7,64.4,25.0,13.5,32.4,21.6,11.7,6.4,20.1,8.3,40.8,8.9,7.9,6.2,30.9,24.7,75.2,16.6,15.4,36.5,14.4,3.6,6.5,33.6,3.8,14.1,4.7
18161,IN,Union,7.1,31.9,16.3,39.2,79.6,9.9,11.2,7.5,80.7,87.5,14.4,67.8,8.6,15.9,60.3,25.4,13.0,31.9,22.3,11.2,6.2,19.6,7.9,40.6,8.8,7.7,6.1,31.6,24.2,73.8,17.0,14.6,37.6,14.1,3.5,6.3,35.5,3.6,15.6,4.4
18163,IN,Vanderburgh,8.2,29.9,16.2,38.4,78.6,8.7,11.5,7.3,81.9,85.6,15.6,64.6,8.6,16.2,63.2,27.1,12.8,31.9,21.7,14.8,9.0,21.3,7.5,38.3,11.1,8.6,7.9,31.3,26.2,75.3,18.3,14.9,38.2,14.3,3.9,8.6,39.3,3.7,22.2,5.1
18165,IN,Vermillion,8.1,33.6,15.6,40.9,79.6,9.6,11.5,8.2,80.6,85.8,16.2,64.6,10.1,18.6,58.7,26.3,14.3,35.0,22.4,14.4,8.9,23.0,8.5,40.6,10.6,9.1,7.5,32.7,27.6,73.3,18.4,16.8,40.6,15.6,4.2,8.1,36.5,4.0,18.0,5.3
18167,IN,Vigo,8.9,29.3,16.1,37.5,77.4,8.1,11.6,7.4,79.2,83.1,17.2,64.1,9.5,17.6,57.5,26.5,13.7,34.0,22.4,16.8,10.5,23.2,7.7,38.6,12.3,9.6,9.0,34.5,25.7,74.8,19.6,15.3,41.0,14.8,4.2,9.3,39.1,3.8,22.8,5.6
18169,IN,Wabash,8.0,33.0,15.6,40.0,80.3,10.2,11.3,8.1,80.6,86.4,15.2,69.5,9.7,16.8,61.7,24.6,13.8,33.9,21.4,13.3,7.6,21.6,8.6,40.0,9.6,8.6,6.9,31.7,26.7,70.9,17.5,16.2,38.1,14.8,3.9,7.1,32.5,4.0,17.3,5.1
18171,IN,Warren,7.9,32.8,15.7,40.5,80.2,10.1,11.2,8.2,80.4,86.9,15.1,68.2,9.6,17.4,61.8,25.6,14.1,33.7,22.4,12.8,7.5,21.5,8.7,41.4,9.7,8.5,6.8,32.6,26.7,76.3,17.5,16.1,41.6,15.1,3.9,7.2,38.7,4.0,12.5,5.0
18173,IN,Warrick,6.1,29.0,16.7,35.3,79.2,9.4,10.7,6.3,81.1,88.3,12.4,68.1,6.8,13.0,69.1,24.8,11.6,27.3,20.3,9.0,4.8,16.7,6.9,39.9,7.7,6.5,5.3,30.1,21.2,78.2,16.0,11.9,34.0,12.1,2.8,5.6,35.7,3.1,11.0,3.6
18175,IN,Washington,9.0,32.3,15.9,42.3,78.6,9.3,11.7,8.3,79.9,85.2,16.9,65.9,10.6,19.8,60.1,27.4,14.7,35.9,22.7,15.6,10.1,23.8,8.7,41.1,11.4,9.6,8.1,32.1,28.6,71.6,18.7,17.2,41.5,16.2,4.5,8.6,36.2,4.1,20.0,5.6
18177,IN,Wayne,9.0,32.6,15.8,40.9,79.4,9.3,11.8,8.3,80.1,85.2,17.1,64.6,10.3,19.1,55.5,27.1,14.7,36.8,24.4,16.7,10.6,23.8,8.7,39.8,12.0,9.8,8.5,33.5,28.7,73.6,19.3,17.4,37.9,15.8,4.6,9.1,39.5,4.2,16.1,5.8
18179,IN,Wells,8.0,31.4,16.1,39.2,78.4,9.4,11.0,7.2,79.5,86.3,14.7,69.6,8.5,16.4,60.8,25.7,12.7,32.2,22.3,12.4,6.9,20.0,7.7,38.7,9.6,7.9,6.6,32.9,25.6,73.5,17.4,14.9,41.9,14.1,3.5,6.9,38.5,3.5,14.0,4.5
18181,IN,White,9.4,33.1,15.3,40.3,80.2,9.9,11.0,8.1,80.8,86.7,15.1,67.6,9.5,16.4,60.5,25.3,14.6,33.3,22.5,13.6,7.6,22.0,8.6,41.5,10.2,8.5,7.0,32.1,27.9,77.3,17.1,16.3,44.6,15.0,4.0,7.3,37.5,4.0,16.6,5.2
18183,IN,Whitley,7.6,30.8,16.3,38.1,79.3,9.5,11.0,7.3,80.1,86.7,14.3,69.1,8.5,15.8,63.8,24.6,12.6,30.0,22.0,11.8,6.8,19.2,7.7,39.0,9.4,7.8,6.4,31.5,24.0,74.6,17.1,14.2,39.7,14.0,3.5,6.9,35.2,3.5,12.4,4.5
19001,IA,Adair,7.2,31.0,18.8,39.6,80.8,10.4,10.0,8.3,78.3,85.2,14.0,69.2,8.7,16.7,67.3,20.2,13.1,31.7,22.7,12.2,10.8,19.9,9.3,38.0,9.0,8.3,6.8,31.2,28.2,74.8,16.2,15.5,39.9,14.2,4.0,6.4,31.7,4.1,11.2,4.9
19003,IA,Adams,6.5,32.3,18.1,39.8,81.7,11.0,9.9,8.4,80.1,86.7,13.3,69.6,8.4,15.6,68.2,20.1,13.2,31.1,22.7,11.0,9.4,19.3,9.3,39.8,8.1,7.9,6.1,31.3,27.6,78.0,15.4,15.4,39.1,14.1,3.8,5.7,32.3,4.1,9.0,4.6
19005,IA,Allamakee,8.2,31.0,18.5,39.6,81.1,10.5,9.8,8.5,77.8,85.6,13.6,67.7,8.6,16.2,65.5,20.1,13.1,30.1,23.4,12.3,10.6,20.2,9.2,38.3,9.3,8.1,6.7,30.3,27.4,78.5,16.0,15.4,42.3,14.3,4.0,6.4,34.8,4.1,11.3,4.9
19007,IA,Appanoose,8.2,33.6,17.8,43.3,81.5,10.5,10.7,9.6,79.4,84.3,15.9,64.9,10.8,19.6,62.6,21.8,15.4,35.9,23.1,15.8,15.3,23.7,10.5,39.8,10.4,10.1,8.2,31.5,31.5,73.4,17.2,18.5,43.4,16.2,5.1,7.8,31.9,4.8,14.9,6.2
19009,IA,Audubon,7.2,32.8,18.1,40.2,81.4,11.1,10.0,8.8,79.4,86.3,13.8,67.4,9.0,16.3,65.2,19.8,13.6,32.4,22.5,12.0,10.6,20.3,9.8,38.7,8.9,8.5,6.6,30.7,27.9,73.8,15.8,16.3,37.6,14.6,4.2,6.3,31.7,4.3,15.5,5.0
19011,IA,Benton,6.1,28.7,20.3,36.2,79.6,9.9,9.8,7.0,78.9,86.1,12.7,68.9,7.1,14.9,67.0,20.0,11.1,27.6,22.7,9.8,8.1,17.1,7.9,37.3,7.8,7.0,5.7,30.1,23.9,81.9,15.6,12.7,40.8,12.8,3.3,5.4,33.8,3.4,8.6,4.0
19013,IA,Black Hawk,7.2,26.8,20.9,33.9,77.0,8.0,10.4,6.5,78.7,83.0,14.4,72.5,7.0,15.6,64.0,21.3,11.6,29.2,23.3,12.8,11.6,18.7,7.2,36.8,9.3,7.9,7.7,32.1,23.6,78.8,16.8,12.9,40.4,12.2,3.4,6.8,34.7,3.3,9.7,4.5
19015,IA,Boone,6.2,28.0,20.9,36.4,78.3,9.6,9.8,6.6,78.3,85.9,12.5,66.9,6.8,14.3,69.8,20.2,11.2,26.6,23.5,9.8,7.9,16.7,7.5,37.2,8.0,6.8,5.7,32.0,24.8,80.6,15.6,12.4,43.4,12.5,3.1,5.5,34.1,3.3,9.1,3.8
19017,IA,Bremer,5.8,26.5,21.3,33.4,78.3,9.4,9.6,6.4,77.8,85.1,12.4,69.2,6.3,13.2,69.6,19.5,9.9,25.5,21.8,9.1,7.3,15.5,7.4,33.9,7.4,6.7,5.7,30.1,22.4,81.2,15.4,11.4,37.6,11.7,2.9,5.1,33.1,3.1,9.3,3.6
19019,IA,Buchanan,6.4,27.8,21.4,35.6,78.5,9.5,10.0,6.7,77.8,85.2,13.1,68.6,7.0,15.3,69.5,20.2,11.1,27.6,23.0,10.4,8.4,16.9,7.6,35.8,8.4,7.2,5.9,30.9,24.0,78.8,15.9,12.7,37.6,12.7,3.2,5.7,34.7,3.3,12.8,3.9
19021,IA,Buena Vista,12.8,25.2,17.5,34.3,77.3,7.6,9.4,7.1,77.0,82.1,15.0,60.9,7.2,15.6,63.3,18.0,13.0,30.1,27.4,18.0,14.0,22.6,7.8,36.7,13.3,8.4,9.1,35.0,30.1,78.6,16.3,14.6,38.1,13.8,4.1,8.3,33.7,3.6,17.1,5.8
19023,IA,Butler,6.9,31.7,20.4,38.8,80.3,10.4,9.9,8.0,79.3,85.6,13.4,67.8,8.3,15.7,68.6,20.3,12.6,29.3,22.6,11.3,9.7,19.3,9.0,38.7,8.6,7.9,6.4,30.1,28.0,79.7,15.9,14.9,39.3,14.0,3.8,6.0,30.4,4.0,13.3,4.6
19025,IA,Calhoun,7.1,30.2,19.2,37.1,80.1,10.2,9.8,7.8,78.5,85.2,13.5,64.0,8.0,15.6,67.2,19.7,12.3,30.0,23.3,11.3,9.6,18.7,8.8,37.7,8.7,7.7,6.5,30.7,26.5,76.6,15.8,14.3,39.8,13.5,3.6,6.1,30.6,3.8,11.5,4.5
19027,IA,Carroll,6.9,29.9,19.7,37.2,80.1,10.1,9.8,7.5,79.0,85.6,13.3,67.3,7.7,15.2,67.3,19.8,12.0,28.9,22.3,11.1,9.4,18.3,8.5,37.3,8.5,7.7,6.3,30.3,27.2,79.5,15.8,14.0,39.7,13.6,3.6,5.9,30.7,3.7,11.9,4.4
19029,IA,Cass,7.6,32.5,18.0,39.8,81.2,10.6,10.2,8.7,79.4,85.1,14.5,68.3,9.2,17.5,63.6,21.1,13.9,33.6,24.3,13.2,12.1,21.0,9.5,38.8,9.4,8.8,7.2,33.3,28.6,79.4,16.4,16.8,40.7,14.9,4.3,6.9,32.5,4.3,15.7,5.2
19031,IA,Cedar,6.5,28.8,20.1,36.6,80.0,9.9,10.0,7.2,78.7,86.1,13.1,68.1,7.4,15.2,69.7,20.7,11.9,28.9,23.1,10.4,8.8,17.6,8.2,36.5,8.3,7.3,5.9,32.1,25.5,81.0,15.9,13.4,40.8,13.2,3.4,5.7,33.0,3.6,14.0,4.2
19033,IA,Cerro Gordo,7.1,32.9,19.2,37.6,80.7,10.3,10.0,7.9,78.5,85.6,13.3,71.3,8.0,15.5,67.0,21.3,12.5,30.7,23.9,11.2,9.7,18.6,8.8,37.4,8.6,7.7,6.3,32.4,27.0,78.7,15.9,14.5,40.1,13.5,3.7,6.1,30.7,3.9,10.8,4.6
19035,IA,Cherokee,7.9,31.4,17.7,40.3,81.5,10.8,10.0,8.7,79.4,85.6,13.8,67.9,9.0,16.4,64.6,20.2,13.7,31.5,23.4,12.8,11.2,20.5,9.7,40.3,9.3,8.5,7.0,31.3,30.0,78.5,15.9,16.2,40.6,14.5,4.2,6.6,30.8,4.3,16.1,5.2
19037,IA,Chickasaw,7.7,30.5,20.1,38.6,80.1,10.5,9.7,7.9,77.7,85.6,13.5,70.9,8.0,15.5,68.2,19.0,12.6,29.9,23.9,11.2,9.3,19.2,8.9,36.8,8.5,7.8,6.3,30.8,27.5,79.8,15.6,14.5,39.4,13.7,3.7,5.8,31.2,3.9,12.7,4.5
19039,IA,Clarke,11.3,29.6,18.7,38.2,79.3,9.0,10.2,8.4,77.0,82.6,16.3,59.6,9.4,18.8,60.1,20.6,14.2,34.0,24.6,17.6,15.7,23.7,9.2,37.7,12.6,9.6,8.9,32.9,31.8,75.2,17.4,16.8,43.1,15.6,4.8,8.6,32.4,4.3,19.4,6.2
19041,IA,Clay,6.9,29.4,19.1,37.0,80.1,10.2,9.9,7.6,78.3,85.5,13.1,67.1,7.8,15.3,67.6,19.9,12.3,29.4,23.1,11.1,9.6,18.1,8.6,36.0,8.5,7.6,6.3,31.0,26.5,77.0,15.7,14.4,35.2,13.4,3.6,6.0,30.1,3.8,9.9,4.4
19043,IA,Clayton,7.7,32.2,18.7,41.3,81.2,10.8,10.0,9.1,79.8,85.4,14.5,66.1,9.7,17.8,66.1,19.5,13.9,32.3,23.4,13.2,11.9,21.4,10.0,39.4,9.3,8.9,7.1,31.4,30.7,74.5,16.1,16.9,41.0,15.2,4.4,6.6,31.7,4.5,15.3,5.4
19045,IA,Clinton,7.4,31.1,20.2,38.4,79.4,9.7,10.2,7.8,78.0,84.8,14.2,65.8,8.5,16.9,66.1,20.4,12.7,30.4,22.8,12.9,11.6,19.5,8.5,37.9,9.5,8.3,7.2,32.0,27.5,77.9,16.6,15.1,39.3,14.2,4.0,6.9,33.0,3.9,7.6,4.9
19047,IA,Crawford,13.5,27.6,18.9,37.7,79.1,8.6,9.6,8.0,77.6,83.1,15.6,61.7,8.4,16.7,61.3,18.9,14.3,32.5,25.6,18.4,14.6,23.8,8.8,36.6,13.2,8.9,9.2,34.2,32.5,79.3,16.5,16.2,42.6,14.9,4.6,8.6,34.4,4.0,21.6,6.2
19049,IA,Dallas,5.5,22.6,21.7,29.4,75.2,7.6,9.2,4.6,75.9,85.8,11.0,66.9,4.5,10.9,75.0,19.2,8.8,22.5,21.3,8.3,6.3,13.1,5.4,33.0,7.7,5.4,5.2,28.5,19.4,79.4,14.4,8.7,32.8,10.0,2.3,5.0,27.8,2.3,5.7,3.0
19051,IA,Davis,8.8,29.3,19.4,37.0,78.7,9.4,10.3,7.6,77.1,83.2,15.5,67.1,8.5,17.5,64.5,21.5,12.0,32.0,25.1,13.2,11.0,20.8,8.6,37.0,9.7,8.6,7.2,33.5,28.4,78.0,17.3,15.0,37.5,14.4,3.9,6.3,31.8,3.8,11.0,4.8
19053,IA,Decatur,8.1,29.2,19.2,35.3,79.4,9.3,10.2,7.9,76.5,81.8,15.4,66.9,8.5,15.9,63.4,21.3,12.4,32.0,23.3,13.9,12.2,20.5,8.9,36.5,9.8,9.0,7.9,33.9,27.6,73.9,17.4,15.0,39.6,14.2,4.0,6.9,31.9,3.9,10.4,5.2
19055,IA,Delaware,7.0,30.5,18.9,37.7,80.4,10.3,9.9,7.9,78.5,85.2,13.9,69.2,8.3,16.3,70.5,19.7,12.5,30.5,23.2,11.7,10.0,19.1,8.9,38.1,8.5,8.0,6.4,31.6,27.9,80.6,16.1,14.7,39.7,13.8,3.8,6.0,29.9,3.9,13.0,4.6
19057,IA,Des Moines,7.4,29.8,19.4,35.5,79.8,9.7,10.0,7.5,79.8,84.8,13.9,66.6,7.9,15.9,65.6,21.1,12.3,30.8,24.2,13.0,10.8,19.3,8.5,35.5,9.9,8.0,7.0,32.3,28.2,75.5,16.5,14.6,34.6,13.8,3.8,6.7,31.4,3.8,16.5,4.7
19059,IA,Dickinson,5.6,30.7,17.7,38.5,82.3,11.7,9.7,7.9,79.9,88.0,11.7,67.6,7.5,13.1,67.2,18.5,12.1,28.7,21.0,8.7,7.1,16.7,9.1,38.1,6.9,6.8,5.1,29.0,24.2,78.2,14.1,13.8,37.2,12.6,3.3,4.8,32.6,3.8,10.2,4.0
19061,IA,Dubuque,6.4,27.4,20.9,31.2,78.7,9.3,9.9,6.5,78.1,84.6,12.9,67.4,6.8,13.6,65.2,19.5,10.4,27.4,21.8,10.9,8.8,16.3,7.6,33.5,8.4,7.1,6.2,30.8,22.8,79.4,15.7,12.1,34.3,11.9,3.2,5.9,33.8,3.3,10.7,4.0
19063,IA,Emmet,8.9,29.6,19.4,38.4,79.7,10.0,9.9,8.0,78.2,84.3,14.3,67.8,8.4,16.2,67.0,19.7,12.7,31.2,23.5,13.0,10.8,20.1,9.0,37.5,9.8,8.3,7.1,31.9,27.9,80.0,16.3,15.1,42.5,14.2,3.9,6.5,32.7,4.0,15.4,5.0
19065,IA,Fayette,7.4,30.1,19.8,38.8,80.2,10.2,9.9,8.2,79.4,84.5,14.2,68.4,8.6,16.9,61.9,20.0,13.1,30.9,23.9,12.9,11.2,20.4,9.0,38.4,9.5,8.4,7.0,31.0,29.4,75.7,16.3,15.5,38.5,14.4,4.0,6.7,32.2,4.1,14.8,5.0
19067,IA,Floyd,7.4,30.4,18.4,37.9,80.5,10.1,10.0,8.0,78.2,85.1,13.9,65.1,8.3,16.2,66.1,20.4,12.9,31.0,23.2,12.1,10.5,19.4,9.0,37.9,9.2,8.1,6.8,32.5,27.5,77.4,16.3,15.1,39.8,13.9,3.9,6.4,31.0,4.0,10.0,4.8
19069,IA,Franklin,10.0,31.2,18.2,39.0,80.8,9.9,10.0,8.6,78.4,85.0,14.6,66.8,9.0,17.0,64.2,20.3,14.1,32.6,24.0,14.5,12.4,21.9,9.5,38.0,10.8,8.7,7.6,31.9,30.1,78.6,16.4,16.3,40.7,15.0,4.4,7.4,34.1,4.2,15.1,5.5
19071,IA,Fremont,6.6,31.6,18.5,38.6,80.9,10.7,10.0,8.0,79.5,86.6,13.0,68.5,8.1,15.2,71.3,20.1,12.7,29.8,22.3,10.6,9.0,18.8,9.0,38.4,8.2,7.6,6.0,30.9,25.7,78.2,15.5,14.6,39.9,13.7,3.6,5.7,30.7,3.9,12.4,4.4
19073,IA,Greene,7.1,31.6,18.4,38.6,81.3,10.7,10.1,8.3,79.1,85.7,13.8,68.9,8.6,16.5,67.1,20.4,13.1,31.3,22.5,11.6,10.2,20.0,9.3,37.8,8.8,8.2,6.6,31.4,28.2,73.3,16.1,15.5,35.8,14.5,3.9,6.1,30.9,4.1,13.4,4.8
19075,IA,Grundy,5.9,28.4,19.9,35.4,79.4,10.2,9.7,6.9,78.7,86.5,12.1,71.4,6.8,13.9,71.0,19.6,11.1,27.4,22.1,9.0,7.1,16.0,7.9,36.9,7.5,6.7,5.3,31.1,23.9,82.1,15.4,12.5,37.5,12.4,3.0,5.1,31.7,3.4,9.0,3.7
19077,IA,Guthrie,6.4,29.7,19.0,37.8,80.8,10.6,9.8,7.7,78.2,86.6,12.6,69.2,7.6,14.6,69.7,19.2,12.4,28.9,22.0,10.2,8.4,17.7,8.6,38.9,7.8,7.3,5.8,30.0,26.1,77.5,15.2,13.8,37.2,13.3,3.5,5.4,31.8,3.8,10.1,4.2
19079,IA,Hamilton,7.5,28.8,19.2,36.9,80.1,10.0,9.8,7.3,79.4,85.9,13.0,68.8,7.3,14.7,68.7,19.5,12.1,28.0,23.0,11.1,8.8,17.9,8.2,36.0,8.6,7.3,6.2,31.1,25.6,77.9,15.2,13.5,36.5,13.1,3.5,5.8,30.7,3.6,9.1,4.3
19081,IA,Hancock,7.5,31.0,19.5,38.0,80.7,10.4,9.8,7.9,79.3,85.7,13.5,67.8,8.1,15.5,68.3,20.2,12.6,30.5,23.6,11.5,9.5,19.6,9.0,38.3,8.6,7.8,6.4,32.2,28.7,77.8,15.6,14.7,42.2,13.9,3.7,5.9,32.2,3.9,6.9,4.6
19083,IA,Hardin,7.5,30.1,19.4,38.5,80.1,10.3,10.0,7.9,78.8,85.3,13.9,66.8,8.3,16.2,66.0,20.1,12.9,30.1,22.6,12.0,10.4,19.5,8.9,37.2,9.1,8.1,6.8,30.9,27.3,78.4,16.0,15.0,38.9,13.8,3.9,6.4,30.9,4.0,11.3,4.8
19085,IA,Harrison,6.7,29.3,20.0,37.0,80.0,9.9,9.9,7.4,79.0,85.6,13.5,63.2,7.8,15.8,63.9,20.2,12.5,29.4,22.8,11.2,9.5,18.3,8.3,38.2,8.7,7.6,6.3,30.4,25.8,79.3,16.0,13.6,35.2,13.5,3.6,6.0,33.4,3.7,16.9,4.3
19087,IA,Henry,7.8,28.6,19.7,37.3,78.8,9.5,9.7,7.5,77.4,84.1,14.0,66.4,7.8,16.1,63.7,20.1,12.5,29.9,23.9,12.1,10.6,19.4,8.4,36.7,9.4,8.0,6.9,30.3,26.4,77.4,16.3,14.1,38.8,13.5,3.8,6.6,37.4,3.7,10.0,4.7
19089,IA,Howard,7.5,29.6,19.3,37.2,79.8,9.9,10.0,7.7,77.8,84.6,14.1,66.0,8.3,16.6,66.6,20.4,12.4,30.5,23.5,12.0,10.2,19.6,8.7,37.3,9.0,8.1,6.7,31.6,26.5,76.5,16.4,14.6,38.0,13.9,3.8,6.2,32.0,3.8,10.8,4.7
19091,IA,Humboldt,7.7,30.9,19.1,38.8,80.3,10.2,10.1,8.3,78.5,85.0,14.2,69.8,8.7,16.8,65.0,20.1,13.2,31.7,22.7,12.8,11.5,20.0,9.3,37.7,9.5,8.5,7.1,30.5,27.5,78.1,16.4,15.5,41.4,14.3,4.1,6.8,33.8,4.1,9.5,5.0
19093,IA,Ida,7.4,30.0,19.6,37.4,80.4,10.2,10.0,7.9,77.8,85.1,13.8,64.3,8.2,16.0,68.5,20.1,12.4,30.4,23.6,11.9,10.3,19.3,8.9,37.7,9.0,8.0,6.6,31.9,27.8,75.9,16.0,14.7,41.0,13.7,3.8,6.2,31.3,3.9,12.3,4.7
19095,IA,Iowa,6.6,28.4,19.6,36.8,79.6,9.9,9.9,7.1,79.1,86.1,13.0,68.6,7.3,14.8,70.1,20.2,11.7,28.5,22.7,10.5,8.7,17.8,8.1,37.9,8.1,7.2,6.0,31.2,24.8,77.2,15.9,13.4,43.4,13.0,3.4,5.7,28.7,3.5,11.7,4.1
19097,IA,Jackson,6.9,31.0,20.0,38.5,80.5,10.2,10.1,7.9,78.6,85.5,13.7,66.5,8.4,16.3,65.6,20.6,12.7,30.1,22.8,11.4,10.0,19.3,8.8,38.4,8.7,8.0,6.5,31.8,27.1,74.9,16.2,14.7,40.3,14.0,3.8,6.1,34.6,3.9,12.0,4.6
19099,IA,Jasper,7.2,28.3,19.7,36.8,78.1,9.3,10.0,7.1,78.3,84.6,13.9,65.1,7.6,16.5,68.0,20.4,11.9,30.1,23.5,11.7,9.8,18.7,8.1,36.4,9.2,7.7,6.6,30.2,25.6,76.9,16.5,14.0,38.3,13.4,3.6,6.3,30.9,3.6,12.2,4.4
19101,IA,Jefferson,6.8,30.1,17.2,39.1,80.1,10.6,9.6,8.3,79.5,85.6,12.5,66.5,8.1,14.0,63.4,19.0,13.2,29.0,22.1,11.7,10.3,19.2,9.0,38.1,8.5,7.5,6.6,32.0,25.9,79.3,14.7,14.4,39.6,13.3,3.8,6.2,32.4,4.0,11.5,4.8
19103,IA,Johnson,6.3,19.8,23.0,28.1,74.2,6.7,9.8,4.8,76.4,81.2,13.1,64.7,5.0,10.9,70.8,21.0,8.8,23.7,22.8,10.9,8.7,14.2,5.6,29.2,8.8,6.7,6.9,33.1,18.1,81.7,16.5,9.3,30.4,10.0,2.7,6.1,29.5,2.5,13.1,3.7
19105,IA,Jones,6.9,28.8,20.4,36.4,79.2,9.7,9.8,7.4,79.0,85.2,13.4,66.9,7.7,16.0,67.2,19.8,11.9,29.2,23.1,11.5,9.7,18.3,8.4,36.7,8.9,7.6,6.4,29.8,25.8,77.6,16.0,13.8,39.7,13.4,3.6,6.3,34.1,3.7,10.4,4.4
19107,IA,Keokuk,7.3,30.8,19.0,39.6,80.1,10.1,10.2,8.2,78.0,84.5,14.6,67.3,8.9,17.6,65.3,21.1,13.4,32.0,23.8,13.0,11.8,20.4,9.2,37.5,9.5,8.6,7.1,32.5,28.7,75.4,16.9,15.7,41.4,14.5,4.1,6.8,31.8,4.1,16.2,5.0
19109,IA,Kossuth,7.0,31.1,18.7,38.0,81.6,11.0,9.8,8.4,79.7,86.3,13.3,68.3,8.2,14.9,66.3,19.8,13.1,30.9,21.9,11.1,9.4,19.0,9.5,37.8,8.3,7.9,6.2,30.3,26.8,78.5,15.6,15.1,38.2,13.8,3.8,5.8,33.4,4.1,11.0,4.7
19111,IA,Lee,7.4,31.2,18.1,37.7,80.0,10.0,10.2,8.0,78.2,84.9,14.1,66.1,8.6,17.5,63.5,20.2,12.9,31.3,23.4,12.9,11.8,20.3,8.8,38.1,9.6,8.4,7.1,30.0,28.1,78.7,16.5,15.8,37.6,14.7,4.0,6.9,35.3,4.0,16.0,5.0
19113,IA,Linn,6.4,26.5,20.4,31.3,78.1,8.7,10.3,6.2,78.0,84.8,13.1,64.8,6.5,13.5,68.9,23.1,11.2,27.7,24.1,11.5,9.1,16.2,7.1,34.1,8.9,7.0,6.4,33.1,22.6,79.1,16.3,11.8,35.4,12.2,3.1,6.4,30.9,3.1,12.8,3.9
19115,IA,Louisa,9.8,29.0,18.6,36.3,79.7,9.2,9.8,7.4,78.4,85.1,13.9,69.9,7.7,15.7,64.4,19.6,12.8,30.4,24.8,13.5,10.4,20.2,8.3,37.3,10.3,7.7,7.0,31.8,28.9,82.3,15.8,14.5,40.2,13.7,3.8,6.5,36.6,3.7,11.2,4.9
19117,IA,Lucas,8.1,32.0,18.5,39.7,80.8,10.1,10.3,8.7,78.8,84.3,15.1,66.4,9.6,18.4,61.2,21.1,13.9,32.8,23.5,13.8,12.8,21.9,9.6,38.4,9.9,9.0,7.4,31.1,29.1,81.1,16.9,16.6,39.8,15.2,4.4,7.1,33.9,4.3,16.5,5.4
19119,IA,Lyon,7.5,29.1,23.5,37.3,79.6,9.9,10.3,7.2,79.1,85.3,14.0,67.0,7.3,16.0,69.1,21.0,11.8,31.1,23.3,10.3,8.4,18.5,8.3,37.6,8.3,7.6,6.0,32.1,27.5,79.6,17.0,13.9,42.2,13.5,3.3,5.6,30.5,3.5,9.4,4.2
19121,IA,Madison,5.9,26.9,21.1,33.5,77.6,9.2,9.8,6.2,77.8,86.0,12.6,67.1,6.4,14.2,72.8,20.3,10.5,26.1,22.9,9.3,7.5,15.9,7.0,36.2,7.7,6.6,5.5,31.4,22.8,82.0,15.8,11.6,37.2,12.3,3.0,5.2,30.8,3.1,7.5,3.6
19123,IA,Mahaska,7.1,28.6,19.6,36.0,78.6,9.2,10.1,7.2,76.8,83.4,14.2,66.1,7.8,16.3,67.7,21.1,11.7,30.0,23.6,12.2,10.7,19.0,8.2,36.1,9.3,8.0,7.0,32.0,28.4,75.7,16.9,14.0,38.6,13.6,3.6,6.5,34.2,3.6,16.8,4.5
19125,IA,Marion,5.9,27.3,20.8,34.5,78.1,9.7,9.6,6.5,78.1,85.4,12.6,67.9,6.4,13.3,72.3,21.0,10.5,28.4,22.2,9.3,7.4,16.1,7.5,35.1,7.4,6.7,5.5,30.7,22.6,77.1,15.7,12.3,39.4,12.0,2.9,5.0,28.2,3.2,9.7,3.7
19127,IA,Marshall,11.0,26.7,19.7,34.7,77.9,8.5,9.5,7.1,78.8,84.0,14.3,62.8,7.2,15.2,64.4,19.4,12.7,30.5,23.9,14.7,11.5,20.3,8.1,36.4,11.4,7.8,7.7,31.6,28.4,75.4,15.8,14.1,44.1,13.8,3.8,7.2,33.9,3.6,16.7,5.1
19129,IA,Mills,5.9,28.4,20.0,35.9,79.5,9.9,9.8,6.7,78.6,86.7,12.0,67.4,6.7,13.8,66.4,19.7,11.3,26.5,21.6,9.2,7.4,16.0,7.5,38.1,7.6,6.6,5.5,30.0,23.0,80.3,15.2,12.3,39.2,12.2,3.1,5.3,30.7,3.3,10.9,3.7
19131,IA,Mitchell,6.8,30.1,19.7,37.8,80.7,10.3,9.9,7.8,78.7,85.6,13.3,67.8,7.9,15.3,66.2,19.4,12.2,29.5,22.2,10.9,9.2,18.3,8.8,37.3,8.4,7.8,6.2,30.7,26.4,79.1,15.7,14.4,40.1,13.5,3.7,5.8,32.3,3.8,10.1,4.5
19133,IA,Monona,7.3,31.7,17.9,39.5,81.0,10.5,10.1,8.3,79.4,85.3,14.3,66.3,8.8,16.3,64.8,20.6,13.1,32.1,22.9,12.4,10.9,20.1,9.4,37.2,9.2,8.5,6.9,32.3,28.3,76.3,16.5,15.7,42.2,14.3,4.0,6.4,32.4,4.1,12.6,5.0
19135,IA,Monroe,6.6,28.9,19.9,36.7,79.3,9.7,10.0,7.2,78.4,85.4,13.3,64.8,7.5,15.5,68.3,20.5,11.7,28.8,23.1,10.8,8.9,17.9,8.1,37.5,8.4,7.4,6.1,31.4,25.4,79.6,16.1,13.4,38.2,13.3,3.4,5.7,33.5,3.6,18.1,4.2
19137,IA,Montgomery,7.4,30.5,18.7,38.7,80.3,10.2,10.2,8.1,78.7,84.9,14.2,63.9,8.6,16.5,62.9,20.5,12.9,31.0,23.1,12.5,10.9,20.0,9.0,37.3,9.2,8.4,6.9,30.8,28.4,76.1,16.5,15.4,39.5,14.3,4.0,6.5,36.8,4.1,16.4,4.9
19139,IA,Muscatine,10.0,27.6,20.7,35.4,78.5,8.7,9.8,7.0,76.8,84.1,14.4,63.5,7.4,15.9,66.2,19.4,12.3,30.0,24.4,14.2,11.5,20.0,8.0,35.1,10.8,7.8,7.4,31.9,29.3,79.7,16.8,14.0,41.4,13.6,3.8,7.1,33.5,3.5,11.0,4.9
19141,IA,O'Brien,8.4,29.4,19.0,36.9,78.6,9.7,10.1,7.9,77.6,83.9,14.6,64.9,8.4,16.4,64.2,21.0,12.4,32.0,22.9,13.1,11.4,20.2,9.0,36.6,9.7,8.5,7.2,32.0,27.9,79.3,16.7,15.1,38.8,14.1,4.0,6.8,34.0,3.9,15.6,5.0
19143,IA,Osceola,9.6,31.1,17.9,39.4,80.7,10.3,10.0,8.8,78.2,84.4,14.9,64.8,9.3,17.1,66.6,20.1,14.0,33.9,24.3,14.5,12.2,22.1,9.9,38.6,10.4,9.0,7.6,32.4,30.1,80.3,16.2,17.0,39.5,15.2,4.5,7.0,31.6,4.4,11.3,5.6
19145,IA,Page,8.3,31.2,18.5,40.8,80.2,10.0,10.0,8.5,78.5,84.5,14.6,64.6,9.1,18.0,63.5,20.1,13.6,32.7,24.1,14.0,12.7,21.1,9.4,37.6,10.2,8.7,7.5,30.7,29.3,77.1,16.4,16.2,42.9,14.7,4.3,7.3,31.3,4.3,14.1,5.3
19147,IA,Palo Alto,6.9,29.4,19.7,37.3,80.3,10.2,9.9,7.7,78.6,85.2,13.5,65.3,7.8,15.1,68.6,20.0,12.1,29.4,22.7,11.0,9.4,18.2,8.7,36.9,8.5,7.8,6.4,30.6,25.8,79.2,15.8,14.2,40.0,13.4,3.6,5.9,31.9,3.8,9.5,4.5
19149,IA,Plymouth,7.0,27.7,20.9,35.0,79.0,9.5,9.7,6.8,77.8,85.7,12.7,67.9,6.8,14.5,68.7,18.9,11.2,27.0,23.3,10.3,8.1,16.7,7.7,35.6,8.4,6.9,6.0,31.4,24.6,80.4,15.5,12.4,39.4,12.4,3.2,5.6,31.2,3.3,11.6,4.0
19151,IA,Pocahontas,7.8,31.3,18.3,38.7,81.5,10.8,10.0,8.4,79.6,85.9,13.7,68.1,8.6,15.9,69.2,19.6,13.3,31.5,23.4,12.1,10.3,20.0,9.4,38.9,9.0,8.2,6.7,31.9,28.2,81.0,15.8,15.7,36.2,14.3,4.0,6.2,32.1,4.2,15.7,4.9
19153,IA,Polk,7.5,25.2,20.9,31.2,75.7,7.4,9.8,5.5,75.3,83.5,13.4,65.5,5.8,13.3,63.9,21.6,10.1,26.2,23.8,12.5,10.2,17.2,6.1,34.4,10.5,6.8,6.9,33.7,23.7,78.2,17.2,10.9,37.0,12.5,3.0,6.8,35.0,2.8,11.7,3.9
19155,IA,Pottawattamie,8.2,27.3,20.4,35.3,79.1,9.0,10.4,7.0,77.3,84.0,14.5,65.8,7.8,17.0,62.7,21.9,11.7,31.3,24.9,14.0,11.5,19.1,7.9,36.9,10.2,8.2,7.4,34.6,27.4,75.5,17.0,14.3,39.1,13.6,3.7,6.9,34.5,3.6,14.4,4.7
19157,IA,Poweshiek,7.0,28.0,18.9,35.2,79.4,9.4,9.9,7.2,77.3,83.5,14.1,66.5,7.5,14.7,66.5,21.6,11.4,29.9,23.7,11.8,9.7,18.2,8.3,36.0,8.7,7.9,6.8,32.8,25.8,75.9,16.5,13.6,40.5,13.0,3.5,6.0,31.2,3.6,8.4,4.5
19159,IA,Ringgold,6.4,30.4,19.3,37.9,81.0,10.6,9.9,7.7,79.6,86.4,13.0,65.5,7.7,14.8,65.6,20.5,12.2,29.7,22.7,10.5,8.6,18.1,8.7,37.8,7.9,7.5,5.9,31.6,25.9,77.8,15.4,14.3,42.7,13.4,3.5,5.5,34.0,3.8,15.9,4.3
19161,IA,Sac,7.0,31.5,19.0,37.9,80.7,10.7,9.9,8.1,79.1,86.2,13.2,69.1,8.1,15.1,69.3,19.8,12.5,30.5,22.6,10.9,9.1,18.8,9.1,38.1,8.3,7.7,6.2,30.5,26.3,76.2,15.6,14.6,41.3,13.7,3.7,5.7,33.7,3.9,11.2,4.5
19163,IA,Scott,6.9,28.8,21.2,32.8,78.4,8.7,10.5,6.3,78.8,84.9,12.7,69.0,6.7,14.0,70.5,20.5,11.0,25.9,23.2,12.7,10.6,17.6,7.1,34.9,10.3,7.1,6.8,33.2,24.1,83.8,16.2,12.3,40.6,12.6,3.3,6.9,34.6,3.3,9.7,4.1
19165,IA,Shelby,7.0,31.4,19.1,37.4,81.2,10.7,10.0,7.9,79.3,86.2,13.1,65.0,7.9,15.2,66.8,19.9,12.5,31.0,23.1,10.8,9.0,19.0,9.1,38.5,8.3,7.7,6.1,30.6,26.7,75.6,15.5,14.7,37.8,13.8,3.7,5.7,30.6,3.9,14.4,4.5
19167,IA,Sioux,7.9,23.2,20.7,32.5,76.3,8.5,9.6,5.9,76.9,83.3,13.3,62.8,6.0,12.9,68.0,20.3,9.8,26.0,23.5,10.6,7.7,15.8,7.0,35.0,8.6,6.8,6.2,33.6,23.3,80.6,15.9,11.1,33.0,11.8,2.9,5.4,26.6,2.9,9.2,3.9
19169,IA,Story,6.1,18.9,23.9,26.4,70.4,6.4,9.7,4.7,74.6,78.3,14.0,70.4,4.8,11.1,71.0,21.5,8.1,25.2,21.5,10.9,8.1,14.5,5.7,31.0,8.3,6.8,7.1,35.2,20.1,80.5,17.1,8.8,30.8,10.1,2.5,5.7,27.1,2.3,11.5,3.6
19171,IA,Tama,9.3,30.2,18.6,37.7,79.8,9.7,10.2,8.2,77.9,84.3,14.8,65.6,8.8,17.4,63.9,20.2,13.6,33.2,24.7,14.9,12.7,21.8,9.2,37.3,11.0,8.8,8.0,32.2,29.6,77.2,16.6,16.1,40.2,14.9,4.3,7.6,33.9,4.1,13.6,5.5
19173,IA,Taylor,8.5,30.7,18.8,39.1,80.4,10.0,9.8,8.0,78.3,84.9,14.1,66.3,8.3,16.3,63.8,20.6,12.9,31.8,23.7,12.4,10.4,20.1,9.1,38.6,9.5,8.1,6.8,32.2,28.4,79.0,16.0,15.4,39.7,14.4,3.8,6.3,33.4,4.0,9.2,4.8
19175,IA,Union,7.3,28.9,19.0,37.2,79.2,9.7,10.1,7.4,78.5,84.3,14.0,66.9,7.9,15.8,65.1,20.6,12.1,30.2,22.9,12.2,10.7,18.9,8.5,37.1,9.2,8.0,6.9,31.4,27.1,77.4,16.6,14.2,37.2,13.6,3.7,6.5,30.9,3.7,10.2,4.6
19177,IA,Van Buren,8.0,32.1,18.3,40.2,80.8,10.4,10.5,8.8,78.3,84.4,15.2,63.8,9.8,18.5,63.4,21.2,13.9,33.8,23.7,13.9,12.8,22.4,9.7,38.2,9.7,9.2,7.5,31.7,29.6,72.9,16.9,16.9,39.5,15.5,4.5,7.0,33.3,4.4,13.6,5.5
19179,IA,Wapello,10.0,28.6,18.5,35.8,79.1,8.6,10.3,7.6,77.3,82.8,15.5,66.8,8.6,18.0,59.6,20.4,13.5,32.9,24.8,16.1,14.5,22.1,8.6,37.6,12.1,9.0,8.6,33.7,30.7,72.9,17.2,15.7,41.7,14.9,4.4,8.4,37.1,3.9,15.6,5.6
19181,IA,Warren,5.7,26.0,21.8,32.3,78.0,8.9,9.7,5.6,77.1,85.7,12.1,69.3,5.7,12.6,67.6,20.5,9.7,24.9,21.6,8.7,6.8,14.5,6.6,35.5,7.3,6.2,5.3,30.8,21.8,80.0,15.4,10.7,38.7,11.4,2.7,5.0,32.6,2.8,7.9,3.3
19183,IA,Washington,7.8,29.1,20.1,37.3,79.9,9.7,9.8,7.3,78.1,85.0,13.6,68.0,7.6,15.1,68.3,20.7,12.0,29.3,22.9,11.4,9.7,18.5,8.2,37.0,8.9,7.7,6.5,32.3,26.2,78.6,15.9,14.1,38.6,13.5,3.6,6.1,30.5,3.6,10.4,4.5
19185,IA,Wayne,7.8,31.7,18.4,38.8,80.5,10.4,10.2,8.6,78.6,84.5,14.8,64.7,9.1,17.2,60.0,20.7,13.1,32.3,23.8,12.7,11.3,21.0,9.6,38.5,9.3,8.8,7.0,32.2,29.3,75.3,16.7,16.1,40.6,14.8,4.1,6.4,31.6,4.3,14.9,5.1
19187,IA,Webster,8.0,28.0,20.8,36.9,77.7,9.1,10.1,7.1,77.8,83.0,14.5,66.1,7.7,16.0,68.1,20.5,11.8,29.3,24.2,13.2,10.7,18.9,8.1,35.1,9.8,8.0,7.3,34.2,27.6,77.3,16.9,13.6,41.2,13.2,3.7,6.8,36.3,3.6,12.3,4.7
19189,IA,Winnebago,7.0,28.7,19.7,36.4,79.5,9.8,9.9,7.2,78.5,84.8,13.3,67.2,7.4,14.3,72.2,20.3,11.6,28.5,22.3,10.8,9.0,17.7,8.2,36.6,8.4,7.5,6.4,30.8,24.8,79.1,15.8,13.3,38.4,13.0,3.4,5.8,29.7,3.6,14.1,4.3
19191,IA,Winneshiek,5.8,27.4,19.6,34.1,80.0,10.1,9.6,7.0,79.1,85.3,12.3,70.5,6.6,12.4,72.7,19.2,10.7,26.2,21.2,8.7,6.9,15.5,7.9,35.7,6.9,6.7,5.5,30.2,22.8,78.4,15.2,12.1,34.7,11.9,3.0,4.7,26.8,3.4,8.1,3.7
19193,IA,Woodbury,10.6,24.7,19.8,34.5,77.6,7.6,9.8,6.6,76.9,82.5,14.9,60.4,7.3,16.1,61.0,20.0,12.1,29.4,25.6,15.3,12.9,20.8,7.4,34.1,12.1,8.2,8.5,33.3,28.9,76.9,17.5,13.4,39.1,14.1,3.8,7.9,31.3,3.4,9.9,5.2
19195,IA,Worth,6.8,30.7,19.1,38.1,79.9,10.3,9.8,7.7,79.2,86.1,13.1,68.4,7.8,15.5,69.6,20.0,12.4,29.3,22.8,10.6,9.0,18.5,8.6,38.5,8.4,7.5,6.1,30.5,26.0,79.2,15.6,14.1,40.5,13.4,3.6,5.9,32.3,3.8,11.2,4.3
19197,IA,Wright,9.9,30.3,18.8,38.4,80.9,10.1,9.9,8.6,78.8,84.8,14.3,65.1,8.7,16.0,62.6,19.5,13.9,32.4,23.1,14.6,12.4,21.3,9.6,38.5,10.5,8.6,7.6,31.0,28.8,77.8,15.6,16.2,40.7,14.5,4.3,7.3,31.9,4.2,15.0,5.5
20001,KS,Allen,9.1,29.8,15.5,36.5,80.3,9.5,10.3,7.8,77.7,84.0,15.8,59.3,8.5,16.5,58.7,22.6,12.5,34.4,20.9,13.4,8.2,20.1,9.0,37.4,10.7,8.9,7.3,30.3,29.3,69.4,17.1,15.9,37.4,14.0,4.0,8.2,36.8,3.9,14.2,5.0
20003,KS,Anderson,9.7,30.9,15.5,39.2,80.0,9.7,10.3,8.4,76.8,83.8,16.1,57.0,9.3,18.1,60.5,21.5,13.1,35.7,22.1,14.1,8.6,21.4,9.6,39.5,10.9,9.3,7.4,30.6,29.9,70.9,17.1,17.3,40.1,14.8,4.3,8.2,34.1,4.2,13.9,5.3
20005,KS,Atchison,8.8,26.9,16.5,34.8,78.3,8.3,10.4,6.9,75.2,81.6,16.0,61.6,7.6,15.3,62.9,21.7,11.2,33.4,21.4,12.9,7.6,19.0,8.0,35.2,10.6,8.6,7.4,32.6,27.7,69.3,17.8,14.3,37.0,13.0,3.6,8.0,34.4,3.4,15.0,4.7
20007,KS,Barber,8.6,32.5,14.5,40.9,82.1,10.6,10.1,8.9,78.3,86.0,14.7,62.6,9.4,16.4,61.1,20.6,13.8,35.1,19.6,12.4,7.8,20.6,10.0,40.7,10.0,8.7,6.7,27.6,29.5,72.7,15.8,17.5,38.6,14.5,4.2,7.8,32.4,4.3,15.0,5.2
20009,KS,Barton,11.7,30.2,14.6,38.3,79.9,9.2,10.1,8.2,78.0,84.2,15.8,63.9,9.0,16.3,62.4,20.4,13.4,36.0,20.9,15.3,9.2,21.6,9.4,39.2,12.2,9.1,7.9,29.7,30.2,68.0,16.2,16.9,38.8,14.4,4.4,9.2,33.0,4.0,15.7,5.6
20011,KS,Bourbon,9.0,30.7,15.6,38.2,80.0,9.2,10.4,7.9,77.9,83.4,16.0,59.5,8.9,16.9,56.9,21.7,12.7,34.8,20.9,13.8,8.9,20.7,9.0,38.8,11.0,9.1,7.6,30.4,30.9,70.1,17.1,16.6,36.7,14.5,4.2,8.7,39.3,4.0,14.1,5.2
20013,KS,Brown,9.0,32.2,14.6,40.4,80.8,9.9,10.5,8.4,78.7,85.3,15.3,62.4,9.0,17.7,62.5,21.0,13.5,34.6,21.1,13.7,8.5,20.4,9.6,39.0,11.1,8.9,7.5,29.6,29.3,72.0,16.7,17.0,39.6,14.5,4.2,8.6,32.0,4.2,13.1,5.3
20015,KS,Butler,8.3,26.5,16.3,34.5,78.1,8.4,10.2,6.2,77.0,84.9,14.3,62.3,6.6,14.4,65.8,21.2,10.7,30.4,20.6,11.4,6.3,16.9,7.4,36.8,10.2,7.3,6.4,31.7,23.2,72.3,16.6,13.1,39.0,12.4,3.2,7.4,36.7,3.1,11.0,4.0
20017,KS,Chase,10.7,31.6,14.5,40.0,81.4,10.2,10.0,8.9,78.4,84.7,15.2,60.4,9.3,16.4,60.8,20.3,13.9,35.8,20.2,14.0,8.8,21.4,10.2,39.3,11.0,9.2,7.6,29.3,29.8,74.1,15.9,17.8,38.2,14.5,4.5,8.7,33.4,4.3,16.7,5.7
20019,KS,Chautauqua,10.7,33.5,13.9,42.6,81.8,10.4,10.6,10.1,78.1,84.5,16.8,59.8,10.9,19.1,58.2,21.1,15.2,39.3,21.6,16.3,10.7,24.2,11.5,40.1,12.2,10.5,8.6,29.7,33.3,70.1,17.1,20.4,40.4,16.3,5.2,9.7,34.9,5.0,13.6,6.5
20021,KS,Cherokee,9.5,31.6,14.6,38.8,80.3,9.3,10.8,8.5,77.9,83.9,16.8,59.7,9.7,18.9,59.1,22.5,13.4,37.8,21.5,15.3,10.0,22.6,9.8,39.0,11.9,9.9,8.4,30.9,30.6,71.3,17.6,17.9,43.8,15.4,4.7,9.4,35.9,4.3,14.2,5.8
20023,KS,Cheyenne,11.4,33.1,13.9,41.5,82.1,10.6,10.1,9.8,78.6,85.1,15.8,61.9,10.3,17.7,61.0,20.9,14.8,37.4,21.2,14.9,9.6,23.1,11.1,40.2,11.4,9.8,7.8,31.6,33.5,71.5,16.2,19.2,38.0,15.5,4.8,8.8,32.6,4.7,14.9,6.1
20025,KS,Clark,9.8,29.7,15.6,37.8,80.6,9.9,9.9,7.7,78.0,85.9,13.8,61.0,7.6,13.9,64.2,19.8,12.1,31.9,19.9,11.6,6.4,18.5,9.0,38.1,9.9,7.9,6.4,30.0,27.0,72.4,15.2,15.2,36.8,13.1,3.7,7.2,33.8,3.7,17.6,4.7
20027,KS,Clay,8.7,31.9,15.5,39.9,81.4,10.4,10.1,8.4,78.1,85.7,14.6,63.2,8.8,16.5,60.7,21.5,12.8,34.9,21.0,12.0,7.3,19.9,9.8,38.7,9.9,8.6,6.7,30.8,28.2,73.4,15.9,16.9,39.6,14.0,4.1,7.7,33.7,4.1,11.0,5.0
20029,KS,Cloud,8.6,29.8,15.6,38.6,79.4,9.6,10.2,7.7,76.9,84.0,15.4,61.6,8.4,15.9,62.2,21.9,12.3,34.4,21.1,12.3,7.6,19.2,9.1,37.2,10.3,8.7,7.0,30.1,29.0,73.2,16.9,15.9,41.4,13.9,3.9,7.9,34.6,3.8,16.6,4.9
20031,KS,Coffey,8.7,31.3,15.6,38.5,81.2,10.1,10.2,8.1,78.5,85.6,14.8,61.9,8.5,16.2,56.7,20.8,12.7,33.9,20.5,11.7,7.0,19.1,9.5,38.4,9.8,8.4,6.5,29.2,27.6,68.4,16.1,16.0,36.9,13.9,3.9,7.4,34.5,3.9,15.3,4.8
20033,KS,Comanche,8.9,32.7,14.6,40.2,82.4,10.9,10.1,8.6,79.5,86.5,14.3,65.1,8.7,15.1,66.1,20.8,13.3,34.6,20.2,11.2,6.5,19.6,10.0,40.6,9.4,8.4,6.3,29.0,29.1,77.0,15.7,16.8,39.2,14.2,4.0,7.2,33.1,4.2,12.7,4.9
20035,KS,Cowley,10.7,29.4,14.8,37.6,79.2,8.6,10.2,7.4,76.3,83.5,15.6,59.1,8.0,15.7,60.1,21.5,12.8,33.7,21.8,14.5,8.5,20.7,8.6,39.2,11.9,8.8,7.8,31.7,28.4,67.1,17.2,15.9,40.9,14.2,4.0,8.8,36.5,3.7,17.0,5.2
20037,KS,Crawford,9.7,26.5,16.5,35.1,76.9,7.8,10.5,6.9,75.6,80.3,17.2,59.5,7.9,16.4,59.1,22.6,11.2,34.6,20.5,15.0,9.7,19.8,8.1,36.1,12.1,9.4,8.6,35.7,27.5,70.5,18.3,14.8,36.8,14.0,4.0,9.6,34.2,3.5,14.6,5.3
20039,KS,Decatur,8.1,33.0,14.0,40.2,83.0,11.7,9.8,8.9,78.8,87.6,13.1,62.8,8.5,14.1,62.3,19.4,13.4,33.4,19.5,10.1,5.9,18.7,10.3,41.1,8.3,7.9,5.7,28.2,27.7,72.2,14.4,16.5,36.6,13.6,3.8,6.4,31.9,4.2,12.0,4.7
20041,KS,Dickinson,8.6,30.1,15.8,37.1,79.6,9.9,10.1,7.5,77.8,85.6,14.4,63.3,7.8,15.0,64.6,20.7,11.9,33.5,21.2,11.3,6.4,19.0,8.7,38.2,9.8,8.0,6.3,30.3,28.3,75.9,16.1,15.5,39.5,13.5,3.7,7.2,33.4,3.7,6.9,4.5
20043,KS,Doniphan,8.3,28.5,16.8,35.9,79.2,9.1,10.2,7.1,77.3,84.4,14.7,62.3,7.5,15.3,63.1,21.3,11.5,31.7,21.0,11.3,6.4,18.1,8.2,36.8,9.8,8.0,6.5,30.7,26.9,69.2,16.6,14.2,37.5,13.1,3.5,7.3,34.5,3.5,12.8,4.4
20045,KS,Douglas,7.5,21.0,19.4,26.6,74.0,6.7,10.1,4.8,76.5,80.7,14.8,62.5,5.3,11.6,63.3,24.5,8.4,27.9,21.2,11.0,6.2,14.7,6.1,31.2,9.6,7.2,7.0,30.8,18.8,75.8,17.1,10.3,30.5,10.7,2.7,7.6,33.6,2.5,10.3,3.8
20047,KS,Edwards,13.4,30.6,14.5,39.9,81.0,9.4,10.0,8.6,77.6,84.8,15.7,63.6,8.8,16.7,61.9,19.8,14.3,36.0,21.9,15.8,9.0,22.6,9.8,38.9,12.6,9.1,8.0,30.6,32.2,69.1,15.9,17.8,39.9,14.8,4.6,9.0,33.8,4.2,9.8,6.0
20049,KS,Elk,9.5,35.5,13.4,43.7,83.0,11.2,10.4,10.3,79.6,86.1,15.8,58.4,11.1,18.4,55.7,21.1,15.8,39.2,20.9,14.6,9.8,23.6,11.5,42.1,11.1,10.1,7.8,29.9,35.1,70.1,16.3,20.7,40.5,16.3,5.1,8.9,37.0,5.0,20.2,6.3
20051,KS,Ellis,8.6,24.2,19.1,31.7,76.8,7.6,9.9,6.1,76.1,80.7,15.2,64.7,6.6,13.1,67.4,20.7,9.8,28.6,20.1,11.8,6.9,16.6,7.3,33.1,9.9,7.9,7.2,31.3,23.6,76.0,17.2,12.2,36.5,11.8,3.2,7.7,33.9,3.0,6.7,4.3
20053,KS,Ellsworth,9.5,28.8,16.0,37.9,79.5,9.7,9.4,7.5,77.1,84.8,13.9,60.4,7.4,14.7,59.8,18.5,11.7,32.8,21.9,11.2,6.1,18.6,9.0,36.5,9.8,7.7,6.4,30.0,27.6,71.7,15.1,14.9,39.1,13.0,3.5,7.2,34.1,3.7,15.5,4.5
20055,KS,Finney,21.1,22.1,15.7,32.9,75.8,5.9,9.7,6.2,72.7,80.8,17.1,52.7,6.5,15.3,53.1,18.2,13.1,34.0,25.5,21.6,11.2,24.2,7.4,33.7,17.8,8.9,10.4,33.9,33.0,69.6,17.0,15.4,37.3,14.4,4.4,11.3,36.5,3.2,15.4,6.6
20057,KS,Ford,21.9,23.3,16.2,33.2,74.8,5.8,9.3,6.4,72.2,80.1,17.5,54.1,6.6,15.5,53.1,17.9,13.1,35.0,25.1,23.2,12.1,24.5,7.5,33.5,18.9,9.0,10.8,32.0,34.0,70.0,16.6,15.8,39.1,14.3,4.6,12.1,37.8,3.3,10.8,7.0
20059,KS,Franklin,8.8,29.7,15.7,36.2,79.3,8.9,10.4,7.0,76.3,84.0,15.0,62.6,7.7,16.1,66.0,21.3,11.5,32.7,21.1,11.9,7.2,18.8,8.2,36.9,10.1,8.1,6.7,31.3,27.3,74.4,16.8,14.6,40.3,13.6,3.6,7.6,32.1,3.5,13.2,4.5
20061,KS,Geary,13.1,19.9,17.6,29.5,68.6,5.0,10.3,4.9,73.1,77.1,18.1,59.6,5.9,16.4,56.5,21.8,9.3,32.8,23.7,19.5,12.3,19.5,6.2,28.7,16.9,9.1,10.8,35.5,29.7,71.5,19.6,12.0,34.5,12.4,3.6,12.6,37.2,2.7,12.3,5.3
20063,KS,Gove,8.4,30.8,14.8,38.0,81.8,10.5,9.9,8.0,77.3,86.1,13.9,66.0,8.1,15.2,64.7,19.7,12.3,32.6,20.4,10.3,5.9,18.5,9.3,39.5,8.8,7.9,5.9,29.3,28.3,74.4,15.5,15.6,37.4,13.4,3.6,6.6,31.2,3.9,9.0,4.5
20065,KS,Graham,8.4,33.8,13.5,42.4,83.4,11.1,10.1,9.5,79.7,86.8,14.2,65.1,9.4,15.3,64.4,19.6,14.3,35.7,19.9,12.1,7.5,20.7,10.8,41.3,9.5,8.9,6.7,29.4,29.9,68.2,15.1,18.1,36.7,14.5,4.4,7.6,31.4,4.6,15.2,5.4
20067,KS,Grant,17.4,22.5,16.8,31.5,76.8,7.0,9.0,5.9,74.1,83.9,14.3,59.4,5.5,12.6,59.3,17.3,11.8,30.5,23.8,15.0,6.7,19.7,7.2,34.7,13.6,7.0,7.5,31.8,29.3,72.2,14.6,13.3,35.4,12.5,3.4,8.0,32.6,2.9,14.1,5.1
20069,KS,Gray,12.9,26.5,15.9,33.7,78.0,8.3,10.2,7.0,74.5,82.6,16.0,55.8,7.6,15.6,62.1,21.0,11.2,33.5,22.3,14.3,7.9,20.4,8.4,37.0,11.9,8.6,7.6,31.3,29.2,75.0,16.9,14.8,39.5,13.5,3.8,8.1,31.0,3.4,17.0,5.0
20071,KS,Greeley,10.0,28.3,15.3,35.7,80.2,9.5,9.6,7.1,78.1,86.7,13.2,66.3,6.9,13.4,66.7,19.5,11.7,30.5,20.2,11.1,5.9,17.7,8.3,37.6,9.7,7.2,6.1,29.2,26.5,73.5,14.6,14.2,36.8,12.6,3.4,6.8,30.6,3.4,9.9,4.4
20073,KS,Greenwood,9.0,33.9,14.6,42.0,82.4,10.7,10.3,9.4,78.2,86.1,15.1,59.7,9.9,17.4,59.3,21.0,14.4,35.8,20.2,13.1,8.3,21.4,10.6,41.5,10.2,9.1,7.0,29.3,29.9,71.7,16.2,18.0,40.7,14.9,4.5,8.0,35.0,4.5,14.7,5.5
20075,KS,Hamilton,17.0,24.4,16.0,33.7,76.7,7.3,9.3,6.4,74.7,83.6,15.1,60.4,6.5,14.5,60.7,18.6,11.8,32.1,23.3,16.1,7.9,20.5,7.6,36.0,14.2,7.6,7.9,31.3,30.1,70.0,15.5,14.0,40.2,13.2,3.7,8.9,35.7,3.2,16.9,5.2
20077,KS,Harper,11.4,33.3,14.4,40.6,81.3,9.9,10.4,9.3,77.4,83.6,16.8,60.3,10.6,19.2,53.7,21.7,14.8,38.2,21.4,16.5,11.0,24.2,10.5,40.9,12.3,10.4,8.5,30.7,33.1,71.8,17.0,19.5,41.9,15.8,5.1,9.7,35.1,4.7,19.1,6.3
20079,KS,Harvey,9.8,27.0,15.6,35.0,79.7,9.3,10.0,7.2,78.2,85.0,14.3,63.5,7.2,13.8,66.4,20.3,12.2,31.2,21.0,12.0,6.6,18.1,8.5,37.7,10.1,7.8,6.5,29.6,28.2,69.9,15.6,14.7,36.5,12.9,3.5,7.3,33.7,3.5,11.8,4.6
20081,KS,Haskell,16.4,26.2,15.3,34.9,77.9,7.8,9.9,7.4,74.6,81.8,16.9,59.3,7.9,16.2,58.2,20.0,13.2,35.1,23.0,17.8,9.5,22.7,8.6,38.0,14.0,9.1,8.8,32.2,32.9,70.6,16.8,16.3,41.8,14.5,4.3,9.2,34.0,3.7,16.3,6.0
20083,KS,Hodgeman,8.1,28.5,15.5,36.8,80.8,9.8,9.5,7.2,78.2,86.8,12.8,64.7,6.9,13.3,66.0,19.0,11.5,29.4,20.3,9.8,5.2,16.6,8.4,38.7,8.7,7.0,5.6,29.1,25.2,71.8,14.6,13.6,36.5,12.3,3.2,6.3,33.8,3.5,9.5,4.0
20085,KS,Jackson,8.8,29.5,15.8,36.5,80.2,9.4,10.3,7.6,77.4,85.3,14.8,63.8,7.9,15.8,64.4,20.8,12.3,32.8,20.9,12.0,6.9,18.7,8.8,38.8,10.3,8.1,6.8,29.9,27.2,74.7,16.3,15.2,37.8,13.7,3.7,7.7,36.0,3.7,10.6,4.7
20087,KS,Jefferson,7.5,28.8,16.9,35.6,80.7,9.7,9.9,7.1,78.9,86.4,13.6,66.0,7.3,14.6,68.1,20.7,11.3,31.5,20.1,9.6,5.2,17.2,8.3,37.5,8.7,7.2,5.6,30.1,25.3,71.9,15.4,14.0,34.7,12.7,3.3,6.4,32.3,3.4,11.4,4.0
20089,KS,Jewell,9.2,36.1,13.0,44.5,84.2,12.0,10.1,10.8,80.5,86.5,15.1,64.9,11.0,17.3,61.7,20.5,15.8,38.3,19.9,13.1,8.6,23.1,12.0,42.7,9.8,9.8,7.0,28.8,32.6,72.4,15.5,20.3,39.1,16.0,4.9,7.9,32.9,5.1,15.9,6.0
20091,KS,Johnson,6.6,22.7,17.3,32.0,76.8,8.4,9.3,5.0,79.1,87.9,11.1,67.5,4.6,9.7,74.8,18.4,9.4,24.4,16.8,7.5,3.7,12.3,6.1,37.6,7.7,5.5,4.7,27.7,19.3,77.5,13.2,9.6,31.2,9.6,2.4,5.5,30.2,2.5,8.2,3.0
20093,KS,Kearny,16.5,26.0,15.3,34.4,78.2,7.7,9.7,7.1,74.1,82.5,16.2,54.8,7.3,15.7,54.8,19.0,12.9,34.2,23.4,17.1,9.2,22.1,8.4,36.4,14.4,8.7,8.5,31.4,32.2,74.1,16.4,16.0,37.6,14.2,4.1,9.4,34.8,3.6,16.5,5.9
20095,KS,Kingman,8.8,29.1,15.7,37.3,79.5,9.3,10.2,7.4,77.1,85.1,14.9,63.2,8.2,16.4,62.4,21.3,12.0,32.9,21.0,12.0,7.1,19.1,8.6,37.6,10.1,8.2,6.7,29.8,27.9,75.1,16.5,15.1,39.8,13.6,3.8,7.7,34.4,3.7,21.7,4.6
20097,KS,Kiowa,8.6,29.4,15.1,37.2,80.7,9.9,9.9,7.7,78.1,85.2,14.0,63.1,7.7,13.9,68.4,20.6,11.8,31.7,20.7,11.1,6.1,18.2,8.9,38.4,9.1,7.8,6.3,30.6,26.5,75.9,15.6,14.8,39.0,12.9,3.5,6.6,29.8,3.7,14.4,4.4
20099,KS,Labette,10.2,31.5,14.9,40.4,79.4,9.3,10.7,8.4,77.1,84.0,16.4,60.2,9.4,17.9,60.0,20.9,13.4,35.5,21.4,15.3,9.7,21.9,9.4,39.0,11.9,9.6,8.1,29.2,32.2,73.4,17.1,17.6,41.3,14.9,4.6,9.4,36.6,4.3,20.9,5.7
20101,KS,Lane,9.3,31.9,14.5,39.1,81.9,10.7,10.1,8.3,79.0,86.9,14.0,61.8,8.3,14.4,64.2,20.4,13.1,33.3,19.9,11.4,6.5,19.3,9.5,39.9,9.7,8.2,6.4,29.1,28.4,68.6,15.4,16.3,36.6,13.8,3.9,7.3,34.6,4.0,15.1,4.8
20103,KS,Leavenworth,8.5,25.9,15.9,32.9,77.7,8.2,10.0,6.0,76.2,85.1,13.4,63.7,6.0,13.6,66.0,20.9,10.8,29.0,21.3,10.5,6.0,16.1,7.1,35.5,10.2,6.8,6.3,29.1,23.2,75.5,15.7,12.0,39.8,11.7,3.0,7.4,37.1,3.0,10.3,3.9
20105,KS,Lincoln,8.5,33.8,14.1,42.0,82.6,11.0,10.1,9.4,79.5,86.3,14.6,66.1,9.6,16.2,64.8,20.6,14.2,35.9,20.1,12.3,7.8,21.0,10.7,41.0,9.7,9.0,6.8,29.1,30.0,72.8,15.8,18.2,40.2,14.8,4.4,7.8,32.5,4.5,13.0,5.4
20107,KS,Linn,8.2,31.4,15.1,37.4,81.3,10.1,10.2,8.0,78.4,86.1,14.2,61.6,8.4,16.1,61.8,20.2,12.5,32.5,20.3,11.3,6.6,19.3,9.2,39.3,9.3,8.1,6.2,28.5,27.8,74.3,16.0,15.9,37.2,13.9,3.8,7.1,33.2,3.9,17.1,4.7
20109,KS,Logan,9.7,29.4,15.0,37.2,80.2,9.6,10.1,7.9,77.1,84.5,15.0,63.4,8.4,15.9,60.7,21.2,12.5,33.5,21.2,12.7,7.8,19.9,9.2,38.0,10.4,8.5,7.0,30.7,29.3,74.3,16.2,15.7,39.8,13.8,4.0,7.9,33.2,3.9,14.2,5.0
20111,KS,Lyon,13.1,25.0,15.9,34.0,76.3,7.2,10.0,6.6,75.0,80.4,17.0,62.9,7.2,14.8,58.9,21.5,11.5,33.0,22.8,16.2,9.2,20.8,7.7,36.3,13.1,8.9,8.8,32.5,29.2,71.8,17.6,14.4,37.8,13.1,3.9,9.2,35.1,3.3,16.8,5.5
20113,KS,McPherson,7.9,27.4,15.7,35.0,79.4,9.3,9.9,6.7,76.8,84.7,13.9,62.2,6.8,13.6,66.5,21.1,10.5,30.7,20.1,10.1,5.6,16.8,8.2,36.5,8.8,7.5,6.0,30.3,26.5,73.4,15.8,13.3,37.0,12.3,3.2,6.5,32.3,3.3,13.0,4.0
20115,KS,Marion,8.4,29.7,14.8,37.7,81.2,10.1,10.0,8.0,77.1,84.8,14.5,65.5,8.2,15.0,65.8,20.8,12.2,32.3,20.0,11.2,6.5,18.5,9.3,38.6,9.2,8.3,6.4,29.3,27.9,74.1,15.8,15.4,38.7,13.4,3.8,7.0,29.9,3.9,10.6,4.7
20117,KS,Marshall,9.0,31.0,15.4,38.9,81.4,10.2,10.2,8.6,77.9,85.1,15.2,63.8,9.1,17.3,63.4,21.2,13.0,34.0,21.2,12.6,7.6,20.4,9.8,39.3,10.1,8.8,6.8,31.0,29.1,75.4,16.5,16.8,37.4,14.4,4.2,7.7,34.7,4.2,14.0,5.1
20119,KS,Meade,12.8,27.9,15.4,36.4,78.7,8.7,10.0,7.6,76.0,83.7,15.8,62.2,8.0,15.8,59.6,20.3,12.5,33.8,22.2,14.7,8.2,20.9,8.8,37.6,12.3,8.6,7.7,31.6,30.6,70.0,16.2,15.8,36.8,14.1,4.1,8.5,34.7,3.7,9.8,5.3
20121,KS,Miami,7.7,28.4,15.6,33.5,79.5,9.2,9.8,6.5,76.5,85.8,13.3,66.2,6.7,13.8,68.8,20.9,10.8,29.6,19.3,9.6,5.3,16.4,7.6,37.1,8.8,7.0,5.6,28.8,23.9,74.6,15.6,12.9,35.0,12.0,3.1,6.4,32.5,3.2,9.4,3.8
20123,KS,Mitchell,8.4,30.8,15.5,38.7,81.1,10.2,10.1,8.2,77.7,85.3,14.6,61.3,8.4,15.6,61.9,20.8,12.8,33.5,20.7,11.5,6.9,19.3,9.4,38.8,9.4,8.3,6.5,29.6,28.4,73.1,16.2,15.9,39.0,13.9,3.9,7.3,33.9,3.9,10.9,4.7
20125,KS,Montgomery,10.5,31.3,15.1,40.0,80.4,9.2,10.7,8.4,76.9,83.5,16.6,61.0,9.4,17.9,56.5,21.6,13.8,36.2,22.2,16.0,10.2,22.0,9.6,39.1,12.5,9.8,8.6,32.2,29.4,71.0,17.5,17.6,38.9,15.0,4.7,9.8,37.4,4.3,22.6,6.0
20127,KS,Morris,8.5,33.0,14.4,40.8,82.5,11.0,9.9,8.8,79.3,86.8,14.1,65.4,8.9,15.2,61.7,19.7,13.5,34.5,20.1,11.2,6.8,19.8,10.2,39.8,9.1,8.4,6.2,28.2,30.0,76.1,15.2,17.0,36.7,14.3,4.0,7.0,32.8,4.2,14.5,5.0
20129,KS,Morton,14.1,30.4,14.2,38.2,80.7,9.2,10.0,8.3,77.4,84.3,16.1,58.7,8.8,16.6,60.4,19.7,14.0,36.2,22.9,16.3,9.1,23.0,9.7,39.5,12.9,9.3,8.1,30.9,32.7,72.6,16.1,18.0,37.9,15.0,4.6,9.0,36.3,4.2,23.5,6.1
20131,KS,Nemaha,8.0,29.1,16.6,36.9,80.1,9.8,9.9,7.5,77.1,85.3,14.1,64.4,7.6,14.7,64.5,20.6,11.4,32.4,20.4,10.6,6.2,17.9,8.9,38.3,8.8,7.9,6.1,30.2,26.2,68.7,15.7,14.7,38.7,13.0,3.5,6.7,31.6,3.6,14.8,4.4
20133,KS,Neosho,9.4,29.5,14.9,38.3,80.3,9.4,10.3,8.1,77.4,84.0,15.7,59.0,8.9,16.6,59.6,20.7,13.1,34.1,20.7,13.8,8.7,20.4,9.2,38.5,11.2,9.0,7.6,29.6,28.6,74.6,17.0,16.4,39.5,14.1,4.2,8.7,35.1,4.0,18.6,5.3
20135,KS,Ness,10.4,31.9,14.6,39.1,82.1,10.6,9.8,8.5,78.3,85.8,14.4,63.5,8.7,15.1,61.9,19.9,13.2,33.5,20.3,12.2,7.0,19.9,9.8,40.4,9.9,8.4,6.6,29.0,29.7,70.8,15.2,16.7,35.2,14.0,4.0,7.3,34.3,4.1,12.5,5.1
20137,KS,Norton,10.7,29.2,16.4,37.8,78.7,9.0,9.8,8.0,76.2,82.9,15.6,59.5,8.6,17.4,61.6,20.5,12.7,34.0,22.1,14.2,8.6,20.9,9.3,37.6,11.6,8.8,7.7,30.6,30.1,72.9,16.5,16.0,42.7,14.2,4.2,9.1,35.2,3.9,13.0,5.3
20139,KS,Osage,8.6,31.1,15.6,39.0,80.3,9.8,10.1,7.8,78.1,85.4,14.9,63.8,8.4,16.4,63.0,21.1,12.5,34.5,20.6,11.9,7.0,19.6,9.0,40.0,9.9,8.2,6.4,28.5,28.2,74.6,16.3,15.7,41.8,13.7,3.8,7.5,31.1,3.8,16.5,4.7
20141,KS,Osborne,8.3,33.0,14.1,40.7,83.1,11.2,10.0,9.4,79.8,86.5,14.3,63.9,9.3,15.7,63.5,20.1,14.0,35.3,20.3,11.6,7.2,20.5,10.7,40.3,9.4,8.7,6.4,27.8,29.9,75.0,15.5,17.8,38.8,14.5,4.2,7.4,31.4,4.4,10.7,5.2
20143,KS,Ottawa,8.0,29.9,16.0,37.6,80.5,9.9,10.0,7.8,77.8,85.7,14.2,65.5,8.2,15.6,63.2,20.7,12.2,32.1,20.0,11.2,6.7,18.5,9.0,38.5,9.3,8.1,6.3,29.3,27.0,75.9,15.8,15.3,38.3,13.4,3.8,7.4,32.2,3.8,13.7,4.6
20145,KS,Pawnee,10.5,29.3,15.4,38.7,80.3,9.6,9.8,8.0,77.3,85.3,14.5,63.0,8.1,16.5,64.0,19.3,12.7,34.2,21.6,12.6,7.2,20.1,9.3,38.6,10.9,8.2,6.9,30.2,29.0,74.2,15.3,15.9,38.2,13.8,4.0,8.0,34.9,3.9,14.5,4.9
20147,KS,Phillips,8.9,33.2,14.1,39.8,82.4,10.7,10.1,8.9,78.6,85.7,14.8,64.0,9.3,16.2,61.8,20.6,13.6,34.7,20.4,12.5,7.7,20.3,10.2,40.5,9.8,8.9,6.8,28.9,29.9,71.5,15.8,17.4,40.5,14.6,4.2,7.6,34.8,4.3,13.6,5.2
20149,KS,Pottawatomie,7.7,24.9,17.6,33.2,77.3,8.5,9.7,5.9,75.4,84.7,13.2,62.0,6.1,13.6,69.4,19.9,9.7,27.8,19.8,9.6,5.3,14.8,7.1,35.2,9.0,6.7,5.7,30.0,23.8,73.9,15.7,11.5,35.8,11.4,2.9,6.6,34.8,2.9,11.8,3.7
20151,KS,Pratt,9.4,28.3,16.4,35.9,80.2,9.3,9.9,7.6,77.5,84.2,14.8,64.1,7.7,14.8,63.3,20.7,12.1,33.1,20.1,12.1,6.9,18.8,8.8,36.3,10.1,8.2,6.8,30.4,28.5,73.5,16.1,15.0,36.5,13.3,3.7,7.5,32.0,3.7,14.3,4.8
20153,KS,Rawlins,9.4,34.5,13.7,41.7,83.3,11.5,10.1,9.9,79.4,86.8,14.7,63.8,9.9,16.8,62.2,20.5,14.7,36.8,20.1,12.6,7.9,21.5,11.3,41.0,10.2,9.2,6.9,28.1,30.9,69.7,15.8,18.8,41.9,15.3,4.6,8.0,34.6,4.7,15.3,5.6
20155,KS,Reno,10.2,29.5,15.3,35.4,79.8,9.1,10.2,7.9,78.5,84.3,15.6,62.0,8.3,16.9,60.4,22.1,13.2,34.2,21.5,14.4,8.4,20.2,8.9,36.8,11.8,8.8,7.5,28.9,29.9,76.2,16.3,16.2,44.0,13.5,4.1,8.8,38.4,3.9,13.4,5.1
20157,KS,Republic,8.5,33.6,14.3,41.9,83.1,11.3,10.1,9.6,79.6,86.3,14.7,65.7,9.9,16.3,64.8,20.3,14.3,35.8,19.7,12.6,8.2,21.1,10.9,40.2,9.8,9.2,6.9,28.8,30.6,71.2,15.7,18.4,41.2,14.9,4.5,8.0,30.8,4.6,14.0,5.5
20159,KS,Rice,10.0,28.1,16.1,36.0,79.4,8.9,9.9,7.1,77.5,84.0,14.9,64.9,7.4,14.5,63.4,20.3,11.9,33.2,20.8,12.1,6.7,18.6,8.3,37.5,10.3,8.0,6.9,30.7,28.5,70.2,16.1,14.8,39.5,13.3,3.6,7.6,32.2,3.5,10.2,4.7
20161,KS,Riley,9.3,17.1,20.1,23.2,68.7,4.9,10.1,4.3,71.1,74.5,16.8,63.9,4.9,11.8,57.5,23.2,7.2,29.1,21.0,13.4,7.7,15.2,5.5,25.9,11.6,7.9,8.7,35.5,21.9,75.6,18.8,9.5,26.4,10.5,2.7,8.7,36.3,2.2,12.5,4.1
20163,KS,Rooks,8.6,31.4,15.6,38.1,81.4,10.3,10.0,7.8,78.7,86.2,14.2,67.8,8.2,15.0,67.0,21.3,12.3,32.6,21.2,11.2,6.4,18.8,9.1,40.3,9.3,8.0,6.2,29.9,28.5,76.3,15.4,15.3,40.6,13.5,3.7,7.0,34.1,3.8,12.4,4.5
20165,KS,Rush,9.0,33.4,14.1,41.2,82.3,11.0,10.1,9.1,78.8,86.3,14.6,62.6,9.4,16.3,63.1,20.7,13.9,35.3,20.2,12.3,7.5,20.7,10.4,39.7,9.8,8.8,6.7,29.1,30.7,66.7,15.6,17.7,38.7,14.8,4.3,7.6,32.9,4.4,12.7,5.3
20167,KS,Russell,9.6,33.7,13.8,41.3,82.5,10.6,10.5,9.2,78.6,85.7,15.6,64.7,9.8,17.1,64.3,20.7,13.9,36.8,20.9,13.2,8.4,21.7,10.6,41.5,10.5,9.4,7.2,29.5,31.0,71.2,16.5,18.5,41.5,15.1,4.5,8.2,32.1,4.5,12.3,5.5
20169,KS,Saline,10.1,27.8,16.3,35.5,78.9,8.9,9.9,7.3,76.6,84.1,14.6,63.8,7.6,15.1,63.3,20.7,12.1,31.5,21.4,13.0,7.6,19.5,8.3,37.3,10.9,8.2,7.1,30.9,28.8,76.6,16.4,15.2,41.1,13.1,3.8,8.2,32.4,3.6,11.8,4.9
20171,KS,Scott,11.1,27.2,15.5,35.0,79.3,9.1,9.5,7.1,76.9,85.1,13.7,60.5,6.9,13.3,58.9,19.1,11.4,30.5,20.4,11.8,6.3,18.0,8.3,36.8,10.2,7.5,6.4,30.4,26.4,72.2,15.0,14.1,38.1,12.6,3.4,7.1,33.9,3.4,17.6,4.6
20173,KS,Sedgwick,11.4,24.9,15.7,34.7,78.0,7.6,10.0,6.5,73.6,82.8,15.0,61.9,7.1,15.1,64.1,22.6,12.0,30.8,24.3,15.4,8.8,19.8,7.3,36.5,13.2,8.2,7.9,33.7,26.3,74.1,17.0,14.1,38.6,12.8,3.8,9.6,36.3,3.4,8.0,5.0
20175,KS,Seward,24.8,21.0,15.3,31.5,74.4,5.3,9.2,6.0,72.2,79.5,17.9,52.1,6.0,15.0,52.9,17.8,13.4,35.6,26.8,24.5,12.4,25.7,7.3,34.8,20.7,9.0,11.5,35.1,37.5,70.3,16.9,15.5,42.7,14.4,4.6,12.7,39.3,3.2,14.8,7.3
20177,KS,Shawnee,9.6,27.7,14.8,39.0,78.8,8.8,10.5,7.1,79.4,86.0,14.9,71.4,7.4,15.2,67.5,23.0,12.5,32.8,20.4,13.8,7.9,19.8,7.9,41.2,11.3,8.1,7.2,30.8,25.7,79.4,15.6,15.1,38.3,13.0,3.7,8.5,35.1,3.5,10.7,4.8
20179,KS,Sheridan,7.8,30.4,16.0,37.0,81.3,10.5,9.8,7.8,78.3,86.3,13.4,66.7,7.5,13.7,69.6,20.0,11.8,31.9,19.2,9.6,5.3,17.3,9.3,38.2,8.4,7.5,5.6,28.8,26.3,73.3,15.2,14.6,34.0,13.0,3.4,6.3,30.8,3.7,13.6,4.2
20181,KS,Sherman,10.3,28.3,16.2,37.4,79.8,9.3,9.9,7.7,76.4,84.0,15.0,60.9,7.8,15.1,60.6,20.2,12.3,33.7,20.9,12.5,7.2,19.3,9.0,37.0,10.5,8.3,7.0,30.1,30.2,68.1,16.2,15.3,38.2,13.4,3.8,7.7,33.4,3.7,8.3,4.9
20183,KS,Smith,7.8,33.2,14.1,40.8,83.5,11.6,9.8,9.0,80.1,87.5,13.5,65.2,8.7,14.7,64.7,19.2,13.3,34.1,19.4,10.1,5.9,18.6,10.5,41.5,8.2,8.1,5.7,27.8,29.6,75.6,14.6,16.7,39.0,13.9,3.8,6.3,33.4,4.3,13.1,4.7
20185,KS,Stafford,10.3,30.8,14.8,38.3,81.1,9.9,10.1,8.1,78.0,85.5,14.7,68.0,8.4,15.3,61.8,20.4,13.1,34.6,20.2,12.8,7.4,20.5,9.4,40.0,10.6,8.5,6.9,29.8,29.4,73.3,15.7,16.5,41.0,14.1,4.0,7.8,34.6,4.0,16.8,5.1
20187,KS,Stanton,19.2,27.7,14.1,36.6,79.4,8.0,9.7,8.1,75.9,82.9,17.1,54.7,8.3,16.3,56.6,19.1,14.7,37.4,23.6,20.6,11.4,25.6,9.5,38.0,16.3,9.8,9.8,32.0,35.4,71.7,16.0,18.4,39.5,15.4,5.0,10.8,35.3,4.1,15.0,7.2
20189,KS,Stevens,19.0,28.1,14.4,37.8,79.1,7.9,10.1,8.4,76.1,81.8,18.3,55.7,9.1,18.1,57.4,19.9,14.9,38.5,23.9,21.6,12.7,26.9,9.6,38.1,16.9,10.6,10.4,32.4,36.7,69.7,17.2,19.0,41.3,16.3,5.4,11.5,37.0,4.2,18.5,7.5
20191,KS,Sumner,8.9,29.7,15.3,37.5,79.3,9.3,10.1,7.7,78.5,84.8,15.0,62.4,8.3,16.8,60.8,21.3,12.4,32.0,20.4,12.6,7.9,19.5,8.8,39.6,10.5,8.4,7.0,29.6,27.4,70.7,16.4,15.7,39.9,13.9,4.0,8.2,37.1,3.8,14.7,4.9
20193,KS,Thomas,8.3,25.8,16.6,33.0,78.4,8.8,9.9,6.4,75.7,83.9,13.8,62.7,6.5,12.7,65.2,20.9,10.2,29.7,19.7,10.2,5.6,16.2,7.8,34.7,9.0,7.3,6.2,30.0,24.9,74.3,16.4,12.7,35.0,11.9,3.1,6.6,34.6,3.1,13.3,4.0
20195,KS,Trego,7.2,32.7,14.8,39.2,82.6,11.2,9.7,8.0,79.7,87.9,12.5,66.0,7.8,13.9,65.7,19.5,12.3,31.3,19.5,9.3,5.2,17.2,9.2,39.4,8.0,7.2,5.2,28.8,26.7,75.3,14.4,15.1,40.5,13.0,3.4,6.0,34.5,3.8,13.5,4.1
20197,KS,Wabaunsee,7.9,29.4,15.8,36.2,80.7,9.8,9.9,7.3,77.6,85.9,13.7,67.0,7.3,14.2,65.4,20.1,11.5,30.7,20.7,10.2,5.5,17.4,8.5,37.4,8.7,7.4,5.8,29.4,25.6,73.0,15.5,14.2,35.1,12.8,3.4,6.5,33.3,3.5,12.2,4.2
20199,KS,Wallace,9.7,32.7,14.5,39.9,82.4,10.7,10.0,8.9,78.9,85.9,14.7,63.9,9.0,15.5,64.0,20.4,13.7,35.3,19.9,12.3,7.4,20.4,10.3,39.9,9.9,8.8,6.8,29.2,29.9,71.8,15.6,17.4,36.6,14.4,4.2,7.6,33.9,4.3,12.0,5.3
20201,KS,Washington,8.3,30.2,15.7,37.3,81.6,10.4,9.7,7.9,78.3,86.1,13.7,65.5,8.0,14.9,64.9,19.6,11.9,31.9,21.9,11.2,6.2,17.8,9.3,39.1,9.3,7.8,6.2,31.7,28.4,75.6,15.2,15.3,34.0,13.1,3.6,6.9,33.8,3.8,13.8,4.4
20203,KS,Wichita,14.6,29.8,14.3,39.2,81.0,9.2,9.5,8.8,76.8,84.6,15.5,59.8,8.6,16.0,61.2,19.0,14.5,36.4,22.4,16.0,9.0,22.8,10.1,38.4,12.9,8.9,8.1,29.7,33.9,71.0,15.6,17.7,41.7,14.7,4.6,9.2,32.5,4.2,16.7,6.1
20205,KS,Wilson,9.5,32.3,14.2,40.3,81.1,10.1,10.4,8.8,77.9,84.7,15.8,63.3,9.6,17.7,62.4,21.3,13.8,36.0,20.9,13.9,8.8,21.8,10.0,40.3,10.9,9.4,7.5,29.8,30.1,69.3,16.6,17.8,39.8,14.9,4.5,8.6,34.2,4.3,18.2,5.5
20207,KS,Woodson,8.6,32.7,14.4,40.8,81.9,10.7,10.2,8.9,79.0,86.2,14.8,64.5,9.4,16.6,59.2,20.7,13.6,34.7,20.1,12.1,7.4,20.4,9.9,40.3,9.6,8.7,6.6,28.9,29.2,70.9,15.8,17.2,39.6,14.5,4.2,7.4,34.8,4.3,15.9,5.1
20209,KS,Wyandotte,17.3,23.4,15.1,37.0,76.0,5.8,10.1,6.7,75.7,81.1,17.1,57.7,7.4,17.6,53.0,17.7,14.5,32.5,27.0,22.7,14.1,25.1,6.8,35.3,18.6,9.9,11.7,33.8,34.7,74.0,17.2,16.0,40.7,14.3,5.0,14.0,37.2,3.8,17.5,7.0
22001,LA,Acadia,10.4,33.0,17.3,44.6,78.9,8.1,10.8,8.7,80.3,84.1,21.7,62.9,11.2,21.9,54.3,30.6,16.5,43.3,28.4,26.3,23.8,29.0,9.7,39.6,17.8,12.6,12.7,36.6,36.1,76.7,21.6,21.3,41.8,18.2,6.1,13.4,37.3,4.9,18.5,7.9
22003,LA,Allen,11.7,29.3,18.5,44.0,76.2,7.1,10.1,8.0,79.0,83.1,21.1,61.8,9.7,21.7,52.7,27.4,15.3,41.5,30.7,26.4,22.2,27.9,8.8,38.5,18.8,11.5,12.8,36.4,34.9,76.1,20.7,18.8,44.2,17.0,5.7,13.8,39.1,4.5,24.5,7.6
22005,LA,Ascension,7.9,27.3,18.3,38.9,76.7,7.1,9.7,5.9,81.4,87.2,16.7,68.7,6.6,15.4,64.4,26.9,12.2,33.2,27.0,17.1,12.9,20.1,6.7,38.5,13.7,8.3,8.8,34.4,26.1,79.5,18.7,13.8,35.5,13.5,3.8,9.6,39.9,3.3,13.4,5.0
22007,LA,Assumption,10.0,33.0,16.0,45.3,80.7,8.4,10.6,8.9,82.2,86.0,20.0,63.0,10.5,20.5,52.7,27.1,16.7,42.9,29.9,24.6,21.0,27.9,9.6,41.6,17.3,11.6,11.8,37.1,35.2,77.6,19.8,21.0,38.4,17.2,5.9,12.4,38.1,5.1,19.5,7.6
22009,LA,Avoyelles,11.4,33.5,16.3,48.2,79.2,7.9,11.1,9.6,80.9,83.8,22.5,64.1,12.0,23.2,49.2,28.0,17.7,44.2,31.2,29.7,27.8,31.4,10.1,40.7,20.8,13.6,14.7,37.6,37.9,74.4,21.8,22.7,43.0,18.9,7.0,15.8,40.3,5.5,23.9,9.1
22011,LA,Beauregard,8.6,30.9,18.1,39.7,77.5,8.2,10.3,7.5,80.4,85.2,18.6,64.9,8.9,18.5,57.1,28.9,13.4,38.1,27.6,19.0,15.4,23.6,8.6,40.2,13.8,10.0,9.7,35.6,29.7,77.8,20.0,16.8,40.7,15.8,4.5,9.9,35.9,4.0,15.4,5.9
22013,LA,Bienville,10.8,37.8,13.5,52.5,82.7,8.3,11.2,11.1,83.6,85.8,22.0,63.8,13.4,23.8,46.5,26.9,22.1,48.2,30.4,33.2,32.8,34.6,10.9,43.2,22.2,14.8,15.9,38.0,42.4,77.2,20.9,27.0,47.5,20.1,8.4,18.2,43.3,6.8,30.7,10.7
22015,LA,Bossier,8.1,27.8,17.1,39.3,77.7,7.5,10.1,6.7,81.6,86.8,17.1,68.0,7.6,16.1,58.2,26.8,13.2,34.1,27.3,18.9,15.2,22.2,7.6,37.0,14.9,9.0,9.8,35.8,29.9,77.0,18.5,15.1,40.9,14.2,4.3,10.7,42.3,3.8,15.6,5.7
22017,LA,Caddo,8.9,32.5,14.4,47.1,80.9,7.5,10.8,8.4,83.9,87.0,19.1,66.7,9.4,18.2,55.5,26.6,17.2,41.0,30.7,27.5,23.9,27.4,8.4,40.4,20.0,11.5,13.1,37.7,33.2,77.2,19.4,20.4,42.2,16.4,6.1,15.1,38.7,5.1,23.0,7.9
22019,LA,Calcasieu,8.3,29.9,17.1,42.2,78.1,7.8,10.2,7.2,81.1,86.0,18.1,66.2,8.1,17.1,58.7,27.5,14.2,38.5,27.6,19.9,16.6,23.6,8.0,38.9,14.8,9.7,10.2,35.9,32.9,78.2,19.0,16.5,43.0,14.7,4.6,11.0,38.7,4.0,14.5,6.0
22021,LA,Caldwell,10.7,33.3,17.3,45.2,78.7,8.4,10.5,9.4,80.5,83.6,21.8,62.5,11.7,23.0,51.8,29.2,16.7,44.6,29.5,26.0,23.3,29.7,10.3,40.8,17.8,12.7,12.8,37.0,35.7,73.0,21.4,21.6,38.6,18.2,6.3,13.3,40.4,5.2,25.3,8.2
22023,LA,Cameron,7.6,31.9,18.4,41.3,79.6,9.5,9.8,8.0,81.1,87.1,17.4,66.0,8.8,17.0,58.4,28.1,13.3,37.5,25.6,15.2,11.6,21.9,9.3,40.7,11.4,9.2,8.0,34.8,28.1,76.2,18.7,16.7,36.4,15.5,4.2,7.9,37.3,4.0,19.8,5.4
22025,LA,Catahoula,12.0,33.2,16.1,46.5,79.4,7.8,10.6,9.3,80.8,84.1,21.6,66.0,11.6,22.7,54.3,26.9,17.7,44.6,30.9,29.0,26.1,31.0,9.7,40.7,20.1,12.8,14.1,36.7,36.9,76.2,20.6,22.3,41.8,18.6,6.8,14.9,41.4,5.3,27.1,8.8
22027,LA,Claiborne,13.2,36.8,13.5,54.3,81.6,8.0,11.0,11.6,83.2,84.2,23.3,59.0,14.2,25.7,42.8,25.1,22.8,50.7,33.4,37.8,37.5,37.3,11.3,42.3,25.5,15.8,18.2,37.5,43.6,74.0,21.1,28.1,48.5,20.6,9.2,20.9,46.4,7.1,27.6,11.9
22029,LA,Concordia,11.2,35.0,14.4,50.1,80.4,7.9,11.1,10.1,82.5,84.4,22.1,65.1,12.4,22.8,47.5,27.4,19.8,45.9,31.0,32.3,30.9,32.4,10.1,41.7,22.2,14.1,15.7,38.5,39.1,74.9,21.3,24.3,45.6,19.0,7.6,17.7,42.3,6.0,22.9,9.9
22031,LA,De Soto,9.5,33.7,15.4,47.4,80.7,8.1,10.9,8.9,82.8,86.3,20.1,63.9,10.5,20.7,56.0,27.1,17.8,42.9,29.5,26.3,23.2,28.5,9.2,40.3,18.4,12.1,12.8,36.8,34.4,76.2,20.3,21.5,44.4,17.5,6.2,14.1,41.9,5.3,17.0,8.0
22033,LA,East Baton Rouge,7.6,26.7,16.9,40.3,77.6,6.5,10.3,6.3,81.8,86.4,17.8,67.8,6.8,14.0,60.1,25.9,13.9,34.8,28.5,21.2,17.8,21.4,6.6,35.4,16.7,9.3,11.4,36.7,24.6,82.5,18.8,14.9,35.3,13.2,4.4,12.3,41.9,3.8,15.5,6.1
22035,LA,East Carroll,16.1,31.3,14.3,53.0,76.6,5.7,11.6,10.1,81.3,80.3,26.3,55.9,13.3,28.4,38.8,24.9,22.0,50.8,37.6,46.4,46.0,39.9,9.3,38.7,32.7,17.3,23.3,41.9,44.3,75.2,23.2,27.0,51.2,20.4,10.1,26.7,47.8,6.8,42.0,13.3
22037,LA,East Feliciana,8.8,31.4,16.9,47.7,80.2,7.8,10.1,8.1,82.2,87.1,17.9,65.1,8.6,18.3,57.5,24.5,16.1,39.5,30.4,22.2,17.7,25.6,8.1,41.1,17.2,10.0,10.9,36.9,33.7,80.4,18.6,18.8,42.2,15.6,5.1,12.2,43.0,4.7,20.4,6.6
22039,LA,Evangeline,11.7,32.1,17.2,45.1,78.3,7.5,10.9,8.8,80.9,83.4,21.9,60.3,11.1,22.1,45.4,28.3,16.8,44.8,29.7,28.5,25.7,30.0,9.5,40.0,19.9,12.9,13.9,36.2,36.6,75.2,21.3,21.4,44.7,18.2,6.4,15.0,42.1,5.0,28.6,8.4
22041,LA,Franklin,10.7,34.8,14.7,48.1,80.6,8.4,11.1,9.9,82.0,84.7,22.0,62.1,12.5,22.7,49.7,28.1,18.4,45.8,29.6,29.3,27.7,31.8,10.4,42.0,19.5,13.8,14.2,36.8,37.7,75.7,21.1,24.1,42.0,19.1,7.1,15.2,40.4,5.7,30.5,9.2
22043,LA,Grant,11.0,28.8,18.7,42.0,75.7,7.5,9.8,7.5,79.1,83.9,19.7,60.6,9.0,20.1,51.7,26.9,13.7,38.9,30.2,22.1,17.6,25.5,8.6,38.6,16.4,10.3,10.9,37.9,31.3,72.5,20.2,17.1,39.9,16.0,4.8,11.6,42.5,4.0,20.0,6.4
22045,LA,Iberia,10.4,31.7,15.1,44.8,80.2,7.5,10.8,8.5,82.8,85.3,20.6,64.2,10.4,20.4,52.7,27.9,17.1,43.0,30.7,26.4,23.6,28.9,8.9,39.6,18.6,12.1,13.1,39.3,35.2,78.5,20.5,20.6,42.5,17.3,6.1,14.0,40.0,4.9,19.2,8.0
22047,LA,Iberville,10.2,30.6,16.1,44.4,78.9,7.1,10.6,7.8,81.7,86.1,19.4,65.6,8.9,18.9,53.0,25.2,16.5,41.0,32.2,26.3,22.1,27.1,7.9,39.0,20.0,11.0,12.8,37.4,34.3,80.0,19.8,19.4,43.0,16.2,5.6,14.2,42.3,4.7,19.3,7.4
22049,LA,Jackson,9.8,33.8,15.6,47.9,80.6,8.7,10.5,9.6,82.3,85.7,20.1,61.4,11.2,20.6,50.7,26.5,17.7,43.1,29.2,25.2,22.5,29.2,10.2,41.9,17.4,12.2,12.3,35.3,37.1,75.1,19.8,22.0,44.9,18.0,6.3,13.2,40.2,5.4,25.8,8.1
22051,LA,Jefferson,10.0,29.7,16.4,42.7,80.2,7.8,9.8,7.5,83.2,88.2,16.8,67.4,7.7,14.9,57.9,24.3,16.2,35.4,27.7,20.5,15.6,23.5,8.0,38.6,15.9,9.2,10.1,36.7,30.3,80.8,17.7,16.9,41.6,14.3,4.7,11.3,40.4,4.1,15.0,6.4
22053,LA,Jefferson Davis,9.1,30.9,17.9,42.8,79.2,8.4,10.4,8.1,80.5,85.3,20.0,64.7,9.9,19.9,57.2,28.4,14.8,41.4,28.3,21.5,18.4,26.0,9.1,40.4,15.3,11.1,10.7,37.0,33.4,75.5,20.5,19.3,42.7,17.0,5.2,11.2,37.8,4.4,20.4,6.7
22055,LA,Lafayette,7.9,26.3,18.3,39.1,77.5,7.4,9.7,6.5,81.8,86.9,16.8,65.6,7.2,16.0,58.9,25.9,13.0,34.2,25.6,19.0,15.5,21.2,7.2,36.7,14.6,9.0,9.9,35.7,24.4,82.1,18.2,14.9,34.5,13.5,4.2,10.6,37.8,3.6,12.2,5.6
22057,LA,Lafourche,9.2,31.6,18.6,43.1,78.0,8.1,10.2,7.9,80.5,85.4,19.5,62.0,9.5,19.1,55.1,30.0,14.7,41.0,28.5,21.4,17.4,24.3,9.0,39.8,15.2,10.8,10.6,35.1,32.7,78.6,20.4,18.6,47.2,16.4,5.1,10.8,41.5,4.2,18.7,6.6
22059,LA,LaSalle,11.3,27.4,19.7,38.4,75.7,7.5,9.7,7.0,78.6,83.7,19.4,64.1,8.4,18.6,54.9,27.0,13.1,38.6,29.3,20.6,15.7,24.2,8.2,38.2,15.2,9.8,10.4,37.6,30.2,79.9,19.8,16.2,38.6,15.3,4.4,10.3,39.6,3.8,13.4,6.0
22061,LA,Lincoln,8.4,25.5,16.8,38.9,74.0,6.1,10.8,6.7,80.2,81.4,21.1,64.3,8.0,15.9,54.5,28.0,13.5,40.5,28.9,25.9,23.1,25.0,7.3,34.0,18.5,11.8,14.4,38.4,30.7,77.3,21.7,16.6,42.6,14.8,5.0,14.3,42.0,4.0,20.1,7.2
22063,LA,Livingston,8.3,28.4,18.9,40.1,76.1,7.8,9.9,6.6,81.2,85.7,18.4,67.6,7.8,17.1,59.2,29.6,12.7,37.4,26.5,18.5,14.2,21.7,7.9,38.4,13.7,9.2,8.9,34.0,27.3,77.7,19.6,14.9,38.9,14.8,4.0,9.3,38.2,3.4,14.1,5.3
22065,LA,Madison,13.0,35.2,13.1,53.4,80.6,6.8,12.1,10.5,83.5,83.9,24.4,59.3,13.5,25.5,43.7,26.3,22.6,49.2,33.9,41.2,41.6,37.7,9.7,41.2,28.7,16.7,20.3,39.2,43.8,74.0,22.5,27.7,49.9,20.4,9.6,23.6,46.2,7.0,31.0,12.4
22067,LA,Morehouse,10.8,35.7,14.0,52.6,81.0,7.8,11.5,10.0,83.2,85.4,21.8,63.4,12.3,23.0,47.0,26.7,20.3,46.4,33.1,33.7,32.1,33.1,9.7,42.7,23.5,14.2,16.3,39.7,38.7,78.4,21.0,24.9,44.8,18.8,7.8,18.7,44.5,6.2,29.5,9.9
22069,LA,Natchitoches,8.9,30.1,16.2,43.6,78.0,7.0,10.9,7.7,81.6,83.8,20.5,64.7,9.0,17.7,52.7,27.9,15.5,40.8,29.8,26.2,23.4,26.6,8.2,36.9,18.8,11.8,13.7,37.8,32.1,77.7,21.0,18.9,40.1,15.9,5.6,14.2,39.0,4.6,20.7,7.6
22071,LA,Orleans,8.3,27.5,18.1,41.9,79.7,6.3,10.5,7.0,81.6,87.3,17.1,70.8,7.3,15.0,59.4,26.7,16.2,34.8,31.0,24.4,21.1,22.7,6.7,36.1,18.9,9.8,12.2,39.2,26.8,82.6,18.4,16.8,34.4,13.8,5.3,14.5,38.8,4.5,23.9,7.1
22073,LA,Ouachita,8.6,30.9,15.7,44.6,77.6,7.4,10.9,7.5,81.9,85.8,18.9,64.3,8.8,17.9,54.9,25.7,15.4,39.5,29.4,24.5,20.9,24.7,8.0,38.4,18.3,11.1,12.2,37.2,32.9,78.4,19.8,18.4,43.9,15.2,5.4,13.9,40.3,4.4,25.1,7.0
22075,LA,Plaquemines,9.1,27.9,18.2,40.0,77.6,7.3,9.9,6.8,80.3,86.3,17.6,63.7,7.6,16.8,57.3,26.0,13.8,35.7,28.9,19.8,15.3,22.9,7.6,38.2,15.2,9.2,10.0,36.7,29.5,78.4,18.8,16.0,38.7,14.7,4.4,10.5,39.4,3.8,15.1,5.9
22077,LA,Pointe Coupee,9.2,34.2,15.3,47.5,81.8,8.9,10.6,9.1,83.4,87.4,18.8,65.7,10.2,18.5,53.5,26.1,17.1,41.3,29.0,23.1,19.7,26.6,9.4,42.2,16.5,11.2,11.2,36.2,34.2,77.8,19.1,21.0,39.9,16.9,5.8,12.0,40.5,5.2,23.8,7.4
22079,LA,Rapides,8.7,32.7,15.3,43.8,79.4,7.8,10.6,7.9,81.9,86.3,19.3,66.9,9.2,18.7,55.5,27.3,15.6,41.4,29.2,23.2,20.1,26.4,8.6,39.7,17.0,10.8,11.6,38.6,31.4,79.7,19.9,19.2,40.7,16.3,5.4,12.8,40.7,4.5,16.7,6.9
22081,LA,Red River,11.1,35.0,14.4,49.7,81.1,8.1,11.1,9.9,82.7,85.4,21.8,62.0,12.3,23.2,49.6,26.6,19.8,46.1,31.1,31.5,29.4,32.6,10.1,41.0,21.8,13.9,14.9,37.5,39.9,75.1,21.0,24.6,43.9,19.2,7.5,16.6,44.0,6.0,27.9,9.6
22083,LA,Richland,10.2,33.2,15.6,46.7,79.9,7.9,11.0,9.0,82.2,85.2,20.9,63.3,11.0,21.4,51.4,27.4,17.7,43.1,29.7,28.0,25.6,29.7,9.3,40.5,19.7,12.7,13.7,37.7,36.0,76.4,20.8,21.8,43.1,17.8,6.5,15.0,40.3,5.3,23.3,8.4
22085,LA,Sabine,9.5,35.3,16.2,47.1,80.6,9.1,10.7,9.9,82.2,85.6,20.4,63.7,11.5,21.1,53.9,28.0,17.9,43.4,28.3,25.0,21.5,28.8,10.9,42.5,16.7,12.3,12.3,35.6,36.3,77.0,20.6,22.2,44.7,18.5,6.1,12.7,39.5,5.3,19.5,8.1
22087,LA,St. Bernard,11.1,29.4,16.7,42.0,76.6,6.8,10.6,7.4,80.3,84.9,20.4,63.7,9.1,20.2,52.1,27.9,15.3,40.9,29.9,27.0,23.1,27.4,8.2,39.0,20.0,11.3,13.2,37.3,33.6,77.1,20.8,18.7,42.8,16.7,5.6,14.6,40.9,4.2,22.7,7.5
22089,LA,St. Charles,7.8,28.5,18.2,41.2,78.4,7.7,9.9,6.5,81.9,87.8,16.2,68.0,7.1,15.1,62.9,25.5,13.2,34.1,26.2,16.7,12.9,20.7,7.2,38.7,13.5,8.5,8.7,33.0,27.6,80.7,18.1,15.1,37.7,14.0,4.0,9.4,39.1,3.6,13.5,5.2
22091,LA,St. Helena,10.6,34.6,14.1,49.3,81.7,7.8,11.3,9.8,83.4,86.1,21.1,64.6,11.5,21.8,50.8,25.7,19.8,45.6,32.6,31.7,29.5,32.3,9.5,41.0,22.2,13.5,15.1,38.3,39.2,75.7,20.5,24.3,42.7,18.4,7.3,17.2,41.4,6.1,27.6,9.4
22093,LA,St. James,7.8,31.9,16.3,46.0,81.4,7.9,10.5,7.8,83.8,88.3,17.2,69.8,8.3,16.5,57.5,24.5,16.5,37.9,30.6,21.5,18.2,24.5,7.8,38.5,16.7,10.0,10.8,36.4,32.4,82.8,18.4,18.8,43.7,15.2,5.1,12.1,43.1,4.8,17.5,6.5
22095,LA,St. John the Baptist,9.5,29.3,14.8,46.4,80.2,6.5,10.7,7.2,83.7,87.6,18.1,66.2,7.8,16.7,55.2,24.0,17.2,38.5,32.0,26.6,21.7,25.9,6.9,38.9,20.7,10.4,12.8,37.6,31.7,80.8,19.0,18.4,41.8,15.1,5.5,14.7,44.1,4.6,19.5,7.2
22097,LA,St. Landry,10.7,32.8,16.1,47.3,79.5,7.4,11.2,9.0,82.4,84.8,21.7,64.5,11.2,22.0,50.1,26.6,18.2,45.6,31.2,30.1,28.5,31.7,9.2,40.1,21.3,13.5,15.0,38.3,36.3,75.9,21.3,23.1,40.4,18.4,7.0,16.6,39.8,5.5,21.6,9.1
22099,LA,St. Martin,9.7,31.6,16.5,43.7,79.8,7.9,10.5,8.0,81.4,86.1,19.5,64.9,9.7,19.7,55.2,28.5,15.5,40.8,28.9,23.6,20.2,26.8,8.6,39.8,17.5,11.1,11.5,36.8,33.3,76.9,20.4,19.4,45.3,16.6,5.4,12.5,41.4,4.6,15.1,7.0
22101,LA,St. Mary,11.1,33.6,15.4,47.4,80.3,8.0,10.7,9.2,82.6,85.9,20.7,63.6,10.8,21.3,49.0,27.3,18.1,44.3,30.8,27.5,24.3,30.3,9.6,42.7,19.3,12.3,13.2,38.6,36.6,77.8,20.4,22.6,45.0,18.2,6.5,14.1,43.2,5.4,23.7,8.6
22103,LA,St. Tammany,6.9,28.1,17.8,38.9,80.2,8.9,9.5,7.0,80.9,88.4,15.5,67.7,7.2,14.5,63.7,25.2,13.3,33.8,24.5,15.0,11.3,20.1,8.0,37.7,12.1,8.2,7.9,32.0,26.0,80.9,18.0,14.9,37.4,13.7,3.8,8.4,38.8,3.6,10.3,5.0
22105,LA,Tangipahoa,9.5,29.9,18.6,40.7,77.0,7.2,10.5,7.3,80.5,85.0,19.4,67.1,8.7,18.6,57.9,26.4,14.6,39.0,29.0,23.3,20.2,24.9,7.8,37.0,17.8,10.6,12.0,39.1,30.4,77.2,20.8,17.7,43.0,15.4,5.0,12.8,38.6,4.1,20.1,6.6
22107,LA,Tensas,11.3,40.4,11.6,57.3,85.1,9.0,11.3,12.8,85.4,87.2,21.5,62.8,14.6,22.8,43.6,24.6,25.1,50.5,31.9,34.6,34.1,36.4,11.8,45.0,22.6,15.4,16.4,37.2,43.1,77.5,19.7,30.2,48.4,20.7,9.3,18.2,43.9,7.9,32.5,11.8
22109,LA,Terrebonne,9.3,30.9,17.3,41.4,78.6,7.8,10.4,7.7,81.5,85.8,19.0,67.3,9.0,18.8,58.4,27.3,15.2,38.6,28.4,21.8,17.3,25.5,8.5,39.1,15.5,10.3,10.8,35.4,33.1,76.2,20.1,18.1,41.3,16.4,4.9,11.0,42.1,4.2,16.5,6.5
22111,LA,Union,9.9,35.8,15.2,48.4,81.7,9.4,10.5,10.2,82.3,86.4,20.1,64.5,11.9,20.8,54.1,27.0,18.4,43.3,28.1,25.0,22.7,29.5,10.9,43.3,17.0,12.4,12.2,35.4,35.9,78.0,19.7,22.7,37.0,18.2,6.5,13.1,39.4,5.6,18.5,8.4
22113,LA,Vermilion,9.2,31.6,17.2,42.5,78.8,8.1,10.3,8.1,80.3,85.1,20.0,62.8,10.0,20.2,56.8,28.7,15.0,40.1,28.1,21.7,19.2,25.7,9.1,40.1,15.5,11.1,11.0,36.1,32.1,76.1,20.3,19.1,42.8,16.8,5.3,11.4,38.0,4.4,16.7,6.9
22115,LA,Vernon,10.0,27.3,18.3,38.8,74.8,7.0,10.0,6.8,79.4,83.1,19.9,62.4,8.1,18.3,55.0,27.5,12.5,38.4,28.4,21.5,17.4,23.7,8.0,37.7,15.5,10.1,11.1,36.5,31.6,79.9,20.5,15.9,38.5,14.9,4.4,11.0,41.9,3.7,19.0,6.1
22117,LA,Washington,10.1,34.1,15.1,46.9,80.4,8.1,10.8,9.3,80.6,85.4,20.6,62.8,11.3,21.7,53.5,27.2,17.8,42.5,29.7,26.8,24.7,29.5,9.6,40.7,18.8,12.5,13.1,34.5,37.7,77.5,20.4,21.8,45.5,18.0,6.4,14.3,41.1,5.3,24.2,8.3
22119,LA,Webster,10.1,35.1,14.7,49.4,81.5,8.5,11.2,10.2,82.4,85.3,21.5,63.0,12.6,22.8,50.0,27.4,19.5,46.0,29.8,29.8,28.7,31.9,10.4,41.5,20.2,13.8,14.5,36.1,39.0,76.9,20.9,24.7,44.6,19.5,7.3,16.3,40.7,6.0,24.3,9.4
22121,LA,West Baton Rouge,8.0,28.4,17.6,42.6,78.0,7.0,10.4,6.5,82.1,87.2,17.2,67.4,7.2,16.2,56.7,25.5,14.0,35.9,29.8,20.9,16.9,22.3,6.8,37.0,16.6,9.2,10.6,36.5,28.1,81.7,18.9,16.0,41.6,14.0,4.4,11.9,41.4,3.9,13.3,5.8
22123,LA,West Carroll,9.5,34.3,16.6,45.6,80.8,9.4,10.4,9.4,81.7,86.1,19.8,62.6,11.1,20.0,51.3,27.7,16.5,42.3,27.6,21.7,18.6,27.5,10.4,41.4,15.0,11.6,10.6,35.5,33.7,74.3,19.6,21.0,40.1,17.6,5.7,10.9,38.0,5.1,26.7,7.3
22125,LA,West Feliciana,8.7,27.2,18.6,44.4,77.7,7.0,9.1,6.9,81.4,87.7,15.9,62.4,6.9,17.0,57.9,21.8,14.6,34.7,31.5,19.7,14.8,22.4,7.1,38.0,16.4,8.2,9.8,34.9,28.5,81.5,16.9,15.3,40.7,13.7,4.4,11.6,41.6,4.0,18.3,5.5
22127,LA,Winn,11.1,32.0,16.4,46.6,79.3,8.0,10.2,8.9,81.2,84.9,20.3,62.8,10.3,20.6,51.7,26.4,17.1,43.4,30.0,26.2,22.7,28.6,9.6,40.6,18.5,11.8,12.8,36.5,35.6,78.2,19.9,20.7,45.9,17.2,6.0,13.9,41.9,5.0,21.4,8.0
23001,ME,Androscoggin,9.1,32.0,14.8,33.5,74.9,8.8,13.2,7.5,79.6,85.1,17.2,67.3,8.9,16.3,61.6,29.7,12.1,34.5,24.3,13.9,18.4,20.3,8.4,37.4,12.7,9.2,9.7,34.0,26.9,80.4,19.7,14.7,35.8,15.2,3.8,9.7,36.7,3.7,19.7,4.9
23003,ME,Aroostook,9.4,36.7,13.0,43.3,79.3,10.5,13.4,9.5,82.7,86.9,17.0,70.5,11.0,17.9,57.5,25.6,14.8,38.4,25.1,13.6,19.7,23.6,10.4,41.5,11.4,9.7,8.7,33.8,32.0,78.6,18.3,18.6,40.0,17.3,4.5,8.7,37.2,4.5,24.0,5.6
23005,ME,Cumberland,6.4,27.2,17.4,32.1,74.0,9.4,11.8,6.0,80.1,87.9,13.4,74.0,6.1,10.9,68.8,25.6,8.9,26.3,21.6,8.0,10.1,14.5,6.9,33.5,8.1,6.7,6.6,31.5,17.1,81.6,16.7,10.5,26.7,12.0,2.7,6.0,30.2,2.9,9.2,3.4
23007,ME,Franklin,8.2,32.6,15.1,36.6,75.8,9.9,13.2,8.3,79.5,86.0,17.1,71.6,9.2,15.6,61.5,28.3,11.3,35.3,24.0,12.3,16.3,20.3,9.2,38.1,11.2,8.9,8.4,35.3,25.2,82.9,19.0,14.8,34.6,15.0,3.9,8.0,35.0,3.9,13.6,4.9
23009,ME,Hancock,7.5,32.9,15.2,35.8,78.7,11.0,12.1,7.9,82.9,88.5,14.7,72.3,8.3,13.3,66.3,25.5,11.2,31.2,21.0,9.6,12.5,17.4,8.8,39.0,8.8,7.6,6.9,30.4,20.6,81.6,16.5,13.7,29.4,13.7,3.5,6.6,29.7,3.8,7.6,4.3
23011,ME,Kennebec,8.2,32.8,13.0,34.6,76.6,9.3,12.5,7.6,81.1,86.4,16.5,71.2,8.9,15.4,62.7,28.2,11.8,34.7,23.0,11.4,15.4,20.1,8.8,37.2,10.7,8.7,8.1,30.5,24.7,78.2,18.3,14.7,32.5,14.8,3.7,7.7,34.6,3.6,20.9,4.6
23013,ME,Knox,7.6,34.5,14.0,36.2,78.4,10.9,11.9,8.1,82.3,88.7,13.6,69.7,8.6,13.6,68.1,25.4,11.2,30.1,22.3,8.9,11.8,17.3,9.0,40.0,8.4,7.6,6.7,29.4,21.7,79.1,15.3,14.4,28.8,13.7,3.5,6.4,29.1,3.9,17.7,4.4
23015,ME,Lincoln,7.2,37.2,13.1,38.8,79.9,11.9,12.1,8.4,83.6,89.0,13.7,73.5,8.6,12.7,64.5,26.5,11.8,31.7,21.3,8.7,11.7,18.0,9.1,41.4,8.1,7.5,6.3,29.6,21.4,77.7,16.1,14.9,30.9,14.1,3.4,6.0,29.5,3.9,12.0,4.3
23017,ME,Oxford,8.9,35.6,15.2,38.1,78.0,10.4,13.4,9.0,81.6,86.8,16.8,67.7,10.7,17.8,56.6,26.3,13.7,33.6,24.3,14.0,19.1,22.3,9.4,41.3,12.0,9.7,9.0,32.2,25.4,77.3,17.8,16.4,35.0,16.7,4.4,9.1,33.2,4.4,16.2,5.5
23019,ME,Penobscot,8.4,31.6,15.9,37.2,74.7,9.5,13.3,7.7,81.8,85.5,16.8,68.1,8.6,15.6,60.9,28.8,11.5,34.1,23.5,11.8,16.2,20.7,8.4,37.5,10.1,8.6,8.8,34.7,26.2,81.3,19.4,15.0,38.0,15.5,3.7,7.9,34.9,3.6,17.3,4.7
23021,ME,Piscataquis,9.2,37.4,13.8,40.5,78.8,10.9,12.6,10.1,82.4,87.2,17.0,68.6,11.2,18.0,60.1,26.2,13.8,36.1,23.4,13.8,18.5,23.1,10.4,41.3,11.1,10.0,8.8,31.9,28.1,74.3,17.8,18.1,34.6,17.3,4.8,8.7,34.2,4.7,20.9,5.7
23023,ME,Sagadahoc,7.4,33.2,15.4,35.0,77.0,10.5,12.3,7.7,82.3,88.2,14.1,70.2,8.1,13.9,65.1,27.1,10.8,30.3,20.6,9.4,12.3,17.1,8.5,38.5,8.4,7.7,6.7,29.9,22.2,79.7,16.2,13.8,29.6,13.7,3.3,6.9,29.3,3.6,8.1,4.2
23025,ME,Somerset,9.5,35.6,13.9,39.3,76.5,9.9,13.5,9.3,82.8,86.2,18.1,67.0,11.3,19.7,56.6,28.8,13.9,37.8,23.7,14.5,21.1,23.4,9.9,41.1,12.2,10.3,9.7,34.2,28.1,80.2,19.7,17.6,37.2,17.1,4.7,10.1,37.8,4.4,15.5,5.8
23027,ME,Waldo,8.1,34.3,14.5,36.1,78.5,10.6,13.3,8.2,82.0,87.6,15.7,69.2,8.9,15.4,63.6,28.2,11.7,34.0,22.7,10.9,15.3,20.1,9.0,39.5,10.1,8.8,7.7,31.5,23.6,78.1,18.1,15.2,34.3,15.4,3.7,7.4,33.2,3.8,20.7,4.6
23029,ME,Washington,9.6,39.7,13.7,43.1,78.5,10.8,13.2,9.8,82.5,86.5,17.5,68.6,11.3,18.3,56.9,26.7,14.9,41.1,24.8,14.6,20.0,24.1,10.8,38.8,11.7,10.2,9.7,34.9,32.5,76.5,19.1,19.6,39.8,18.2,4.8,8.9,38.4,4.6,19.6,5.9
23031,ME,York,7.3,31.4,16.9,35.3,78.1,10.5,12.7,7.2,80.9,88.1,15.2,70.0,7.8,13.4,65.8,25.4,10.4,31.4,21.8,9.0,11.6,17.7,8.1,37.3,8.8,7.3,6.8,30.5,21.3,81.8,16.9,12.8,33.1,13.1,3.2,6.4,30.7,3.4,12.7,3.9
24001,MD,Allegany,9.4,31.9,14.9,39.6,76.4,9.4,11.3,7.9,79.7,86.4,16.3,59.7,9.7,17.7,58.9,25.7,13.3,35.1,25.0,18.0,16.0,22.7,8.4,38.0,13.6,9.5,8.8,35.2,32.0,78.0,18.9,16.0,36.6,15.5,4.4,9.0,41.0,4.2,19.3,5.6
24003,MD,Anne Arundel,7.1,25.2,16.3,34.5,75.0,8.5,10.0,5.3,79.6,90.1,11.6,68.1,5.2,10.6,69.0,19.9,10.4,25.8,22.0,11.5,8.3,16.1,5.5,35.5,10.4,6.2,6.0,33.2,20.5,86.2,14.6,11.0,34.5,11.7,2.8,6.5,38.0,2.9,12.3,3.6
24005,MD,Baltimore,8.1,27.5,13.0,36.7,77.5,8.0,11.0,6.2,80.3,89.2,12.3,69.0,6.5,11.1,63.5,20.7,13.1,26.2,25.6,15.6,12.0,18.2,5.8,37.6,13.7,7.2,8.1,34.8,26.3,79.8,16.1,12.7,34.0,11.7,3.5,8.4,36.2,3.5,11.2,4.4
24009,MD,Calvert,6.5,27.9,16.1,36.9,77.2,8.9,10.5,5.5,79.4,90.1,11.9,67.8,5.9,11.1,70.7,19.7,10.9,26.5,21.4,10.5,7.7,15.9,5.9,37.5,10.0,6.2,5.9,32.5,19.8,82.1,14.9,11.4,36.3,11.9,2.9,6.2,36.5,3.0,8.9,3.6
24011,MD,Caroline,10.6,32.7,14.4,41.3,76.9,8.9,11.8,7.7,78.7,87.2,16.4,66.0,9.5,17.4,56.2,24.2,14.2,33.4,24.6,19.2,17.2,22.3,7.8,40.6,15.2,9.6,9.4,34.6,28.6,75.8,18.1,16.4,41.7,15.3,4.7,10.0,40.3,4.3,14.9,6.0
24013,MD,Carroll,6.3,27.7,16.7,34.4,76.1,9.7,10.1,6.0,76.2,89.7,11.5,66.7,5.9,10.9,66.2,22.5,10.3,25.1,19.7,9.0,6.8,14.4,6.3,38.1,8.4,6.1,5.3,30.7,23.2,81.2,14.9,11.2,37.7,11.4,2.7,5.2,34.5,2.9,7.0,3.4
24015,MD,Cecil,8.0,29.4,14.7,39.2,77.8,9.0,10.5,6.6,77.4,88.1,14.2,62.4,7.7,15.3,63.7,23.2,13.2,30.3,21.8,13.3,11.1,19.6,7.0,39.5,11.4,7.9,7.1,32.2,27.8,73.2,17.4,13.8,41.3,14.0,3.7,7.3,38.2,3.5,13.3,4.5
24017,MD,Charles,7.5,25.6,13.4,41.4,77.2,6.7,10.7,5.2,81.1,90.3,12.1,68.5,5.5,11.5,62.6,17.5,13.4,26.0,27.1,16.4,12.6,17.5,4.9,36.5,15.0,7.0,8.5,35.3,23.3,80.1,16.0,12.3,41.9,11.8,3.6,9.9,40.6,3.4,7.5,4.6
24019,MD,Dorchester,10.1,35.4,13.4,44.2,80.4,9.6,11.5,8.7,81.8,88.7,15.2,66.0,9.9,16.1,57.2,20.2,16.6,34.1,24.9,19.3,18.3,24.1,8.3,38.6,15.6,9.8,9.8,31.8,29.8,81.7,17.0,18.4,41.8,16.3,5.2,10.4,38.7,4.9,14.3,6.5
24021,MD,Frederick,7.7,25.3,15.3,33.9,75.8,8.4,9.5,5.4,78.7,89.8,11.1,67.5,5.1,9.2,66.9,20.5,10.6,22.8,23.0,10.5,7.6,14.7,5.6,38.8,10.0,5.8,5.9,32.0,20.1,75.2,15.1,9.7,34.7,10.5,2.7,6.4,35.1,2.8,5.9,3.5
24023,MD,Garrett,7.9,34.9,14.1,42.4,79.7,11.2,11.1,8.3,80.0,88.7,13.7,68.6,9.3,14.2,62.1,21.0,14.1,31.8,21.2,12.3,10.9,21.0,8.8,43.7,9.9,8.3,6.6,31.1,27.1,75.7,16.4,15.8,36.3,15.0,4.0,6.4,36.7,4.2,12.5,4.8
24025,MD,Harford,6.8,27.6,14.4,35.9,76.0,8.8,10.2,5.8,79.7,89.8,11.7,68.1,6.1,10.9,68.2,21.6,11.6,24.4,21.4,10.9,8.4,15.9,6.1,40.0,10.1,6.5,6.1,32.0,20.6,81.1,15.4,11.1,35.8,12.1,3.0,6.4,35.9,3.1,5.1,3.8
24027,MD,Howard,5.7,24.3,13.4,34.5,75.7,7.7,9.1,4.8,80.8,91.6,9.1,67.5,4.0,7.4,72.2,17.7,10.4,20.9,21.5,9.4,6.2,12.4,4.9,39.5,8.7,4.8,5.3,30.5,16.4,83.0,12.4,9.0,30.0,9.5,2.4,5.3,36.9,2.6,6.8,3.1
24029,MD,Kent,7.9,33.3,15.1,43.0,80.6,11.0,10.6,8.1,80.8,89.4,12.9,73.2,8.1,11.9,68.0,22.1,13.7,29.4,22.1,12.4,10.3,19.0,8.2,41.9,10.1,7.9,6.8,31.3,24.4,81.6,15.2,15.0,35.1,13.3,3.8,6.6,32.9,4.2,11.7,4.9
24031,MD,Montgomery,8.7,21.4,13.3,32.7,76.3,7.4,9.2,5.3,77.5,91.0,10.0,69.7,4.5,7.2,69.7,17.0,10.8,22.3,22.2,12.0,7.8,15.4,5.3,41.5,10.4,5.4,6.0,32.6,19.2,80.2,12.0,9.7,26.1,10.5,2.8,5.9,33.1,2.9,4.4,3.9
24033,MD,Prince George's,12.5,25.0,12.2,40.0,76.5,5.6,11.5,5.5,78.2,89.6,12.6,67.7,5.5,10.5,59.8,14.8,15.2,27.5,27.2,22.1,15.7,20.9,4.5,36.4,19.5,7.7,10.3,36.3,27.1,81.5,14.3,14.6,42.2,12.6,4.3,11.7,43.7,3.9,12.7,5.7
24035,MD,Queen Anne's,6.7,30.3,17.5,38.4,78.9,10.4,9.9,6.7,77.8,90.3,11.6,70.4,6.8,11.7,65.9,22.4,11.6,26.6,21.4,10.1,7.8,16.2,7.1,37.5,8.9,6.6,5.7,31.6,20.9,81.8,14.9,12.4,29.4,12.4,3.2,5.7,33.2,3.4,9.2,3.9
24037,MD,St. Mary's,7.6,27.3,16.9,34.7,76.0,8.0,10.7,5.7,77.5,88.6,12.9,70.2,5.9,12.7,64.2,21.2,11.4,25.9,23.5,12.1,9.8,17.1,5.7,37.2,11.3,6.6,6.8,35.6,22.7,77.5,16.4,11.4,37.4,11.9,3.0,7.0,37.5,3.0,8.0,3.9
24039,MD,Somerset,10.9,29.0,14.7,42.7,74.7,7.5,11.7,7.5,79.6,85.6,16.8,65.4,8.7,16.9,51.3,20.9,14.2,34.0,28.7,23.4,21.3,23.8,7.0,37.3,18.8,10.2,12.1,35.8,31.3,77.1,18.5,16.5,38.4,14.9,5.0,12.8,44.0,4.3,17.2,6.5
24041,MD,Talbot,7.7,33.2,14.1,41.6,82.1,12.3,10.3,8.4,82.8,91.5,11.6,74.0,8.0,10.9,69.1,20.5,13.1,30.3,20.3,11.2,9.2,18.4,8.8,42.5,9.6,7.4,6.0,31.3,24.2,81.2,13.6,15.4,30.1,13.6,3.7,6.0,31.9,4.3,10.0,4.7
24043,MD,Washington,9.4,30.6,13.6,38.9,76.7,9.0,10.7,7.2,79.5,87.7,15.1,63.2,8.4,15.1,60.4,22.9,13.3,32.2,25.0,15.9,13.5,20.5,7.3,35.9,13.6,8.4,8.4,34.9,29.5,75.1,16.9,14.5,39.0,14.3,4.1,8.9,39.9,3.8,14.6,5.0
24045,MD,Wicomico,9.1,28.1,14.4,36.7,78.7,7.8,11.1,6.5,81.0,87.4,14.7,69.9,7.4,13.4,57.4,21.7,12.6,28.8,24.5,16.7,14.6,20.7,6.1,39.1,13.4,8.6,9.0,35.1,28.0,77.5,17.6,13.9,39.6,13.1,4.0,9.1,35.3,3.7,12.7,5.2
24047,MD,Worcester,7.1,34.1,16.2,42.1,81.5,11.6,10.1,8.1,83.1,91.2,11.8,72.6,8.0,12.3,65.8,20.4,13.7,29.2,20.1,11.2,9.1,18.3,8.2,42.2,9.5,7.4,6.1,30.3,25.7,79.0,14.5,15.1,33.1,13.9,3.7,6.1,29.4,4.2,7.0,4.5
24510,MD,Baltimore,10.1,25.8,15.4,40.6,76.4,5.9,12.7,6.4,80.4,87.5,16.0,68.8,7.3,15.8,54.1,23.5,14.4,33.5,28.5,25.2,24.2,23.0,5.2,36.0,21.4,9.7,12.7,40.4,27.4,82.2,18.4,16.5,38.7,13.8,5.0,14.3,41.5,4.4,14.3,6.6
25001,MA,Barnstable,3.6,35.4,14.0,38.2,83.1,13.2,11.5,8.0,85.3,92.9,11.4,76.4,7.3,10.5,75.1,22.5,10.7,28.2,20.8,8.3,9.7,15.6,8.2,40.0,7.3,6.8,5.3,30.1,19.0,82.8,13.8,13.7,26.3,13.4,3.2,5.0,29.5,3.8,10.4,3.8
25003,MA,Berkshire,4.8,31.1,15.6,34.8,79.2,10.8,12.0,7.8,81.7,90.3,14.2,70.8,7.7,12.7,67.8,25.1,10.9,30.8,22.9,11.4,14.1,17.8,7.8,36.9,9.6,8.0,7.1,32.4,22.2,78.5,16.9,13.8,31.2,13.9,3.6,6.6,36.4,3.7,10.0,4.4
25005,MA,Bristol,5.9,27.9,17.0,33.5,75.5,8.9,12.6,6.8,81.9,89.0,15.8,66.2,7.6,15.8,68.4,23.8,10.8,31.0,24.8,14.9,17.8,20.0,6.9,36.5,13.2,8.7,8.4,33.8,24.8,82.5,18.6,14.1,32.1,14.6,3.8,8.3,34.6,3.5,14.5,4.8
25007,MA,Dukes,3.9,31.1,15.4,36.0,79.6,11.7,11.5,7.3,83.4,92.2,12.0,72.9,6.8,10.8,71.9,23.4,10.6,27.6,20.7,8.7,10.4,15.4,7.4,37.7,7.9,6.7,5.7,30.3,19.0,82.9,14.7,12.7,25.5,12.7,3.1,5.3,33.0,3.5,5.6,3.7
25009,MA,Essex,6.2,25.5,15.7,32.1,76.4,8.8,11.5,6.2,81.1,89.7,13.8,69.0,6.3,11.4,71.8,22.3,10.3,27.9,23.0,13.3,14.2,16.9,6.5,35.6,11.4,7.4,7.6,31.6,24.1,83.5,15.3,12.3,30.0,13.0,3.3,7.3,35.1,3.1,15.1,4.4
25011,MA,Franklin,4.7,31.5,16.0,36.3,77.7,10.9,11.8,7.3,82.1,90.5,14.0,71.7,7.7,12.8,73.4,25.4,10.8,29.7,22.4,11.0,14.2,17.3,7.6,37.7,9.6,7.8,6.9,33.3,22.1,81.6,16.1,13.8,26.3,13.8,3.5,6.8,32.7,3.6,13.6,4.3
25013,MA,Hampden,8.1,29.5,16.2,34.7,76.5,8.5,12.7,7.0,80.4,87.8,17.1,65.3,7.7,14.8,61.2,26.8,12.1,35.5,28.8,18.7,22.7,22.8,7.2,35.1,16.0,9.7,10.4,37.2,29.8,81.4,18.9,16.4,34.9,16.0,4.3,10.3,38.4,3.7,14.6,5.8
25015,MA,Hampshire,4.2,23.5,16.8,26.7,75.0,8.5,12.1,5.5,80.6,87.7,14.3,72.4,5.6,9.7,71.1,27.4,8.2,26.2,22.5,10.0,11.2,14.0,5.9,30.3,8.7,7.2,7.2,36.9,17.4,84.0,17.4,10.1,22.2,11.7,2.7,5.8,31.5,2.7,13.4,3.6
25017,MA,Middlesex,4.0,22.9,16.6,27.6,73.3,8.1,11.1,4.9,79.9,90.6,12.2,69.6,4.6,9.1,73.8,23.7,8.5,24.0,21.5,9.5,10.3,13.4,5.2,34.9,9.0,6.2,6.4,34.2,18.3,82.0,14.8,9.4,23.8,10.0,2.4,5.3,30.6,2.5,9.6,3.3
25019,MA,Nantucket,4.5,24.7,18.5,29.4,75.3,8.8,10.9,5.1,81.4,91.6,11.1,69.6,4.6,9.1,75.4,22.0,8.6,23.0,21.5,8.7,9.2,13.1,5.3,34.7,8.9,5.5,5.6,31.5,17.2,82.5,14.3,9.4,27.7,10.6,2.4,5.7,31.2,2.5,9.2,3.1
25021,MA,Norfolk,3.8,25.3,16.8,29.8,76.0,8.9,10.7,5.2,81.5,91.2,12.0,69.1,4.9,9.2,71.5,21.9,9.0,24.0,22.7,9.4,10.5,13.3,5.5,35.9,8.3,5.9,6.0,32.8,17.1,86.6,14.6,9.9,23.5,10.8,2.5,5.4,32.9,2.7,9.3,3.3
25023,MA,Plymouth,4.4,27.1,17.3,32.6,77.1,9.6,12.1,6.2,82.1,90.7,13.7,72.7,6.4,11.9,70.3,23.8,10.3,29.5,23.3,11.3,13.0,15.9,6.7,37.9,10.9,7.1,6.8,33.3,20.4,87.1,16.8,12.0,29.7,12.8,3.1,6.8,35.2,3.2,7.9,3.9
25025,MA,Suffolk,6.6,19.2,20.1,27.4,73.0,5.8,11.4,4.8,78.5,87.0,14.7,63.8,5.1,11.1,61.5,23.2,9.3,26.0,25.0,17.2,19.3,17.2,4.9,32.5,15.3,7.8,10.4,38.4,23.8,85.4,17.3,10.8,24.2,11.4,3.3,9.8,34.3,2.8,14.9,4.8
25027,MA,Worcester,5.4,26.9,17.7,33.2,75.4,8.5,12.1,6.0,81.3,89.4,14.4,65.8,6.3,12.3,69.6,25.6,10.4,28.3,24.2,13.1,15.0,17.4,6.0,35.3,11.1,7.5,7.7,34.3,23.8,84.5,17.2,12.2,32.6,13.4,3.2,7.4,34.6,3.1,12.2,4.2
26001,MI,Alcona,6.2,40.5,12.7,46.0,84.1,13.6,11.2,11.0,84.2,90.8,13.8,72.7,11.9,15.9,65.2,25.3,16.0,37.2,20.7,12.8,12.7,22.2,11.5,43.5,8.7,9.6,6.7,29.3,28.7,78.3,15.7,19.4,39.0,17.0,4.7,6.7,32.6,5.2,9.0,5.8
26003,MI,Alger,7.0,33.7,15.5,40.6,79.2,10.9,11.1,8.7,80.7,88.0,14.3,73.9,9.6,16.0,66.3,24.7,13.2,33.9,23.7,14.1,13.0,20.4,9.3,38.3,10.6,8.8,7.7,31.5,25.8,76.8,16.8,16.0,36.1,15.2,4.0,7.8,33.8,4.3,12.2,5.1
26005,MI,Allegan,7.2,29.6,18.0,34.7,77.0,9.5,11.0,7.1,79.5,87.3,14.3,69.0,8.2,14.8,69.4,25.8,11.6,31.2,22.3,13.2,12.0,18.6,7.7,34.7,10.2,8.3,7.2,31.8,24.9,78.6,17.2,13.6,35.6,14.2,3.6,7.2,30.8,3.5,10.8,4.6
26007,MI,Alpena,7.0,36.2,15.3,41.6,80.4,11.2,11.9,9.5,81.5,87.5,15.8,67.6,11.4,17.8,65.5,27.9,14.2,37.0,21.8,15.4,16.0,22.4,10.0,39.2,10.9,10.2,8.2,31.2,28.5,74.1,18.1,18.3,41.3,16.6,4.7,8.5,33.1,4.6,12.9,5.8
26009,MI,Antrim,5.5,34.8,14.8,39.9,81.1,12.1,11.0,8.5,82.4,89.9,12.7,73.8,9.0,13.4,74.4,25.2,12.8,31.5,20.4,10.5,9.7,18.1,9.1,39.8,8.0,7.9,5.9,29.1,23.3,77.6,15.5,15.0,36.4,14.3,3.6,5.9,30.4,4.0,8.5,4.4
26011,MI,Arenac,7.3,36.7,15.1,42.7,81.0,11.7,11.7,9.8,81.4,88.2,15.4,70.4,11.4,17.8,65.2,27.1,14.7,37.1,22.3,15.0,14.8,22.9,10.3,40.2,10.5,9.9,7.8,31.2,28.3,77.5,17.7,18.2,38.6,16.8,4.7,7.8,32.7,4.7,12.3,5.7
26013,MI,Baraga,7.9,33.5,15.6,40.9,78.3,10.0,11.9,9.0,80.1,86.4,16.3,68.3,10.6,18.6,64.7,26.5,14.5,37.3,24.9,18.6,18.0,23.6,9.7,37.6,13.6,10.3,10.1,33.1,28.6,74.7,18.5,17.8,40.3,16.7,4.8,10.4,36.2,4.6,14.2,6.3
26015,MI,Barry,6.3,31.0,16.5,35.3,78.1,10.1,11.2,7.2,79.7,87.7,14.1,70.5,8.3,14.9,73.3,26.2,11.2,31.5,21.4,12.0,10.9,18.3,7.9,37.8,9.4,8.1,6.6,30.5,24.1,77.6,17.2,13.5,37.0,13.9,3.5,6.7,32.3,3.5,10.7,4.3
26017,MI,Bay,7.3,32.4,15.7,37.7,78.6,10.2,11.5,7.8,80.0,87.4,15.0,69.1,9.3,15.7,71.4,26.9,12.6,32.3,21.9,14.3,13.5,19.8,8.5,36.3,10.6,9.0,7.6,31.3,26.3,77.6,17.6,15.1,38.0,15.0,4.0,7.8,32.1,3.9,13.0,5.0
26019,MI,Benzie,5.6,35.2,15.1,39.9,81.2,12.2,11.0,8.5,82.2,90.0,12.9,73.1,9.0,13.5,70.3,25.7,12.8,32.4,20.2,10.6,9.9,18.4,9.2,38.7,8.1,8.0,6.0,29.6,23.7,74.5,15.8,15.1,35.4,14.6,3.7,6.0,29.9,4.1,10.0,4.5
26021,MI,Berrien,7.3,32.5,14.8,39.8,78.7,10.0,11.8,8.0,80.2,87.8,14.8,70.7,9.2,15.0,66.2,25.7,13.5,34.4,22.6,15.8,15.3,20.8,8.4,36.4,11.9,9.3,8.3,31.8,27.2,76.3,17.2,16.1,38.8,15.2,4.3,9.0,37.6,4.2,9.7,5.4
26023,MI,Branch,8.7,32.2,15.9,39.6,77.1,9.7,11.6,8.3,79.0,85.8,16.5,65.5,10.2,18.0,63.3,27.5,13.3,36.8,23.2,17.0,16.6,22.3,9.0,36.9,12.3,10.0,8.8,33.2,28.2,73.0,18.6,16.3,36.0,16.3,4.5,9.1,35.0,4.2,12.8,5.7
26025,MI,Calhoun,7.7,31.4,14.8,39.4,78.1,9.1,11.8,7.6,80.0,86.5,15.7,69.4,9.2,16.7,64.6,26.9,13.3,34.9,23.9,17.2,16.8,20.9,8.1,37.0,12.9,9.7,8.9,33.5,27.8,74.6,18.5,15.8,42.5,15.0,4.3,9.6,34.6,4.0,9.0,5.6
26027,MI,Cass,7.3,33.1,15.2,39.3,79.3,10.3,11.7,8.3,80.5,87.8,15.1,68.8,9.7,16.3,67.1,26.9,13.1,34.2,22.9,14.4,13.7,20.9,8.8,38.4,10.8,9.2,7.8,31.7,26.8,77.4,17.7,15.9,36.2,15.4,4.2,8.0,34.4,4.2,10.0,5.2
26029,MI,Charlevoix,5.4,34.4,15.4,38.9,81.0,11.9,11.2,8.2,82.2,90.0,12.5,73.1,8.6,13.1,69.2,24.7,12.3,31.2,19.9,10.2,9.2,17.4,8.9,39.2,7.8,7.7,5.8,28.9,22.5,78.2,15.5,14.4,35.0,13.9,3.5,5.8,35.5,3.9,6.0,4.3
26031,MI,Cheboygan,6.8,36.3,14.5,42.4,81.5,11.8,11.6,9.5,82.2,88.7,14.8,72.0,10.9,16.7,66.8,26.7,14.6,35.8,21.9,14.3,14.1,21.8,10.0,40.2,10.1,9.6,7.6,30.3,26.7,73.4,17.0,17.8,41.1,16.3,4.5,7.6,32.3,4.6,7.7,5.6
26033,MI,Chippewa,7.4,30.3,16.4,38.6,76.5,8.8,12.1,7.8,79.5,85.3,16.4,66.9,9.1,17.6,64.2,26.8,12.7,35.1,24.5,17.9,16.8,21.4,8.6,35.7,13.4,9.8,10.0,34.0,26.5,76.7,19.3,15.6,35.6,15.6,4.2,10.0,33.9,4.0,16.4,5.7
26035,MI,Clare,7.9,37.4,14.2,44.5,80.5,11.1,12.1,10.2,81.5,87.2,16.9,69.5,12.7,19.5,64.0,28.1,15.4,38.6,22.6,17.8,18.8,25.0,10.5,41.5,12.0,11.2,9.0,31.3,30.4,72.8,18.9,19.7,40.5,18.1,5.4,9.3,33.3,5.1,20.6,6.5
26037,MI,Clinton,5.8,30.0,16.9,33.9,77.7,9.8,11.2,6.6,80.8,88.5,13.0,72.0,7.3,12.9,74.3,27.0,10.6,28.5,21.7,11.1,9.7,16.4,7.2,36.6,9.0,7.5,6.3,31.4,21.8,78.8,16.6,12.6,35.2,13.1,3.2,6.5,29.4,3.2,8.8,4.0
26039,MI,Crawford,6.9,36.9,15.1,42.4,81.4,11.7,11.6,10.0,82.2,88.6,15.2,71.1,11.6,17.6,66.6,27.5,14.9,36.8,21.6,14.7,15.1,22.8,10.4,39.6,10.3,10.0,7.8,30.9,28.9,76.7,17.5,18.5,37.5,16.9,4.8,8.0,32.2,4.8,16.3,5.8
26041,MI,Delta,6.7,35.5,14.6,40.1,80.6,11.4,11.6,9.1,81.1,88.2,15.0,71.4,10.5,16.4,70.0,28.1,13.8,36.5,21.6,13.9,13.6,21.0,9.8,37.5,10.0,9.6,7.5,30.8,26.8,75.5,17.6,17.3,39.9,15.9,4.3,7.6,29.3,4.4,10.1,5.4
26043,MI,Dickinson,5.9,33.8,15.9,39.2,79.9,11.2,11.3,8.3,81.6,88.6,14.0,71.1,9.2,15.1,71.5,27.5,12.6,33.9,21.2,11.9,11.3,19.0,9.0,37.9,9.1,8.6,6.6,30.9,25.7,81.1,17.0,15.4,38.1,14.8,3.8,6.8,29.8,4.0,7.4,4.7
26045,MI,Eaton,6.3,29.8,16.5,35.9,77.1,9.7,11.4,6.8,80.8,88.1,13.5,69.9,7.5,13.3,72.1,26.8,11.4,30.0,21.6,12.2,10.9,17.6,7.3,36.1,10.0,7.7,6.8,31.2,24.0,77.6,17.4,13.2,38.9,13.4,3.3,7.0,31.9,3.4,7.1,4.2
26047,MI,Emmet,5.3,31.7,16.2,37.6,79.2,11.2,11.0,7.5,81.7,89.5,12.4,73.8,7.8,12.8,73.8,25.3,11.5,29.5,20.1,10.0,9.0,16.6,8.2,37.6,8.0,7.3,5.9,30.0,21.4,79.3,15.8,13.2,32.7,13.2,3.2,5.9,28.4,3.6,13.8,4.1
26049,MI,Genesee,7.3,32.2,14.8,39.0,78.3,9.1,12.3,7.8,80.3,86.9,16.3,69.8,9.5,17.0,68.5,27.2,13.2,35.7,25.4,19.1,18.8,22.2,7.6,37.3,14.2,10.2,9.9,36.2,28.1,78.0,19.3,17.1,40.6,16.0,4.6,10.6,38.2,4.2,13.9,5.8
26051,MI,Gladwin,7.2,37.3,14.3,43.4,81.8,11.7,11.8,10.1,82.1,88.3,15.6,69.4,11.9,18.2,66.6,26.9,15.0,36.2,22.8,15.5,15.8,23.3,10.4,41.0,10.6,10.2,7.9,31.5,29.2,76.4,17.8,18.7,40.6,17.1,4.9,8.1,32.6,4.9,15.8,6.0
26053,MI,Gogebic,6.5,37.2,14.4,43.8,81.9,12.2,11.5,10.3,82.7,89.1,14.7,73.1,11.3,16.6,65.9,26.2,15.2,36.6,21.0,14.5,14.7,22.3,10.8,41.2,10.1,9.9,7.7,30.4,28.4,75.6,17.0,18.5,37.0,16.7,4.8,8.0,33.2,4.9,11.3,5.8
26055,MI,Grand Traverse,5.5,30.2,16.8,35.2,78.4,10.6,11.0,6.8,80.7,88.7,12.8,73.4,7.4,12.8,73.7,25.5,10.7,30.1,19.9,10.3,9.2,16.9,7.6,35.8,8.3,7.3,5.9,30.8,22.5,76.4,16.3,12.7,35.3,13.2,3.1,6.0,30.1,3.3,12.6,3.9
26057,MI,Gratiot,8.2,29.1,17.0,35.8,75.8,8.6,11.3,7.3,78.4,84.7,16.2,65.5,8.8,16.6,69.7,26.9,11.6,33.5,23.8,16.4,15.7,20.8,7.9,34.9,12.5,9.3,8.9,34.6,26.3,76.0,18.8,14.4,36.7,14.8,4.0,9.1,31.9,3.7,16.4,5.2
26059,MI,Hillsdale,7.4,33.0,15.8,40.5,78.7,10.3,11.7,8.7,80.1,86.1,16.3,69.2,10.5,17.8,65.2,29.3,13.5,36.0,22.4,16.2,16.1,22.1,9.0,39.4,11.1,10.0,8.4,33.0,28.2,76.2,18.8,16.8,37.6,16.1,4.4,8.3,33.7,4.2,12.0,5.6
26061,MI,Houghton,6.2,26.0,18.2,31.5,75.0,8.5,11.1,6.6,77.6,82.7,15.4,68.1,7.6,13.1,71.0,26.3,10.0,31.8,21.4,12.8,11.6,17.2,7.6,31.9,9.4,8.5,7.8,33.0,21.8,74.5,18.5,12.1,33.7,12.8,3.2,6.9,28.8,3.2,7.6,4.4
26063,MI,Huron,7.0,35.8,14.5,41.8,81.1,11.6,11.5,9.4,81.5,88.3,14.9,70.7,10.8,16.6,66.5,26.5,14.3,36.3,22.7,14.3,13.7,21.7,10.0,39.3,9.9,9.6,7.4,31.7,28.8,75.1,17.2,17.8,38.6,16.3,4.4,7.4,33.2,4.6,9.5,5.5
26065,MI,Ingham,6.9,25.0,17.4,32.0,72.9,7.1,11.6,5.6,78.2,84.2,15.2,67.5,6.5,13.0,70.0,27.2,10.2,29.8,23.5,14.8,13.3,17.1,6.2,30.8,11.5,8.2,8.7,35.5,22.0,78.1,18.4,11.2,34.5,12.5,3.2,8.3,34.5,2.9,13.7,4.5
26067,MI,Ionia,7.7,28.4,17.6,35.8,73.6,8.5,11.2,6.7,78.3,85.6,15.4,68.1,8.1,16.3,67.4,26.8,11.1,31.2,23.9,14.9,13.5,19.2,7.3,33.7,11.6,8.5,8.1,33.4,24.9,75.9,18.7,13.2,40.2,14.0,3.6,8.4,35.5,3.4,13.0,4.6
26069,MI,Iosco,7.7,38.5,13.4,45.7,82.3,12.5,11.6,10.9,82.5,88.6,15.7,69.3,12.7,18.2,65.6,27.0,15.9,39.0,21.7,15.9,16.3,24.4,11.2,42.2,10.7,10.7,8.1,30.5,30.7,73.4,17.2,20.6,38.8,18.0,5.2,8.1,32.2,5.3,15.4,6.4
26071,MI,Iron,6.7,38.3,13.4,45.0,82.9,12.6,11.3,10.3,82.5,89.5,14.5,73.2,11.5,16.6,65.7,25.6,15.3,37.6,21.3,13.9,13.8,22.5,11.0,41.6,9.5,9.8,7.2,29.6,28.5,78.0,16.5,19.0,39.0,16.7,4.7,7.3,33.2,5.0,11.7,5.7
26073,MI,Isabella,7.5,25.1,17.9,32.1,71.8,7.1,12.2,6.2,77.6,80.6,18.4,67.5,8.2,15.8,66.3,30.5,10.5,34.3,22.9,17.7,17.1,20.1,7.1,30.9,12.6,10.2,10.3,37.5,25.5,74.8,21.7,13.2,39.5,14.3,3.8,9.5,33.7,3.2,15.8,5.3
26075,MI,Jackson,7.1,32.3,16.0,38.9,76.3,9.5,11.6,7.5,78.5,86.6,15.3,70.1,8.7,15.4,64.9,27.0,12.5,34.9,23.5,14.7,13.8,21.3,7.9,35.9,11.5,8.9,8.1,32.3,27.4,77.9,18.5,15.7,39.2,14.9,3.9,8.3,40.8,3.7,12.2,4.9
26077,MI,Kalamazoo,6.4,25.3,17.8,31.4,75.1,8.1,11.5,5.9,78.9,85.8,14.4,69.7,6.9,12.9,69.0,28.9,9.7,28.9,22.5,14.0,12.8,16.7,6.7,33.2,10.7,8.2,7.9,35.3,22.8,78.5,18.6,11.6,37.4,12.7,3.2,7.9,28.4,3.1,10.2,4.4
26079,MI,Kalkaska,7.3,34.2,15.7,40.3,79.2,10.4,11.8,8.7,80.2,87.0,15.8,69.0,10.5,17.8,63.5,27.8,13.5,35.1,22.5,15.4,15.4,22.0,9.2,38.0,11.1,9.8,8.1,32.0,27.2,73.2,18.5,16.8,38.7,16.3,4.5,8.4,34.2,4.3,14.2,5.5
26081,MI,Kent,7.4,25.1,17.4,32.2,74.6,8.1,11.0,5.7,79.0,86.7,13.6,70.2,6.4,13.0,69.3,27.5,10.3,27.5,23.1,13.6,11.6,16.7,6.4,30.8,11.1,7.5,7.6,32.2,21.6,78.2,17.0,11.1,34.8,12.5,3.1,7.6,32.5,2.9,8.1,4.2
26083,MI,Keweenaw,4.7,37.2,13.7,42.7,83.4,13.9,10.6,9.5,84.0,91.4,11.4,74.3,9.0,11.5,75.2,24.4,13.4,32.1,18.3,8.8,8.2,17.6,10.2,41.7,6.5,7.5,5.1,28.0,22.8,77.9,14.1,15.5,33.7,14.0,3.5,5.0,30.2,4.3,9.3,4.4
26085,MI,Lake,10.7,37.9,14.4,45.7,80.7,10.6,11.7,10.9,81.3,86.8,17.5,65.4,13.4,20.9,59.2,26.4,17.2,40.4,25.1,21.8,22.5,28.0,10.8,40.4,14.7,11.9,10.7,32.7,34.1,70.9,18.3,21.7,40.5,19.0,6.2,11.2,36.0,5.6,18.8,7.8
26087,MI,Lapeer,7.0,31.6,16.6,37.2,78.3,10.0,11.4,7.6,79.7,87.4,14.6,69.5,9.0,16.1,67.4,26.2,11.9,32.0,22.2,13.2,12.4,19.3,8.1,36.4,10.2,8.6,7.2,30.0,25.5,75.4,17.5,14.6,35.5,14.8,3.8,7.3,34.8,3.7,16.1,4.7
26089,MI,Leelanau,4.7,35.2,14.5,39.6,82.8,13.3,10.5,8.3,84.0,91.9,10.6,77.9,7.8,10.6,76.8,23.6,12.2,29.3,18.3,8.0,6.9,15.8,9.0,40.2,6.3,6.7,4.8,27.7,20.5,78.3,13.4,13.7,31.7,13.0,3.1,4.7,27.9,3.8,7.2,3.9
26091,MI,Lenawee,7.6,29.8,16.2,37.6,77.4,9.7,11.3,7.6,78.6,86.7,15.2,67.8,8.8,15.5,67.4,27.7,12.4,33.1,22.2,14.2,13.2,20.1,8.2,37.6,10.8,8.8,7.7,31.7,26.4,78.1,18.2,14.7,40.6,14.9,3.9,7.7,36.4,3.8,8.5,5.0
26093,MI,Livingston,4.7,28.4,17.5,32.3,78.3,10.3,11.0,6.2,80.9,89.5,11.7,71.7,6.8,11.9,74.1,25.3,9.7,25.6,19.9,8.8,7.2,14.5,7.0,35.9,7.1,6.5,5.2,29.2,20.9,79.0,15.5,10.9,32.3,12.3,2.8,5.2,30.9,3.0,11.1,3.4
26095,MI,Luce,8.2,32.2,15.9,41.7,77.7,9.8,11.2,8.9,80.2,86.4,15.6,66.3,10.1,18.1,63.5,24.6,14.1,36.4,25.2,17.8,17.5,22.8,9.5,37.4,13.4,9.8,9.6,32.3,27.8,74.1,17.7,17.0,40.9,15.8,4.6,10.4,35.0,4.5,14.6,6.0
26097,MI,Mackinac,7.3,37.9,13.5,43.2,82.1,11.6,12.0,10.4,82.7,88.8,15.4,70.9,11.7,17.7,67.2,25.9,16.4,38.8,23.4,17.8,17.1,24.2,11.1,40.5,12.3,10.5,9.3,31.0,29.3,73.7,17.3,19.9,41.2,17.6,5.1,9.5,33.1,5.2,9.3,6.7
26099,MI,Macomb,6.5,30.0,16.6,37.7,78.8,9.0,11.3,6.8,81.5,87.9,14.5,70.5,8.2,15.2,65.7,26.0,11.4,32.0,23.8,15.1,13.5,19.8,7.0,37.7,12.0,8.5,7.9,33.5,26.3,78.9,17.4,13.9,37.5,14.1,3.7,8.5,38.2,3.5,9.9,4.6
26101,MI,Manistee,7.1,35.1,15.0,40.8,80.5,11.5,11.4,9.1,81.7,88.4,14.6,71.3,10.2,15.6,68.9,26.2,13.7,35.0,22.4,13.8,13.0,21.1,9.7,38.9,10.1,9.2,7.4,31.2,28.5,77.4,16.9,17.0,36.6,15.7,4.2,7.4,31.2,4.4,11.0,5.3
26103,MI,Marquette,5.9,28.1,17.9,34.0,77.2,9.3,11.5,6.9,80.3,85.7,14.7,72.8,7.8,13.5,69.9,27.8,10.6,30.7,20.9,12.1,11.2,17.1,7.6,33.7,9.2,8.2,7.2,31.1,21.4,71.8,18.1,12.5,36.4,13.4,3.3,7.0,29.8,3.3,9.8,4.3
26105,MI,Mason,7.0,35.9,14.8,40.7,80.9,11.5,11.4,8.9,81.7,88.5,14.6,68.6,10.1,15.7,68.6,26.5,13.8,35.0,21.3,13.9,13.6,20.7,9.5,38.8,10.0,9.2,7.4,30.4,25.4,76.7,17.0,16.8,40.4,15.7,4.3,7.6,32.0,4.4,11.1,5.3
26107,MI,Mecosta,7.3,31.5,16.1,37.4,78.0,9.7,11.7,8.2,79.9,85.0,16.6,67.9,10.0,16.7,63.3,28.9,12.4,36.1,22.5,16.1,16.1,21.6,8.7,36.1,11.4,10.1,8.9,32.9,27.2,73.8,18.9,16.1,37.1,15.5,4.3,8.8,34.5,4.1,10.8,5.6
26109,MI,Menominee,6.9,35.9,15.5,42.0,80.2,11.6,11.4,9.3,81.5,88.5,14.8,69.7,10.6,16.7,66.4,27.3,13.9,36.5,22.8,14.0,13.4,21.6,9.9,39.1,10.0,9.5,7.4,31.7,27.7,78.3,17.2,17.6,38.9,16.1,4.3,7.4,35.2,4.5,9.6,5.4
26111,MI,Midland,5.8,30.6,16.7,35.5,77.8,10.0,11.0,7.1,80.1,88.2,13.1,67.6,7.7,13.2,70.8,25.9,10.8,29.0,20.2,11.1,10.2,17.0,7.6,36.7,8.7,7.7,6.3,28.9,21.6,77.7,16.3,12.9,31.8,13.5,3.3,6.5,29.6,3.4,11.3,4.2
26113,MI,Missaukee,7.4,34.1,16.1,40.2,79.1,10.6,11.6,8.6,80.8,87.2,15.7,67.9,10.3,17.3,65.0,27.6,13.3,35.1,22.5,14.6,14.5,21.8,9.2,38.8,10.6,9.7,7.8,31.4,28.2,74.3,18.2,16.5,39.3,16.0,4.3,7.9,33.6,4.2,13.9,5.4
26115,MI,Monroe,6.7,32.7,17.3,37.6,78.4,9.9,11.7,7.4,79.5,87.8,14.2,70.1,8.6,15.2,68.7,26.7,12.3,32.4,21.6,12.7,12.0,19.2,8.0,38.0,10.0,8.5,7.1,31.5,24.9,69.7,17.8,14.8,40.6,14.6,3.7,7.3,35.8,3.6,12.2,4.6
26117,MI,Montcalm,8.3,30.5,16.9,37.7,75.4,9.0,11.5,7.6,79.7,85.4,16.4,64.5,9.5,18.3,65.8,27.2,12.4,34.5,24.2,16.7,15.7,21.4,8.2,36.7,12.5,9.6,8.8,32.3,26.9,75.8,18.9,15.5,42.5,15.5,4.2,9.1,36.0,3.8,17.0,5.3
26119,MI,Montmorency,7.0,39.8,13.1,45.7,83.3,12.7,11.6,11.2,83.1,89.4,15.2,69.2,12.9,18.3,67.1,26.4,16.5,38.6,21.7,15.2,15.5,24.5,11.5,42.9,10.0,10.5,7.7,30.5,29.8,74.6,16.9,20.5,38.6,18.0,5.3,7.7,32.6,5.4,14.4,6.3
26121,MI,Muskegon,7.8,30.6,16.7,36.7,77.0,9.0,12.1,7.4,79.6,86.6,15.5,66.6,9.1,17.1,63.1,27.6,12.7,33.6,23.1,16.5,16.5,21.4,7.7,35.6,13.1,9.5,8.9,32.3,27.9,78.5,18.5,15.1,44.3,15.0,4.2,9.7,38.3,3.9,11.5,5.3
26123,MI,Newaygo,8.0,33.6,16.6,39.8,78.8,10.1,11.6,8.5,80.0,86.8,15.9,69.3,10.4,18.0,65.4,26.9,13.2,35.2,22.5,16.1,15.8,22.1,9.0,37.9,11.5,9.9,8.4,31.2,27.8,71.2,18.2,16.6,37.8,16.0,4.4,8.5,32.4,4.2,10.6,5.6
26125,MI,Oakland,5.2,24.8,15.5,34.5,78.7,8.7,10.6,5.9,81.2,90.0,11.0,69.7,5.9,10.8,73.7,20.8,10.2,23.3,21.3,10.9,8.7,14.7,6.0,34.3,8.8,6.3,6.0,30.8,19.1,76.0,14.8,10.5,31.3,11.2,2.8,6.3,31.1,3.0,7.1,3.6
26127,MI,Oceana,9.3,33.4,15.2,39.2,79.7,10.3,11.3,8.7,79.5,87.0,15.4,68.1,10.0,16.7,66.9,26.4,13.7,35.5,22.5,16.4,15.4,22.3,9.4,38.2,11.8,9.5,8.4,31.5,28.3,77.5,17.5,17.0,40.6,16.3,4.5,8.5,31.4,4.3,11.9,5.8
26129,MI,Ogemaw,7.4,38.2,14.2,43.4,81.2,11.6,11.7,10.1,81.4,88.0,15.8,67.9,12.0,18.3,65.4,27.5,15.3,38.2,22.5,15.8,16.1,23.8,10.6,39.9,10.9,10.4,8.2,31.2,29.5,72.5,17.8,19.1,39.4,17.4,5.0,8.2,37.0,4.9,17.1,6.0
26131,MI,Ontonagon,6.3,41.5,12.9,47.8,84.1,13.9,11.2,11.6,84.3,90.9,13.9,73.0,12.4,16.3,66.7,25.2,16.5,38.3,21.2,13.2,13.1,23.0,12.1,44.2,8.9,9.8,6.9,29.5,28.9,71.4,15.7,20.3,37.0,17.3,4.9,6.8,32.5,5.5,12.6,6.0
26133,MI,Osceola,7.6,34.8,15.6,40.4,79.1,10.5,11.8,9.1,80.8,86.9,16.3,67.6,10.9,18.1,64.6,27.6,13.7,37.1,22.9,16.1,16.0,22.8,9.6,38.2,11.3,10.2,8.3,32.4,29.0,76.8,18.6,17.5,39.6,16.8,4.6,8.5,34.2,4.4,12.1,5.7
26135,MI,Oscoda,8.1,39.0,13.6,45.4,82.1,12.1,11.9,11.2,81.9,88.1,16.5,66.0,13.5,19.4,63.1,27.2,16.5,40.0,22.4,17.3,18.1,25.8,11.4,41.7,11.4,11.3,8.8,31.4,31.4,72.3,17.8,21.2,38.4,18.6,5.6,8.8,32.3,5.5,17.0,6.8
26137,MI,Otsego,6.2,32.4,16.4,38.2,78.6,10.6,11.4,7.9,81.1,88.1,14.3,70.6,9.1,15.1,63.5,27.3,12.3,33.0,21.0,12.4,11.7,19.2,8.4,37.5,9.5,8.5,6.9,31.1,25.7,78.0,17.5,14.8,38.1,14.8,3.7,6.9,34.4,3.8,8.6,4.6
26139,MI,Ottawa,6.5,24.9,18.1,31.3,76.6,8.6,10.9,5.8,80.7,86.9,13.5,71.6,6.4,11.4,72.8,26.5,9.4,28.5,21.4,11.2,9.4,15.1,6.6,32.4,9.1,7.2,6.5,31.7,20.1,78.8,16.8,11.1,32.3,12.2,2.8,6.3,28.3,2.9,4.5,3.8
26141,MI,Presque Isle,6.5,39.8,13.3,44.5,83.2,13.0,11.4,10.8,83.5,89.8,14.3,73.1,11.9,16.3,66.9,26.3,15.6,37.3,21.0,13.5,13.7,22.6,11.3,42.6,9.2,9.8,7.1,29.9,28.5,74.9,16.3,19.2,40.9,17.0,4.8,7.1,32.9,5.1,10.5,5.8
26143,MI,Roscommon,6.5,38.6,13.4,45.1,83.4,13.0,11.4,10.7,83.3,90.2,14.2,73.8,12.0,16.5,67.5,26.0,15.7,36.4,20.8,13.5,13.5,22.8,11.0,41.8,9.3,9.7,7.1,29.8,28.4,72.0,16.1,19.2,39.2,17.1,4.8,7.1,31.5,5.1,14.6,5.8
26145,MI,Saginaw,8.2,31.9,14.2,40.1,79.3,9.2,12.2,8.0,81.1,86.3,16.0,70.9,9.6,16.2,62.9,26.5,14.1,35.5,25.0,19.6,18.8,23.4,8.2,35.2,13.9,10.2,9.7,34.5,30.6,77.6,18.5,17.2,36.6,15.9,4.6,10.7,35.5,4.3,14.4,6.0
26147,MI,St. Clair,6.7,32.0,15.7,38.7,78.6,10.1,11.7,7.7,80.9,87.7,15.0,68.4,9.2,16.3,67.6,27.5,12.2,33.9,23.0,13.8,12.7,20.0,8.2,36.3,10.5,8.8,7.4,33.4,25.8,73.2,18.3,15.2,36.5,15.2,3.9,7.6,35.4,3.8,15.9,4.8
26149,MI,St. Joseph,8.8,31.3,16.1,37.6,77.4,9.5,11.6,7.8,78.9,86.0,16.2,65.1,9.6,17.4,62.4,27.5,12.8,34.7,23.1,16.0,15.0,21.6,8.3,35.4,11.8,9.5,8.3,32.9,26.2,75.1,18.5,15.7,38.3,15.5,4.2,8.3,35.2,3.9,18.0,5.4
26151,MI,Sanilac,7.7,34.2,15.5,40.8,79.7,10.6,11.6,8.9,80.6,87.2,15.8,69.2,10.7,17.9,61.8,27.6,13.8,36.4,22.9,15.3,15.0,22.1,9.5,38.8,11.0,9.8,8.0,32.2,30.3,74.6,18.1,17.2,40.0,16.2,4.5,8.1,32.2,4.4,12.5,5.6
26153,MI,Schoolcraft,7.0,38.3,13.8,43.9,82.0,12.0,11.9,10.3,82.6,88.9,15.4,66.1,11.9,18.1,61.9,26.6,15.8,37.7,22.2,16.0,15.9,23.9,10.8,41.1,11.0,10.4,8.5,31.3,29.5,73.8,17.4,19.6,40.3,17.5,5.0,8.5,35.0,5.1,19.1,6.3
26155,MI,Shiawassee,6.8,32.3,16.0,37.6,78.0,10.0,11.6,7.7,80.6,87.2,15.2,69.6,9.2,16.3,68.2,28.3,12.5,32.9,23.3,13.7,13.0,20.5,8.2,37.4,10.4,9.0,7.5,32.8,26.1,74.5,18.6,15.3,38.8,15.4,3.9,7.7,34.9,3.8,11.6,4.9
26157,MI,Tuscola,7.4,33.5,15.9,39.4,79.0,10.3,11.6,8.4,79.9,87.1,15.5,68.6,10.2,17.3,63.0,27.4,13.2,34.6,22.9,14.9,14.5,21.7,9.0,38.1,10.9,9.5,7.8,31.5,27.5,75.1,18.2,16.5,41.7,15.9,4.3,8.0,35.5,4.2,18.9,5.4
26159,MI,Van Buren,8.7,32.7,15.2,38.4,78.5,9.7,11.7,8.0,80.3,87.2,15.8,68.2,9.5,16.4,62.1,27.4,13.5,34.5,22.4,16.4,15.6,21.8,8.5,37.3,12.2,9.5,8.5,31.5,28.0,75.2,18.2,16.3,39.4,15.8,4.3,8.9,33.9,4.0,9.5,5.5
26161,MI,Washtenaw,5.2,22.1,17.7,28.2,74.7,7.7,10.6,5.1,77.2,86.6,12.4,70.7,5.4,9.8,72.2,26.7,8.7,24.1,19.3,11.0,9.4,13.4,5.8,29.1,8.8,6.7,6.8,31.6,16.1,78.2,15.8,9.3,27.5,10.8,2.7,6.3,27.4,2.7,7.5,3.7
26163,MI,Wayne,8.1,29.7,14.2,40.3,77.3,7.6,12.3,7.4,80.9,87.1,15.6,65.1,9.2,16.9,62.9,24.3,14.3,34.1,26.7,23.5,23.1,24.3,6.9,36.1,18.2,10.5,11.9,32.9,29.7,77.0,19.7,16.7,37.4,15.5,5.1,13.8,41.3,4.4,9.5,6.5
26165,MI,Wexford,7.4,32.9,16.2,39.2,78.1,10.1,11.7,8.4,79.9,86.6,15.9,66.9,10.2,17.4,65.2,27.9,13.0,35.1,22.2,15.5,15.5,21.5,9.0,37.1,11.1,9.7,8.2,32.3,26.4,71.1,18.4,16.2,39.0,15.7,4.3,8.4,32.8,4.1,14.8,5.4
27001,MN,Aitkin,7.4,33.1,15.6,41.9,83.4,12.6,10.1,10.2,79.7,88.3,13.3,70.3,9.2,16.4,65.5,23.2,15.2,34.7,20.5,12.0,9.1,20.6,11.3,39.7,8.2,8.8,6.9,27.2,28.8,76.7,14.0,17.8,33.2,14.9,4.6,5.5,30.9,5.0,9.2,5.5
27003,MN,Anoka,7.5,21.7,17.8,31.3,77.2,8.0,9.9,5.7,73.2,85.2,13.1,69.5,5.2,13.6,69.5,24.6,10.6,28.1,24.3,11.7,7.6,16.0,6.8,32.3,10.1,6.8,7.2,31.2,24.6,75.3,15.5,11.1,36.2,11.3,3.0,6.0,29.7,3.0,6.7,3.8
27005,MN,Becker,7.5,27.8,19.2,37.9,80.3,10.3,10.1,7.8,77.6,86.1,13.5,71.3,7.2,15.4,68.0,23.9,11.8,30.3,19.7,12.2,8.9,18.3,8.8,35.4,8.9,8.1,7.3,26.9,24.6,75.2,15.5,14.2,37.3,13.2,3.8,5.9,27.9,3.9,13.4,4.7
27007,MN,Beltrami,8.2,26.3,17.6,32.3,76.0,8.4,11.2,6.9,73.2,81.8,15.7,67.2,6.9,17.5,63.9,26.9,11.3,32.7,22.2,15.7,11.7,19.3,8.2,32.7,11.2,9.0,9.6,30.4,26.3,77.7,17.6,13.7,38.5,13.1,3.9,7.5,31.5,3.7,13.4,5.3
27009,MN,Benton,8.0,22.2,19.0,30.8,74.4,7.9,10.3,5.9,74.2,83.4,14.3,67.8,5.9,16.0,67.6,25.7,10.2,28.4,21.4,12.6,9.5,16.7,6.9,32.7,10.4,7.7,7.8,30.2,23.8,79.9,16.8,11.8,41.5,12.1,3.4,6.6,28.6,3.1,8.4,4.2
27011,MN,Big Stone,7.9,29.5,15.9,37.0,81.7,11.4,10.0,8.8,77.2,86.7,13.2,70.2,7.8,15.5,63.8,22.2,13.2,32.0,19.9,11.4,8.7,19.0,10.0,37.9,8.4,8.4,6.9,28.2,27.7,77.7,14.6,15.7,37.6,13.8,4.0,5.5,29.0,4.4,12.1,5.0
27013,MN,Blue Earth,7.9,20.2,19.4,28.9,73.0,7.1,10.5,5.5,73.0,79.7,15.3,65.5,5.4,13.5,58.2,26.6,9.4,28.8,20.6,12.9,9.4,15.6,6.6,29.8,9.5,7.9,8.4,31.9,23.0,81.7,17.6,10.5,33.8,11.2,3.1,6.3,30.1,2.9,12.4,4.2
27015,MN,Brown,8.1,25.8,17.6,34.3,79.2,9.9,10.0,7.2,76.8,85.2,13.4,69.5,6.6,14.6,64.4,23.6,11.5,30.2,20.5,11.1,8.1,17.4,8.4,34.3,8.6,7.8,6.9,28.6,24.8,79.3,15.4,13.8,35.5,12.7,3.5,5.4,27.5,3.7,10.3,4.4
27017,MN,Carlton,8.0,24.3,19.6,33.3,76.4,9.2,10.5,6.8,73.2,84.3,13.9,67.8,6.4,16.2,65.4,26.5,11.7,31.0,20.9,11.7,8.7,17.8,7.8,33.8,9.5,7.8,7.6,32.3,25.6,78.6,15.9,13.5,38.8,12.8,3.5,6.2,35.1,3.5,10.5,4.4
27019,MN,Carver,5.8,20.9,19.4,26.8,75.6,8.4,9.5,5.0,75.2,86.8,10.6,69.4,4.3,11.3,73.0,22.9,8.5,23.3,19.6,8.1,5.1,12.6,5.8,30.3,7.0,5.5,5.3,28.2,19.0,81.9,13.5,9.0,32.0,9.9,2.4,4.3,26.2,2.5,6.1,3.0
27021,MN,Cass,7.4,29.5,16.4,39.2,81.6,11.3,10.2,9.0,77.8,87.0,13.3,69.4,8.2,16.9,64.4,23.0,14.2,34.1,20.2,12.6,9.8,20.2,10.0,38.4,9.1,8.6,7.7,26.5,28.1,76.4,15.2,16.5,36.9,14.5,4.3,6.3,35.2,4.4,10.9,5.2
27023,MN,Chippewa,9.9,27.4,16.6,34.8,79.4,10.0,10.0,8.2,75.0,84.6,14.3,69.7,7.6,16.3,66.6,24.0,12.8,32.6,21.7,14.1,10.6,20.0,9.2,35.5,10.5,8.7,8.2,29.8,28.9,75.0,15.8,15.7,40.4,13.9,4.2,6.7,29.0,4.1,11.3,5.3
27025,MN,Chisago,7.0,25.3,18.9,32.3,77.0,8.9,10.0,6.2,75.4,85.6,12.7,67.8,5.7,14.8,66.6,24.1,10.3,28.4,20.3,10.2,7.0,15.7,7.1,35.1,8.7,6.8,6.3,27.7,22.9,78.6,15.2,11.7,36.5,11.8,3.1,5.2,31.1,3.1,11.0,3.7
27027,MN,Clay,7.2,20.1,19.4,29.8,72.6,7.5,10.4,5.5,72.7,82.1,13.9,67.7,5.2,13.7,68.3,26.0,9.3,27.4,21.3,12.1,8.8,15.2,6.4,32.3,9.6,7.4,7.6,32.0,21.7,79.6,16.5,10.3,32.9,10.9,3.0,6.3,32.1,2.8,10.7,3.9
27029,MN,Clearwater,8.9,27.2,17.2,34.8,79.3,9.8,10.5,8.2,74.1,84.0,15.3,65.1,8.0,18.8,64.5,24.8,12.8,33.2,23.2,14.8,11.3,21.3,9.4,34.7,10.8,9.2,8.7,31.0,28.6,72.6,16.7,15.9,34.5,14.6,4.3,7.1,30.3,4.3,9.1,5.5
27031,MN,Cook,6.3,28.3,16.0,37.2,81.7,11.7,9.8,8.1,78.8,89.0,11.2,73.4,6.6,13.0,71.4,22.4,12.9,28.9,19.3,9.6,6.9,16.4,9.2,37.7,7.5,6.9,6.0,27.5,24.0,79.2,13.2,13.8,35.3,12.4,3.4,4.9,29.1,4.0,8.2,4.3
27033,MN,Cottonwood,10.2,27.7,16.5,37.0,79.5,10.1,9.8,8.4,76.0,84.9,14.2,69.5,7.6,15.8,63.0,23.4,13.1,32.9,22.0,14.1,10.6,20.3,9.6,37.0,10.3,8.7,8.1,29.9,29.8,78.1,15.2,15.6,39.2,13.9,4.2,6.6,31.2,4.2,13.7,5.5
27035,MN,Crow Wing,7.0,28.0,17.6,36.3,79.5,10.6,10.2,7.9,76.6,86.6,12.6,71.2,6.9,14.8,67.0,22.8,11.8,30.7,18.5,10.2,7.7,16.7,8.7,34.3,7.9,7.6,6.4,26.8,24.6,80.3,14.4,13.9,37.5,12.5,3.6,5.2,28.7,3.8,14.1,4.4
27037,MN,Dakota,7.1,22.1,17.2,29.7,77.3,8.3,9.8,5.1,75.5,87.2,11.3,69.7,4.6,11.3,71.7,22.9,9.7,25.8,20.4,9.7,6.5,14.4,6.1,34.2,8.1,6.2,6.1,29.4,22.5,78.8,14.1,10.5,34.5,10.8,2.7,5.3,28.1,2.7,5.9,3.5
27039,MN,Dodge,7.1,22.8,19.4,29.6,75.9,8.6,9.9,5.7,73.5,85.2,12.4,68.9,5.1,13.5,71.4,24.1,9.6,26.1,21.0,9.5,6.4,15.1,6.6,32.6,8.2,6.5,6.1,30.2,22.6,79.7,15.2,10.5,35.2,11.2,2.8,5.1,29.8,2.9,8.2,3.5
27041,MN,Douglas,6.9,27.7,16.4,33.5,79.5,10.5,10.0,7.3,77.1,86.7,12.3,71.3,6.4,13.7,66.4,24.4,11.4,29.6,19.7,9.7,6.9,16.6,8.6,37.0,7.8,7.2,6.1,28.1,23.7,77.1,14.5,13.2,35.2,12.1,3.3,5.0,28.9,3.7,9.3,4.1
27043,MN,Faribault,9.3,28.1,16.8,36.5,79.8,10.3,10.2,8.4,75.9,85.1,14.3,65.9,7.8,16.4,66.8,23.7,12.8,34.3,21.3,13.5,10.3,19.8,9.5,37.0,10.1,8.7,7.9,31.3,28.9,76.6,15.6,15.9,37.6,14.0,4.2,6.5,29.4,4.2,14.6,5.3
27045,MN,Fillmore,7.6,26.7,17.4,36.2,78.9,10.2,10.1,7.5,75.9,85.8,13.4,70.4,6.9,15.5,64.0,23.7,11.8,31.6,20.3,10.9,8.0,17.7,8.6,35.8,8.5,7.9,6.7,28.9,25.5,78.5,15.4,13.7,40.5,13.1,3.6,5.4,30.6,3.8,10.3,4.5
27047,MN,Freeborn,9.8,27.5,17.8,35.9,80.1,10.0,9.9,8.1,75.7,85.2,14.2,65.8,7.4,16.1,61.0,22.6,12.9,32.7,21.8,13.4,9.7,20.5,9.2,35.5,10.0,8.4,7.7,29.9,30.0,74.4,15.5,15.4,36.0,13.8,4.1,6.2,32.7,4.1,12.3,5.2
27049,MN,Goodhue,7.7,24.7,18.1,34.4,78.2,9.7,10.0,6.9,74.8,85.6,12.9,67.9,6.4,14.7,68.4,23.1,10.9,28.6,20.9,10.8,7.8,17.0,7.9,34.7,8.7,7.4,6.7,28.1,25.3,76.9,15.3,13.1,36.0,12.6,3.4,5.4,31.8,3.5,13.5,4.2
27051,MN,Grant,8.0,27.7,16.9,36.9,80.2,10.4,10.3,8.4,76.2,85.6,14.0,68.1,7.7,16.6,63.4,24.7,12.7,32.3,21.2,12.4,9.7,19.1,9.4,37.1,9.4,8.5,7.5,29.9,26.7,79.5,15.8,15.1,39.7,13.7,4.1,6.3,29.7,4.1,12.8,4.9
27053,MN,Hennepin,7.5,18.7,18.3,28.7,72.8,7.6,9.6,5.0,74.7,85.9,12.4,69.4,4.4,11.1,67.7,25.5,8.1,25.0,21.6,11.2,7.4,14.4,5.8,32.4,9.8,6.3,7.0,33.0,18.9,78.0,14.5,9.6,27.1,9.8,2.8,5.7,27.7,2.8,7.6,3.6
27055,MN,Houston,6.8,26.7,17.8,33.2,79.9,10.6,10.0,7.2,76.2,87.1,12.2,71.1,6.4,13.8,66.1,22.6,11.3,28.5,19.0,9.5,6.7,16.7,8.3,35.7,7.5,7.1,5.9,29.0,25.7,76.6,14.2,13.1,34.1,12.5,3.3,4.8,28.9,3.6,5.8,4.0
27057,MN,Hubbard,6.9,29.7,16.2,35.2,82.0,11.2,9.9,8.3,78.6,87.7,12.4,71.8,7.3,14.2,67.3,22.0,13.3,30.1,19.3,10.7,8.0,17.6,9.2,36.1,8.0,7.6,6.5,28.8,24.4,79.8,14.1,14.6,35.4,13.0,3.8,5.3,28.3,4.1,9.1,4.6
27059,MN,Isanti,8.0,24.7,18.7,31.9,76.8,8.8,10.0,6.5,73.5,84.2,13.9,70.0,6.3,16.2,65.8,24.5,10.5,29.0,22.1,11.7,8.4,17.1,7.4,34.4,9.3,7.6,7.1,29.3,24.8,75.5,16.0,12.3,32.8,12.8,3.4,5.9,31.3,3.3,10.5,4.2
27061,MN,Itasca,7.1,28.8,16.3,37.8,79.8,10.8,10.2,8.3,76.9,86.5,13.3,71.2,7.5,16.0,66.1,23.8,13.7,32.7,20.0,11.6,8.7,18.5,9.2,35.5,8.7,8.1,7.0,28.2,25.4,75.1,15.0,15.0,36.0,13.6,3.9,5.7,27.1,4.1,9.4,4.7
27063,MN,Jackson,7.7,26.5,16.7,35.3,79.7,10.4,9.8,7.5,76.3,86.3,12.7,70.3,6.6,14.1,69.4,22.6,11.7,30.5,20.5,10.4,7.4,17.0,8.8,36.3,8.4,7.4,6.5,27.7,25.2,76.9,14.6,13.8,35.8,12.6,3.5,5.2,28.5,3.8,7.4,4.3
27065,MN,Kanabec,8.5,28.1,17.6,35.8,79.3,9.7,10.4,7.8,74.0,84.5,14.8,67.1,7.9,17.8,62.2,25.1,12.8,33.8,22.1,13.6,10.5,19.8,8.9,35.1,10.0,8.8,7.8,31.4,28.0,76.9,16.2,15.6,37.6,14.2,4.2,6.5,31.7,4.0,9.8,5.0
27067,MN,Kandiyohi,10.0,25.1,17.3,33.4,79.1,9.3,10.1,7.2,75.8,84.9,13.5,68.9,6.6,14.4,66.9,23.2,12.3,30.0,20.9,13.1,9.6,17.9,8.3,34.3,10.2,7.9,7.8,30.2,25.4,79.5,14.9,13.4,40.6,12.7,3.7,6.3,31.2,3.7,9.7,4.9
27069,MN,Kittson,7.0,28.7,16.6,36.9,81.2,11.2,9.9,8.2,77.5,87.2,12.5,69.6,7.1,14.3,65.2,23.1,12.5,31.0,20.1,10.2,7.4,17.7,9.3,37.3,7.8,7.7,6.3,28.7,25.9,77.4,14.4,14.5,34.0,13.0,3.7,5.1,30.2,4.0,6.7,4.5
27071,MN,Koochiching,7.3,29.4,16.5,39.0,81.4,11.3,10.1,8.7,77.4,86.9,13.3,72.0,7.7,15.9,64.4,23.4,13.4,32.7,20.5,11.1,8.2,18.8,9.7,37.5,8.3,8.1,6.8,29.1,27.8,78.3,14.8,15.2,37.0,13.8,3.9,5.4,30.5,4.3,10.2,4.8
27073,MN,Lac qui Parle,7.3,28.3,16.8,36.3,81.4,11.4,9.7,8.3,77.8,87.2,12.4,69.9,7.0,14.0,66.0,22.3,12.2,31.4,19.9,9.7,6.9,17.7,9.6,37.6,7.5,7.6,6.1,28.2,25.9,79.8,14.1,14.4,34.0,12.7,3.5,4.8,28.7,4.0,10.6,4.4
27075,MN,Lake,7.2,29.4,16.6,35.8,81.4,11.3,9.8,8.4,76.6,87.5,12.8,73.8,7.4,15.1,67.3,22.9,12.5,32.4,20.0,10.4,7.8,18.0,9.6,37.0,8.0,7.8,6.5,29.0,25.5,79.7,14.4,14.7,35.4,13.4,3.8,5.3,27.2,4.2,12.3,4.6
27077,MN,Lake of the Woods,7.0,29.0,16.3,37.2,81.2,11.0,9.9,8.1,77.7,87.6,12.5,71.7,7.3,15.3,65.1,22.8,12.9,31.0,20.7,10.3,7.4,17.9,9.0,38.5,8.0,7.4,6.3,28.0,25.8,76.3,14.3,14.4,36.2,13.2,3.7,5.1,29.9,4.0,10.9,4.4
27079,MN,Le Sueur,7.7,24.4,19.1,32.8,77.8,9.4,9.8,6.5,75.3,85.7,12.6,68.6,5.8,14.3,62.3,23.5,10.9,27.0,20.3,10.4,7.1,16.1,7.3,33.9,8.6,7.0,6.4,29.7,22.4,74.8,14.8,12.1,35.3,11.9,3.2,5.3,34.5,3.3,10.5,3.9
27081,MN,Lincoln,7.7,27.4,16.7,35.8,80.5,10.7,9.9,7.9,77.3,86.3,13.2,67.6,7.1,15.0,64.8,23.1,12.0,32.0,20.5,11.0,8.1,17.8,9.2,35.5,8.4,7.9,6.7,28.5,26.1,78.0,14.8,14.5,36.6,13.2,3.7,5.4,29.1,4.0,11.3,4.6
27083,MN,Lyon,8.5,24.1,18.5,31.8,77.6,8.7,10.0,6.6,75.0,84.2,13.6,65.5,6.2,14.7,65.9,22.8,11.0,29.1,21.7,12.3,8.9,17.5,7.6,33.1,9.5,7.7,7.5,30.4,24.9,76.3,15.5,12.5,37.9,12.2,3.4,6.0,30.4,3.4,10.0,4.4
27085,MN,McLeod,8.3,26.1,18.5,33.5,78.0,9.5,9.9,6.8,74.4,85.0,13.5,69.2,6.3,14.9,67.2,23.3,11.4,29.3,20.7,10.9,7.7,17.1,8.1,34.5,9.1,7.5,6.8,29.4,25.8,78.2,15.3,12.8,42.0,12.4,3.4,5.6,33.0,3.5,11.2,4.3
27087,MN,Mahnomen,11.4,29.0,15.9,38.1,78.3,8.8,12.5,9.7,75.0,81.1,19.7,63.1,10.2,24.5,52.1,26.6,16.8,42.2,26.5,26.1,21.1,28.5,11.1,35.1,17.8,12.7,15.3,34.7,34.5,70.7,19.8,20.7,43.8,18.0,6.1,12.4,34.3,5.3,22.8,8.5
27089,MN,Marshall,8.2,27.8,18.1,36.1,79.8,10.3,9.9,7.8,76.0,86.0,13.4,67.7,7.0,15.3,64.6,23.3,12.1,31.9,21.0,11.4,8.1,18.6,9.0,36.9,8.7,7.9,6.8,29.2,25.7,76.2,15.0,14.3,39.0,13.1,3.7,5.5,30.1,3.9,12.4,4.6
27091,MN,Martin,8.4,27.4,16.7,35.1,80.6,10.6,9.9,8.3,76.5,85.8,13.4,69.9,7.5,15.6,65.9,23.0,13.0,31.8,20.3,12.3,9.3,19.1,9.3,36.6,9.3,8.3,7.3,28.5,28.7,78.7,15.0,15.2,36.3,13.6,4.0,6.0,29.4,4.1,9.0,5.0
27093,MN,Meeker,7.8,25.7,18.3,34.2,79.5,9.9,9.9,7.4,76.1,85.5,13.4,69.6,6.8,15.6,68.2,23.8,12.2,29.1,20.8,11.2,8.2,17.4,8.5,34.7,8.7,7.8,6.9,28.7,26.1,75.0,15.4,13.5,37.1,12.6,3.6,5.6,28.7,3.7,8.7,4.4
27095,MN,Mille Lacs,8.3,24.8,18.4,35.8,77.3,9.3,10.5,7.2,74.1,84.1,14.9,66.8,7.1,17.5,61.5,24.8,12.0,32.7,21.6,13.8,10.1,18.4,8.3,36.1,10.5,8.5,7.8,29.2,28.2,76.7,16.3,14.1,38.5,13.3,3.9,6.5,33.8,3.7,12.1,4.8
27097,MN,Morrison,7.7,28.0,17.2,35.4,79.5,9.8,10.3,7.7,75.8,85.1,13.7,70.1,7.2,16.4,66.0,24.2,12.0,30.1,20.8,11.7,8.9,18.0,8.6,36.2,9.0,8.0,7.1,28.9,26.4,79.7,15.3,14.1,37.2,13.5,3.8,5.8,32.0,3.8,9.0,4.6
27099,MN,Mower,10.6,24.8,16.8,33.2,77.4,8.8,9.9,7.0,74.3,83.5,14.5,65.3,6.7,15.8,61.2,24.3,11.8,30.9,23.3,14.9,10.5,18.7,8.2,33.0,11.2,8.3,8.4,30.7,28.6,79.4,15.8,13.5,37.9,12.8,3.9,6.8,33.6,3.7,14.2,5.1
27101,MN,Murray,8.3,28.6,16.0,36.8,81.1,11.1,9.9,8.4,76.5,86.7,13.1,71.5,7.2,14.6,63.5,23.7,12.6,31.7,21.1,11.1,8.0,18.8,9.4,36.9,8.5,8.0,6.7,30.0,26.9,77.6,14.6,15.1,36.3,13.3,3.8,5.3,30.7,4.1,6.7,4.7
27103,MN,Nicollet,7.3,22.6,19.6,29.5,76.7,8.5,10.1,6.0,73.1,83.7,13.4,70.0,5.5,13.7,66.1,24.8,9.8,28.3,20.4,10.9,7.7,15.3,7.1,30.9,8.9,7.2,7.0,29.3,23.2,78.7,15.9,11.2,33.2,11.4,3.1,5.7,29.9,3.1,11.9,4.0
27105,MN,Nobles,16.5,23.7,15.8,33.0,78.2,8.1,9.5,7.7,73.4,82.0,15.6,63.7,7.3,16.7,58.1,21.4,13.5,33.2,24.7,19.8,13.8,23.1,8.7,35.3,14.4,9.3,10.4,31.6,33.7,71.2,15.7,15.9,38.6,14.4,4.7,8.4,30.9,4.0,12.7,6.6
27107,MN,Norman,8.3,26.8,17.5,36.8,79.0,10.0,10.1,7.9,75.4,85.2,14.0,69.7,7.3,15.9,65.8,23.9,12.5,31.7,20.8,12.5,9.3,19.3,9.0,35.9,9.5,8.3,7.5,28.6,26.7,75.7,15.5,14.9,35.6,13.5,4.0,6.2,31.0,4.0,9.2,4.9
27109,MN,Olmsted,6.7,21.9,15.9,30.1,76.1,8.6,9.7,5.5,73.1,85.9,11.4,69.0,4.7,11.2,70.2,24.1,9.5,24.9,19.2,9.7,6.7,13.9,6.3,33.7,8.0,6.3,6.3,27.5,21.3,82.6,13.8,10.7,36.4,10.4,2.7,5.1,29.9,2.8,6.6,3.6
27111,MN,Otter Tail,7.5,28.7,16.5,33.5,81.5,11.1,10.0,8.1,76.5,86.8,12.8,73.4,7.2,15.3,61.8,23.2,12.1,30.6,20.3,10.9,8.0,18.0,9.1,38.9,8.3,7.8,6.6,30.6,25.9,81.9,14.7,14.5,34.3,13.2,3.8,5.4,31.6,4.0,10.6,4.6
27113,MN,Pennington,7.9,25.1,18.8,34.2,77.2,9.3,10.3,6.8,75.1,84.6,13.9,68.6,6.3,15.4,68.2,24.9,11.2,30.7,21.8,11.7,8.4,17.4,7.9,34.9,9.3,7.8,7.3,31.1,24.8,77.9,16.3,12.8,40.2,12.7,3.4,5.9,29.1,3.5,10.0,4.3
27115,MN,Pine,8.7,27.9,17.6,38.5,78.7,9.8,10.1,8.1,76.3,84.9,14.6,66.1,7.8,18.1,64.4,24.9,13.1,33.9,22.6,13.8,10.3,20.7,9.0,36.4,10.3,8.6,8.0,31.1,27.7,75.0,16.5,15.5,39.6,14.4,4.1,6.6,32.1,4.1,11.2,5.1
27117,MN,Pipestone,9.1,27.2,16.5,36.3,79.4,10.0,10.2,7.9,76.2,84.9,14.3,67.4,7.5,16.5,64.5,24.2,12.7,32.6,21.3,13.4,10.1,19.5,9.1,36.4,10.0,8.7,8.0,29.3,28.0,77.7,15.7,15.4,38.5,13.8,4.1,6.5,29.5,4.1,12.3,5.2
27119,MN,Polk,8.3,25.5,18.4,32.0,78.5,9.3,10.2,7.1,74.9,84.5,13.8,68.3,6.7,15.3,67.5,24.5,11.3,29.7,21.6,12.6,9.3,18.1,8.2,33.0,9.8,8.0,7.6,30.4,25.9,79.4,15.6,13.3,39.4,12.8,3.7,6.3,32.0,3.6,10.8,4.6
27121,MN,Pope,7.2,28.2,16.8,36.8,80.6,10.9,10.0,8.1,77.7,86.8,12.8,70.9,7.1,14.6,66.1,23.5,12.2,30.1,20.4,10.3,7.8,17.6,9.1,36.7,8.1,7.7,6.5,27.4,25.1,78.4,14.7,14.3,38.9,13.2,3.7,5.3,30.5,4.0,6.3,4.4
27123,MN,Ramsey,7.8,20.6,15.7,30.1,74.8,7.7,10.1,5.7,74.5,84.2,13.2,66.1,5.2,12.5,63.8,25.7,10.5,27.9,25.0,14.5,9.6,18.1,6.3,33.3,10.9,7.4,8.5,37.2,20.3,79.3,15.9,11.7,32.1,11.7,3.2,6.6,29.5,3.0,9.5,4.3
27125,MN,Red Lake,7.6,27.2,17.1,35.6,79.6,10.3,10.1,7.7,76.6,86.0,13.3,66.7,6.8,15.5,64.8,23.9,12.0,30.9,20.8,11.1,8.1,17.8,8.8,35.9,8.7,7.7,6.9,29.6,26.6,78.8,15.3,13.9,38.6,13.1,3.6,5.6,29.9,3.8,8.7,4.5
27127,MN,Redwood,8.5,27.2,17.3,35.1,79.6,9.9,10.2,7.9,75.5,84.9,14.3,70.9,7.4,16.3,65.9,23.7,12.8,31.7,21.1,13.5,10.0,19.3,9.2,36.2,9.9,8.5,7.9,30.7,26.2,75.8,15.9,14.7,36.5,13.6,4.0,6.3,27.7,4.1,15.1,5.1
27129,MN,Renville,9.8,26.6,16.7,35.6,79.5,9.9,10.0,8.0,75.5,84.9,14.2,67.1,7.5,16.6,62.7,23.2,13.1,33.2,22.2,13.3,10.0,20.0,9.2,36.4,10.2,8.5,7.9,32.7,28.1,75.5,15.4,15.0,38.8,14.0,4.1,6.4,29.6,4.0,13.3,5.2
27131,MN,Rice,8.7,22.1,17.8,31.8,75.6,8.0,9.9,6.0,74.8,83.0,13.8,66.3,5.5,13.9,67.4,23.0,10.1,28.1,21.4,12.6,8.6,16.0,6.9,31.6,9.9,7.4,7.7,29.7,25.5,77.0,15.8,11.3,37.5,11.8,3.2,6.1,31.0,3.1,6.8,4.2
27133,MN,Rock,8.0,25.4,17.7,33.2,78.2,9.7,10.0,7.2,75.7,84.9,13.6,69.2,6.7,15.4,64.6,24.1,11.4,30.8,20.7,11.7,8.7,17.8,8.4,34.6,9.1,7.9,7.1,29.9,26.2,74.5,15.6,13.6,36.6,12.7,3.6,5.8,29.6,3.7,12.2,4.5
27135,MN,Roseau,7.8,25.6,18.8,32.5,79.2,9.5,10.0,7.2,75.2,85.2,13.8,65.8,6.8,15.6,66.3,23.1,11.8,30.7,21.9,12.0,8.6,17.7,8.4,35.0,9.1,7.8,7.1,29.6,25.1,77.5,15.4,13.5,35.9,12.9,3.6,5.8,30.0,3.7,10.9,4.5
27137,MN,St. Louis,6.8,25.3,19.2,32.1,78.5,9.2,10.5,7.0,74.9,84.4,13.7,66.4,6.5,15.2,64.1,25.0,11.2,30.8,21.3,11.4,8.7,17.6,7.9,32.1,8.6,7.7,7.7,33.2,23.5,78.8,16.5,13.3,35.2,12.8,3.5,5.7,33.2,3.5,16.2,4.3
27139,MN,Scott,6.6,19.9,19.4,30.3,74.4,7.6,9.5,4.8,74.3,86.1,11.6,69.7,4.3,12.2,68.2,22.3,9.4,23.7,21.7,9.7,6.3,14.6,5.6,31.9,8.7,6.0,6.1,28.8,22.6,79.9,14.3,9.7,32.0,10.5,2.6,5.1,28.1,2.5,5.5,3.3
27141,MN,Sherburne,7.1,21.3,22.0,28.7,73.6,7.6,9.8,5.0,71.9,84.4,13.1,67.4,4.9,14.2,68.0,24.1,9.0,27.3,21.0,10.6,7.2,14.7,6.1,31.3,9.1,6.5,6.6,30.0,23.2,78.4,16.0,10.0,39.0,11.0,2.8,5.5,29.2,2.6,11.3,3.5
27143,MN,Sibley,9.0,25.6,18.3,34.0,78.2,9.3,9.9,7.2,74.9,84.8,13.9,65.9,6.7,15.7,65.1,23.4,11.5,30.4,21.2,12.5,9.0,18.3,8.2,34.2,9.8,7.9,7.4,28.8,27.4,76.0,15.6,13.6,38.8,13.1,3.7,6.1,30.1,3.6,10.4,4.6
27145,MN,Stearns,7.9,21.8,18.6,30.1,75.7,8.2,10.3,6.1,74.3,82.4,14.4,70.6,5.8,14.0,66.7,25.1,10.1,27.6,22.3,12.9,9.4,16.6,6.9,32.7,10.4,7.8,7.9,31.4,23.1,78.3,16.6,11.4,36.0,11.9,3.4,6.5,30.2,3.2,9.0,4.3
27147,MN,Steele,8.2,24.6,18.0,33.3,77.8,9.3,9.9,6.7,74.5,85.2,12.9,69.2,6.1,14.2,67.7,23.1,10.9,28.2,21.2,11.6,8.0,16.9,7.7,33.7,9.3,7.3,7.0,30.5,24.3,80.2,15.1,12.5,37.4,12.3,3.4,5.8,28.3,3.4,5.1,4.3
27149,MN,Stevens,9.7,22.0,19.8,28.7,75.2,8.0,10.0,6.0,72.1,81.3,14.5,65.9,5.5,13.1,65.6,24.6,9.7,29.5,21.5,12.5,8.5,16.7,7.2,30.7,9.8,7.7,8.0,31.5,24.7,78.3,16.5,11.5,36.8,11.6,3.1,6.0,29.3,3.0,14.6,4.3
27151,MN,Swift,9.1,28.1,16.7,37.9,80.2,10.5,10.0,8.6,76.3,85.2,14.1,65.6,7.8,16.6,64.6,24.7,13.2,33.9,21.0,13.3,10.2,20.1,9.8,37.4,10.0,8.9,7.9,30.4,28.2,76.0,15.4,15.9,38.4,13.8,4.3,6.6,29.2,4.3,9.4,5.4
27153,MN,Todd,10.4,28.8,16.2,38.0,79.5,10.3,10.0,8.7,75.3,84.8,14.7,69.3,8.3,17.8,62.5,24.1,13.3,34.5,21.8,14.3,11.0,21.3,9.9,37.3,10.4,9.1,8.1,31.3,28.9,76.5,15.7,16.4,39.3,14.5,4.4,6.5,29.7,4.4,11.4,5.6
27155,MN,Traverse,8.5,29.1,16.5,37.9,80.6,11.0,10.1,8.7,76.7,86.3,13.7,69.8,7.7,15.9,66.8,23.2,13.2,33.8,21.2,12.3,9.2,19.6,10.1,38.0,9.3,8.6,7.4,29.1,28.0,77.0,15.0,16.1,38.7,14.0,4.1,6.1,30.6,4.4,9.6,5.2
27157,MN,Wabasha,7.0,27.8,17.8,33.6,80.5,10.6,9.9,7.4,76.9,87.1,12.3,71.6,6.5,13.9,70.6,22.4,11.6,28.5,19.8,9.7,7.0,16.7,8.5,35.6,7.7,7.2,6.1,28.1,23.8,78.3,14.5,13.2,37.5,12.4,3.4,4.9,29.8,3.7,8.6,4.1
27159,MN,Wadena,8.8,27.9,17.0,34.9,79.0,9.7,10.6,7.9,74.8,84.0,15.1,69.5,7.8,17.2,61.5,25.3,12.7,34.4,21.5,13.9,11.0,19.9,9.1,34.6,10.2,9.1,8.2,31.6,29.3,77.3,16.8,15.8,38.4,14.1,4.2,6.7,29.9,4.1,15.5,5.2
27161,MN,Waseca,8.9,25.0,17.9,32.4,77.0,9.0,10.3,6.8,75.0,84.5,14.0,70.1,6.5,15.4,65.7,24.6,11.4,30.7,21.6,12.6,9.2,17.9,7.9,34.5,10.1,7.9,7.5,29.9,26.4,76.8,16.2,13.1,39.1,12.7,3.5,6.3,28.7,3.5,12.1,4.5
27163,MN,Washington,5.8,21.3,16.3,29.4,76.9,8.8,9.3,5.2,76.2,87.3,10.8,66.8,4.5,10.9,75.8,22.8,10.3,23.5,18.5,8.4,5.3,13.4,6.0,34.2,7.3,5.6,5.4,28.6,19.1,83.1,13.3,9.5,32.5,10.0,2.5,4.5,24.9,2.7,7.7,3.2
27165,MN,Watonwan,13.4,25.6,16.7,34.5,79.0,9.2,9.6,7.6,75.7,84.7,14.2,66.9,6.9,14.9,61.6,22.3,12.9,33.0,22.2,15.5,10.3,20.9,8.9,35.2,11.8,8.3,8.4,29.6,29.5,79.5,15.0,15.2,36.8,13.8,4.1,6.8,31.4,3.9,12.1,5.6
27167,MN,Wilkin,8.0,26.8,18.1,35.4,78.7,9.6,10.3,7.6,75.2,85.0,14.0,70.1,7.3,16.6,64.0,24.7,12.3,31.3,21.1,12.5,9.5,18.8,8.6,35.3,9.5,8.3,7.6,29.8,26.4,80.9,15.9,14.3,38.6,13.6,4.0,6.3,29.9,3.9,15.0,4.8
27169,MN,Winona,7.3,21.8,19.7,30.0,76.8,8.3,10.3,6.1,72.8,81.5,14.1,68.4,5.8,13.0,66.4,25.0,9.8,29.1,20.5,11.1,7.9,15.9,7.3,31.1,8.4,7.6,7.4,31.9,22.5,75.3,16.6,11.7,33.8,11.5,3.1,5.5,28.2,3.1,8.0,4.1
27171,MN,Wright,6.8,22.4,19.7,30.8,75.2,8.2,10.0,5.2,74.9,85.3,12.3,69.3,4.9,12.8,69.1,24.4,9.2,26.0,19.6,9.4,6.3,14.5,6.2,33.1,8.3,6.2,5.9,29.4,20.3,77.2,15.2,10.1,35.4,10.7,2.7,5.1,31.3,2.7,8.0,3.4
27173,MN,Yellow Medicine,8.5,27.7,17.3,35.6,79.4,9.8,10.2,7.7,75.9,85.0,14.1,69.0,7.2,16.0,63.4,24.4,12.4,31.3,20.8,12.6,9.4,19.0,8.8,35.2,9.7,8.2,7.6,30.0,26.9,76.6,15.7,14.5,38.8,13.4,3.9,6.3,32.5,3.9,9.8,4.9
28001,MS,Adams,15.2,33.8,11.4,51.7,82.2,7.7,10.3,9.7,83.1,86.0,19.2,64.3,11.0,20.2,7.3,17.4,20.6,44.4,31.7,31.1,20.9,31.1,9.4,40.8,21.9,12.9,15.6,36.4,41.6,73.2,17.4,25.1,41.2,17.1,7.6,15.3,39.2,6.3,31.2,10.0
28003,MS,Alcorn,11.8,32.0,14.2,45.7,80.3,8.9,9.8,8.3,80.4,85.6,18.2,57.8,9.9,19.3,9.3,21.9,15.0,39.1,27.0,19.1,11.2,24.9,9.6,42.3,13.7,10.5,10.2,36.7,35.2,70.2,17.5,19.5,40.0,15.9,5.1,8.9,36.6,4.5,20.3,6.7
28005,MS,Amite,12.6,37.5,11.0,52.4,84.3,9.5,10.2,10.9,83.5,87.5,18.9,61.5,12.2,20.4,6.8,19.0,20.6,46.2,30.1,25.5,16.8,30.0,11.1,43.4,17.6,12.7,12.9,35.0,41.5,73.9,17.2,25.9,45.0,18.0,7.2,12.2,39.9,6.5,19.5,9.2
28007,MS,Attala,12.2,33.5,12.1,48.4,81.7,8.1,10.3,8.5,82.5,86.7,18.2,61.7,9.8,18.2,7.7,18.8,16.9,40.1,29.9,24.4,15.5,26.7,8.9,40.0,18.2,11.4,12.6,36.0,37.3,72.8,17.5,21.4,42.6,16.0,6.0,12.1,39.1,5.3,19.0,7.9
28009,MS,Benton,12.7,33.5,13.4,48.3,81.2,8.3,10.1,8.8,81.7,86.4,18.7,60.4,10.2,19.4,9.0,19.4,17.4,41.9,30.3,23.5,14.4,27.4,9.3,41.4,17.5,11.3,12.2,36.2,36.7,72.2,17.5,22.0,42.4,16.5,6.1,11.5,37.6,5.2,24.8,7.8
28011,MS,Bolivar,13.7,33.5,11.0,51.9,81.4,6.7,11.2,8.9,84.1,85.6,20.0,57.4,10.7,19.8,8.3,18.9,20.5,43.0,31.6,33.4,24.5,32.0,8.3,40.4,24.0,13.6,17.2,38.4,42.3,75.0,18.6,24.3,46.5,17.0,7.9,17.5,37.1,6.1,24.0,10.3
28013,MS,Calhoun,14.0,34.4,12.1,49.0,81.3,8.7,10.2,9.5,81.3,85.6,19.8,59.7,11.4,20.1,7.0,20.0,18.2,43.2,28.3,25.2,16.3,29.4,10.2,40.8,17.9,12.5,13.1,36.1,37.6,69.9,18.0,23.3,41.1,17.6,6.7,12.1,39.2,5.6,21.8,8.7
28015,MS,Carroll,13.0,34.8,12.3,50.1,82.7,9.3,9.8,10.3,82.4,86.6,18.4,61.2,11.3,19.4,7.5,18.6,18.6,42.7,29.2,23.7,14.9,28.6,10.7,42.6,16.6,11.8,12.3,35.6,38.9,70.5,16.7,23.4,40.0,17.1,6.6,11.2,37.4,5.9,22.9,8.5
28017,MS,Chickasaw,14.0,32.6,12.1,47.8,80.8,7.6,10.4,8.8,81.3,85.4,19.7,60.8,10.6,19.9,6.7,19.1,18.4,43.7,31.3,27.8,18.3,29.8,9.2,41.4,20.4,12.4,14.5,37.3,38.9,72.1,18.1,23.4,43.3,17.0,6.7,13.8,39.9,5.6,25.1,8.8
28019,MS,Choctaw,11.4,34.0,12.1,47.9,82.7,9.5,9.7,9.0,82.3,87.5,16.9,62.3,9.7,17.2,9.2,19.2,16.9,40.1,27.7,20.1,11.5,25.1,9.9,42.2,14.4,10.5,10.2,34.8,35.3,74.5,16.1,20.9,40.2,15.6,5.5,9.4,36.5,5.2,20.2,7.1
28021,MS,Claiborne,13.9,30.5,10.2,51.2,79.7,5.7,11.4,8.5,84.0,83.9,21.2,61.9,9.8,18.7,6.5,17.5,20.4,45.1,35.2,38.0,27.1,31.9,7.4,37.4,27.3,14.3,20.3,41.6,41.5,74.2,19.4,24.0,47.8,16.4,7.9,19.8,44.4,6.1,32.1,10.9
28023,MS,Clarke,11.7,34.8,12.2,49.5,82.2,8.9,10.1,9.3,82.6,87.0,18.4,62.1,10.6,19.0,8.6,20.2,17.8,42.0,28.6,23.5,14.9,27.7,9.8,41.4,17.0,11.6,12.3,35.7,35.7,74.4,17.4,22.5,38.6,16.8,6.2,11.5,36.9,5.5,23.4,8.0
28025,MS,Clay,13.1,33.0,11.3,50.5,81.6,7.4,10.6,8.8,83.6,86.5,19.1,59.9,10.3,19.1,7.4,18.1,19.1,41.4,32.8,29.4,20.1,29.2,8.6,40.3,21.4,12.5,15.1,37.2,38.8,75.7,17.8,23.0,47.6,16.8,7.0,15.1,41.5,5.8,24.7,9.1
28027,MS,Coahoma,15.1,33.3,10.1,53.4,81.1,6.2,11.4,9.1,84.2,85.0,21.3,58.1,11.1,21.1,5.9,17.9,21.8,45.3,33.6,37.9,29.0,33.6,8.2,40.6,27.6,14.8,20.0,38.2,42.8,73.9,19.2,26.0,46.4,17.8,8.7,20.6,45.8,6.5,27.2,11.5
28029,MS,Copiah,12.3,32.3,12.0,48.6,81.6,7.7,10.3,8.5,82.8,86.4,18.4,63.2,9.7,17.8,8.3,18.9,18.2,41.3,30.7,26.2,17.0,27.7,8.7,39.2,19.4,11.6,13.7,37.3,37.3,74.5,17.5,21.8,41.8,16.0,6.4,13.4,40.8,5.4,28.6,8.3
28031,MS,Covington,11.6,30.9,13.2,46.3,80.4,7.9,10.1,7.9,81.7,86.4,17.8,60.3,9.1,18.0,8.5,19.2,15.6,38.5,29.4,22.5,13.6,24.9,8.5,38.9,16.9,10.6,11.8,36.4,35.1,72.4,17.5,19.4,40.4,15.3,5.4,11.0,38.3,4.7,24.8,7.1
28033,MS,DeSoto,9.7,26.3,15.0,40.0,78.1,7.0,9.7,5.6,81.1,87.6,15.2,65.2,6.2,13.9,12.0,19.7,12.4,32.6,28.2,17.0,8.5,19.5,6.5,36.5,14.1,8.0,9.1,35.9,27.9,74.4,16.4,14.3,37.3,12.4,3.8,8.7,37.7,3.4,14.6,5.0
28035,MS,Forrest,10.8,26.4,14.9,39.5,77.0,6.6,10.0,6.2,80.0,84.1,18.2,63.0,7.4,15.2,9.9,20.8,13.1,37.2,27.6,22.7,12.9,22.2,7.1,34.0,16.6,10.1,12.2,36.6,29.8,76.4,18.4,16.0,35.8,13.7,4.6,11.1,38.4,3.8,17.1,6.4
28037,MS,Franklin,12.1,35.0,12.5,50.3,82.4,8.9,10.2,9.7,82.3,86.5,18.9,63.6,11.3,20.0,8.6,19.6,18.5,42.8,28.5,25.0,16.5,28.6,10.3,42.7,17.7,12.3,13.0,36.2,38.2,70.3,17.5,23.3,40.4,17.1,6.7,12.5,36.5,5.7,21.6,8.6
28039,MS,George,11.3,29.0,16.1,39.8,77.9,8.0,9.5,7.2,78.2,84.6,18.1,60.2,8.7,18.2,9.2,21.6,13.1,37.4,26.4,17.8,9.9,22.7,8.5,38.4,13.1,9.7,9.7,35.2,31.7,72.0,18.0,16.8,37.2,14.9,4.5,8.4,34.3,3.9,19.0,5.9
28041,MS,Greene,13.4,28.3,15.4,43.1,75.9,7.3,9.3,7.4,78.5,83.6,18.6,56.3,8.8,19.2,7.8,19.8,14.0,38.9,30.7,21.7,12.1,24.6,8.5,37.8,16.4,10.2,11.5,36.8,33.7,71.6,17.8,17.7,41.9,15.0,5.0,10.6,37.6,4.2,19.9,6.6
28043,MS,Grenada,12.3,32.0,12.2,48.2,81.7,8.0,10.3,8.5,81.3,86.2,18.4,61.6,9.9,18.5,8.0,19.2,17.6,40.6,29.5,25.5,16.4,27.4,8.8,39.9,18.7,11.5,13.1,37.0,37.0,71.5,17.5,21.4,46.1,16.0,6.2,12.7,41.7,5.3,24.1,8.1
28045,MS,Hancock,9.7,33.0,14.3,43.3,81.9,10.0,9.2,8.2,81.1,88.0,15.5,64.4,8.8,15.7,9.4,19.7,14.3,37.0,24.3,14.6,7.7,21.5,9.7,42.3,11.2,8.9,8.1,31.8,31.2,73.5,16.0,17.9,37.3,14.8,4.4,7.0,34.6,4.3,11.8,5.7
28047,MS,Harrison,11.1,28.3,13.9,42.3,78.8,7.9,9.6,7.2,81.3,86.2,17.0,60.8,8.0,16.3,9.9,21.1,14.1,37.8,28.0,19.6,10.8,22.9,8.3,39.6,14.4,9.4,10.4,35.6,35.0,71.9,17.3,17.4,36.5,14.4,4.6,9.4,40.1,4.0,14.8,6.2
28049,MS,Hinds,11.1,28.1,12.0,47.9,80.5,6.1,10.6,7.0,83.5,87.2,17.0,61.5,7.7,15.9,8.1,17.3,17.0,37.5,33.0,27.5,17.3,25.6,6.5,37.9,21.4,10.8,14.3,38.7,34.7,78.4,17.2,19.5,44.0,14.2,5.9,14.8,43.1,4.9,20.5,7.8
28051,MS,Holmes,15.6,34.1,9.9,55.3,81.3,5.8,11.5,9.4,84.2,84.2,22.2,60.5,11.6,22.4,5.5,17.9,23.3,46.9,37.0,41.6,32.3,35.6,8.2,39.8,30.1,15.7,21.7,43.3,45.0,75.1,19.5,27.0,50.7,18.1,9.5,22.7,43.0,7.0,37.3,12.4
28053,MS,Humphreys,16.0,36.2,9.3,57.3,82.7,6.8,11.7,10.8,84.5,85.3,22.2,59.4,13.4,23.2,5.2,18.6,24.7,48.9,34.9,41.5,32.8,37.9,9.5,41.3,28.8,16.5,21.5,40.1,47.9,72.7,19.2,29.9,52.4,19.6,10.4,22.1,43.6,7.7,31.7,13.4
28055,MS,Issaquena,21.3,25.7,13.9,46.1,73.4,5.3,9.7,7.8,77.8,78.3,22.8,59.0,9.5,21.6,6.1,16.8,16.4,44.7,37.9,36.8,23.2,32.2,8.1,35.7,26.4,13.2,19.3,41.5,41.0,72.7,19.2,20.8,45.3,16.2,6.9,17.2,42.9,5.1,30.3,10.0
28057,MS,Itawamba,10.4,29.5,15.6,40.0,77.9,8.6,9.5,7.1,79.3,85.1,17.5,62.0,8.2,16.1,10.0,21.1,12.2,36.1,26.2,15.4,7.8,20.8,8.5,39.5,11.4,9.2,8.8,36.0,31.8,70.0,17.6,16.3,36.2,14.3,4.1,7.1,32.0,3.7,13.2,5.4
28059,MS,Jackson,11.1,29.2,15.3,45.0,79.2,8.1,9.4,7.1,81.1,86.9,16.0,64.5,7.7,15.4,10.9,19.7,15.0,35.4,26.9,17.7,9.2,21.4,8.1,38.7,13.8,8.8,9.4,35.4,30.5,73.8,16.5,17.1,40.7,13.9,4.4,8.5,37.3,4.0,13.6,5.8
28061,MS,Jasper,12.4,34.0,11.5,50.6,82.5,8.1,10.2,9.1,83.5,87.2,18.0,63.5,10.0,18.7,8.2,18.1,19.0,41.4,31.3,26.4,16.8,28.0,9.2,40.8,19.2,11.6,13.3,36.6,40.2,75.9,17.3,22.8,44.9,16.3,6.5,13.2,38.2,5.8,21.8,8.5
28063,MS,Jefferson,15.0,34.2,9.7,57.1,82.8,6.3,11.2,9.8,84.8,86.2,20.3,61.8,11.5,21.5,6.4,16.5,23.6,46.1,35.3,38.7,28.8,35.0,8.4,41.0,27.7,14.7,19.4,38.8,45.0,73.2,18.3,27.5,51.5,18.0,9.2,20.5,42.5,7.2,28.6,11.9
28065,MS,Jefferson Davis,12.9,36.3,10.3,54.8,84.1,8.3,10.7,10.3,84.6,87.5,18.8,64.0,11.6,20.0,7.7,17.8,21.8,44.0,31.7,30.6,21.2,31.1,9.9,42.7,21.7,13.2,15.3,38.6,41.6,74.3,17.4,26.2,45.4,17.5,7.8,15.5,39.5,6.8,22.0,10.1
28067,MS,Jones,11.9,31.4,13.1,46.5,80.3,8.3,9.9,8.1,81.2,85.9,17.8,61.0,9.3,17.6,10.1,19.9,16.0,39.1,28.4,21.6,13.0,24.8,8.9,40.2,16.0,10.8,11.8,36.4,36.2,75.0,17.0,19.7,41.6,15.4,5.4,10.8,31.1,4.7,15.9,7.1
28069,MS,Kemper,12.7,31.9,11.6,49.9,81.4,7.5,10.4,8.9,83.1,85.9,18.7,61.4,9.5,17.5,8.0,17.3,18.4,42.5,32.6,27.5,17.1,28.2,8.9,39.6,20.0,12.0,14.5,38.7,37.9,75.1,17.4,22.2,43.7,15.8,6.5,13.6,38.3,5.7,18.3,8.7
28071,MS,Lafayette,9.2,23.8,17.7,34.1,76.1,6.4,9.5,5.4,79.2,83.5,16.8,63.2,6.2,12.9,10.3,20.5,10.9,32.8,25.3,16.3,8.9,18.2,6.5,34.5,12.5,8.6,9.8,35.8,26.6,75.4,17.3,13.1,34.4,12.0,3.6,8.2,35.0,3.1,17.6,5.1
28073,MS,Lamar,9.5,28.0,15.1,40.5,78.3,8.1,9.3,6.4,81.2,87.0,15.5,62.3,7.1,14.8,10.2,21.3,12.4,34.1,25.3,15.8,8.8,19.8,7.5,38.4,12.8,8.4,8.9,32.9,29.4,71.0,16.2,15.3,38.7,13.0,4.0,8.4,38.2,3.6,14.3,5.2
28075,MS,Lauderdale,12.0,32.3,12.4,47.5,81.5,7.9,10.3,8.4,82.2,86.7,18.1,62.6,9.7,18.5,8.6,18.8,16.7,40.1,29.3,24.9,15.9,26.2,8.7,38.9,18.8,11.5,13.1,35.8,35.7,75.7,17.5,21.0,42.1,15.8,6.1,12.6,40.8,5.2,18.2,8.0
28077,MS,Lawrence,13.6,34.3,12.4,50.2,81.5,8.3,10.5,9.6,81.8,85.4,20.3,59.5,11.8,21.7,6.9,20.6,18.8,44.5,30.2,27.4,18.4,30.3,10.1,40.5,18.9,13.0,13.9,37.1,40.8,70.5,18.5,23.9,46.3,17.9,7.1,13.2,39.1,5.8,22.3,9.1
28079,MS,Leake,13.6,31.8,12.9,47.9,80.4,7.7,10.4,8.3,81.6,85.9,18.9,60.4,9.7,19.3,7.6,19.2,17.0,41.9,30.6,26.3,16.3,27.7,9.0,39.5,19.6,11.6,13.6,36.8,38.1,74.8,17.9,21.5,42.8,16.5,6.1,13.0,39.9,5.1,22.9,8.2
28081,MS,Lee,10.2,28.3,14.2,44.3,78.8,7.8,9.8,6.6,81.5,87.1,16.5,61.6,7.3,15.4,9.3,20.1,13.9,35.2,27.8,18.1,9.5,21.5,7.4,39.0,13.9,8.9,9.6,37.7,32.1,70.8,16.6,15.9,36.4,13.6,4.3,8.9,35.5,3.8,9.9,5.6
28083,MS,Leflore,14.6,31.7,11.2,51.5,81.1,6.0,11.3,8.5,84.2,85.0,21.0,56.4,10.6,20.9,5.2,17.6,20.9,44.2,33.7,37.5,28.0,32.8,7.8,39.1,27.1,14.5,19.4,39.1,41.6,74.4,18.8,24.8,43.4,17.2,8.4,20.1,42.0,6.2,29.1,11.0
28085,MS,Lincoln,11.1,30.5,13.5,45.3,80.2,8.2,9.9,7.8,80.7,86.4,17.9,60.6,9.2,18.0,8.1,19.8,15.7,38.4,27.2,21.1,12.9,24.5,8.5,40.0,15.9,10.5,11.2,35.3,34.9,68.8,17.4,19.4,40.5,15.4,5.4,10.7,37.3,4.6,19.3,6.9
28087,MS,Lowndes,11.0,28.6,12.9,45.1,80.5,7.5,10.1,7.2,81.8,86.6,17.1,65.0,8.0,15.9,9.4,19.0,15.5,38.0,29.1,21.9,13.1,23.7,7.6,37.3,16.5,10.1,11.7,36.6,33.2,77.6,16.9,18.6,37.5,14.2,5.1,11.1,39.7,4.5,15.8,6.8
28089,MS,Madison,8.1,25.9,14.3,40.3,79.7,7.6,9.3,5.7,82.4,89.1,13.4,65.7,5.8,12.0,13.3,17.7,12.4,30.3,24.9,14.1,7.4,17.6,6.3,35.7,12.0,7.2,8.2,34.1,26.3,77.4,14.6,13.6,36.3,11.4,3.6,7.7,32.8,3.4,8.1,4.7
28091,MS,Marion,12.8,33.8,13.0,48.0,80.6,8.2,10.3,8.8,81.3,85.6,19.6,58.9,10.6,20.4,7.4,20.4,17.2,42.7,29.9,25.7,16.2,28.1,9.5,40.3,18.2,12.1,13.1,37.0,37.3,70.5,18.1,22.2,43.5,16.9,6.3,12.4,39.7,5.3,25.0,8.2
28093,MS,Marshall,14.2,33.2,12.0,49.3,81.3,7.5,10.4,8.7,82.0,85.3,19.7,57.8,10.5,20.3,8.0,19.4,18.5,43.6,31.4,28.5,18.4,29.6,9.0,40.7,20.7,12.5,14.7,39.0,38.2,72.0,18.3,22.8,41.9,17.1,6.8,13.9,40.5,5.6,22.0,9.0
28095,MS,Monroe,11.7,32.6,12.5,47.9,81.7,8.7,10.0,8.6,82.1,86.6,18.5,63.7,9.9,18.7,8.7,19.8,16.7,42.3,29.2,22.4,13.3,26.8,9.3,41.7,15.9,11.2,11.3,35.7,38.3,75.9,17.8,21.7,42.9,16.4,5.7,10.6,38.8,5.1,22.2,7.5
28097,MS,Montgomery,12.8,35.2,11.9,51.2,83.1,8.7,10.3,10.0,83.2,86.7,18.9,58.2,11.4,19.4,6.5,18.7,19.6,43.2,29.9,26.9,18.0,29.9,10.1,42.5,18.9,12.6,13.7,35.8,40.1,69.8,17.5,24.4,43.5,17.4,7.1,13.1,38.9,6.1,36.7,9.2
28099,MS,Neshoba,12.8,32.1,14.3,44.4,79.6,7.8,10.7,8.5,80.3,84.3,20.3,58.3,10.4,21.0,6.9,21.3,16.5,41.1,30.1,25.9,16.2,27.9,9.5,39.4,18.3,12.2,14.0,37.8,37.8,72.8,19.2,20.9,43.1,17.0,6.0,12.4,37.5,4.9,21.7,8.3
28101,MS,Newton,11.7,30.7,13.2,44.6,79.5,7.8,10.2,8.0,80.7,85.1,18.9,58.7,9.4,18.4,7.8,20.3,15.7,39.9,28.9,23.7,14.2,25.8,8.7,38.6,17.1,11.2,12.7,36.0,34.3,70.8,18.3,19.9,40.9,15.7,5.6,11.6,38.1,4.8,23.3,7.5
28103,MS,Noxubee,15.2,33.2,10.4,52.2,81.9,6.5,11.1,9.2,83.2,85.5,20.8,61.0,11.0,21.3,6.6,17.9,21.2,45.3,34.4,35.8,25.5,33.1,8.5,39.1,25.9,14.1,18.0,39.6,42.1,75.9,18.7,25.9,46.4,17.8,8.2,18.3,42.1,6.5,24.4,10.8
28105,MS,Oktibbeha,10.1,22.1,16.1,34.6,73.4,5.2,9.8,5.3,78.3,80.1,18.3,61.5,6.2,12.4,8.5,20.1,10.9,34.0,26.2,19.7,12.0,19.5,6.2,30.5,14.9,9.9,12.6,37.3,27.5,75.9,18.5,13.4,34.5,11.8,4.0,10.2,36.8,3.2,18.8,6.1
28107,MS,Panola,13.2,32.9,12.1,48.6,81.0,7.5,10.7,8.8,82.3,85.8,19.7,58.4,10.6,20.4,7.1,20.1,18.4,43.4,31.2,29.1,19.8,29.5,9.0,39.8,21.1,12.6,14.8,36.3,39.7,72.8,18.5,23.0,46.3,16.9,6.9,14.9,38.7,5.5,19.7,9.0
28109,MS,Pearl River,11.2,32.5,14.3,42.8,80.6,8.9,9.6,8.1,80.5,86.1,17.5,61.3,9.3,17.6,10.3,21.1,14.4,39.1,26.8,18.1,9.5,23.6,9.5,40.2,13.1,10.0,9.5,35.6,33.0,71.7,17.2,18.5,38.0,15.5,4.8,8.3,38.6,4.4,16.3,6.3
28111,MS,Perry,11.7,32.7,13.9,46.7,80.1,8.7,9.9,8.6,81.1,85.6,18.6,57.2,10.2,19.5,6.7,21.1,16.2,41.0,27.9,20.9,12.7,25.8,9.7,41.9,15.2,11.0,11.1,35.1,36.3,70.4,18.0,20.2,43.7,16.3,5.5,10.2,37.9,4.9,24.1,7.2
28113,MS,Pike,13.5,32.3,11.4,50.2,80.5,7.2,10.8,8.7,83.4,85.5,19.9,60.8,10.5,20.3,7.1,19.3,18.9,41.5,31.4,30.3,20.7,29.7,8.5,39.5,22.1,12.8,15.7,38.6,38.7,71.2,18.6,22.7,46.0,16.7,7.0,15.2,42.3,5.7,23.0,9.2
28115,MS,Pontotoc,12.4,29.8,15.0,42.0,78.2,7.9,9.8,7.2,79.0,85.1,18.2,61.3,8.6,17.7,10.2,20.9,13.8,38.1,27.5,19.6,10.5,24.1,8.3,38.5,14.6,9.9,10.2,36.0,34.2,72.9,17.9,17.3,38.9,15.0,4.8,9.1,35.0,4.0,19.3,6.3
28117,MS,Prentiss,11.0,29.4,14.5,41.9,78.7,8.4,9.9,7.6,79.7,84.8,18.5,59.3,9.1,17.5,9.4,21.6,13.9,38.9,27.3,18.8,10.5,23.8,8.9,39.2,13.7,10.3,10.4,35.1,34.0,74.1,18.0,17.9,40.5,15.1,4.8,8.9,36.4,4.2,19.8,6.3
28119,MS,Quitman,15.4,34.5,10.0,54.8,82.1,6.5,11.6,9.7,83.8,85.1,21.9,55.4,12.4,23.2,5.7,18.5,22.8,47.0,33.9,39.4,30.5,35.3,8.7,40.2,28.1,15.5,20.2,38.6,45.1,72.1,19.4,27.8,51.2,18.7,9.4,21.2,43.9,7.0,32.9,12.1
28121,MS,Rankin,8.9,28.1,15.6,40.7,78.2,8.2,9.1,6.0,80.8,88.1,14.5,63.0,6.4,13.1,11.7,19.3,12.1,31.9,26.2,14.2,7.0,18.3,7.1,38.8,11.3,7.6,7.9,35.1,27.2,77.7,15.5,14.2,36.6,12.4,3.5,7.2,38.1,3.4,11.6,4.6
28123,MS,Scott,16.5,32.1,12.4,46.7,80.2,7.2,10.4,8.6,80.7,84.8,20.6,58.9,10.5,20.6,7.0,20.0,18.3,43.4,31.4,29.7,19.0,29.9,9.0,40.2,21.5,12.6,15.0,38.0,40.9,74.7,18.7,22.9,43.4,17.5,6.9,14.4,39.1,5.4,25.7,9.3
28125,MS,Sharkey,15.2,37.6,9.1,58.4,84.5,7.3,11.3,11.3,84.9,86.6,21.0,59.3,13.3,22.8,5.1,17.6,25.2,48.0,33.8,38.9,30.2,36.8,9.9,42.7,26.7,15.5,19.6,37.8,46.6,74.0,18.4,30.0,50.3,19.4,10.0,20.1,44.4,7.8,29.1,12.7
28127,MS,Simpson,11.9,32.0,13.2,46.2,81.1,8.2,10.1,8.1,81.8,86.6,18.0,62.1,9.4,18.1,8.8,19.7,16.2,39.8,29.4,22.2,13.0,25.4,8.7,40.6,16.5,10.7,11.4,36.8,35.1,76.9,17.5,20.1,40.2,15.6,5.5,10.6,35.1,4.9,20.5,7.2
28129,MS,Smith,12.5,33.9,12.8,48.5,81.3,9.1,10.2,9.3,81.4,85.8,19.2,61.2,11.0,19.8,7.9,20.9,16.9,42.4,28.0,23.1,14.0,27.4,10.3,42.2,16.0,11.9,11.7,35.7,37.6,72.3,17.9,22.0,43.6,16.8,6.0,10.7,39.1,5.3,25.2,7.9
28131,MS,Stone,10.8,29.9,14.9,43.0,78.4,8.2,9.7,7.4,80.2,85.5,17.6,60.9,8.6,17.1,8.6,20.9,14.0,37.7,28.1,18.4,9.9,22.8,8.5,39.0,13.7,9.7,10.0,35.6,33.2,73.0,17.5,17.4,41.0,14.8,4.6,8.8,37.7,4.1,18.9,6.0
28133,MS,Sunflower,16.2,29.6,12.1,50.4,79.3,5.6,10.8,8.1,82.5,83.3,21.3,61.1,10.1,21.4,6.3,17.1,19.3,44.3,35.7,36.8,26.0,32.2,7.6,37.3,26.8,13.6,18.9,40.1,41.8,74.7,18.9,23.4,48.6,16.8,7.9,19.1,41.9,5.8,27.6,10.5
28135,MS,Tallahatchie,15.8,31.0,12.4,50.7,79.8,6.7,10.3,8.6,81.2,84.1,20.1,56.8,10.2,20.7,6.2,18.5,18.9,42.9,33.9,31.8,21.5,30.8,8.6,40.0,23.5,12.7,16.4,38.4,40.7,72.7,18.1,23.0,44.9,16.9,7.2,16.4,42.4,5.7,28.1,9.5
28137,MS,Tate,11.1,29.4,14.7,41.8,79.0,7.7,9.8,7.1,80.4,85.6,17.5,60.2,8.1,16.4,9.6,20.0,14.2,37.0,28.8,20.1,11.1,23.2,7.9,39.3,15.3,9.8,10.7,37.3,32.8,70.0,17.3,17.7,36.1,14.6,4.7,9.6,37.4,4.1,18.9,6.2
28139,MS,Tippah,12.4,31.6,14.0,43.5,79.8,8.4,9.8,8.1,80.4,84.9,18.9,55.4,9.8,18.7,9.0,21.3,15.3,39.8,26.8,21.0,12.3,25.2,9.2,40.1,15.1,11.0,11.2,34.8,35.9,69.8,18.2,19.6,43.3,16.0,5.4,9.9,37.3,4.6,26.4,7.1
28141,MS,Tishomingo,11.6,34.6,14.3,44.5,81.0,9.7,9.7,9.0,80.3,85.7,18.4,56.4,10.7,19.0,9.8,22.2,15.0,40.4,25.2,18.1,10.4,25.1,10.5,42.2,12.4,10.8,9.6,33.2,35.2,67.5,17.5,20.4,39.5,16.8,5.3,8.2,34.8,4.7,19.1,6.8
28143,MS,Tunica,16.1,31.5,10.3,52.8,80.1,5.5,11.7,8.5,83.3,84.1,22.4,55.6,11.2,23.5,5.3,18.6,21.4,45.7,35.1,42.2,32.8,35.3,7.6,38.1,30.7,15.4,21.7,39.9,45.1,73.0,20.3,25.7,51.0,18.0,9.0,22.9,46.1,6.3,30.6,11.9
28145,MS,Union,12.8,30.3,14.4,43.0,78.6,8.4,9.8,7.7,79.4,85.0,18.6,61.7,9.3,18.5,10.4,21.4,14.1,39.2,27.8,20.2,11.2,24.6,9.0,41.6,14.8,10.5,10.7,36.0,33.5,72.2,17.9,18.4,41.6,15.8,5.0,9.4,32.0,4.3,21.7,6.6
28147,MS,Walthall,13.0,34.1,12.4,49.6,81.5,8.2,10.3,9.0,82.2,86.3,18.9,60.3,10.4,19.3,8.5,19.2,17.8,42.2,30.8,25.9,16.0,28.7,9.3,41.7,18.6,11.9,13.1,38.3,37.7,74.8,17.7,22.7,43.1,16.8,6.4,12.4,37.2,5.5,23.0,8.3
28149,MS,Warren,10.5,31.0,12.6,46.4,81.6,7.7,10.1,7.5,83.1,87.9,16.4,64.0,8.2,16.1,9.8,18.3,16.2,37.3,28.8,22.0,13.0,23.7,7.7,38.8,16.8,9.8,11.5,34.5,32.9,74.8,16.2,19.0,43.8,14.4,5.3,11.2,37.1,4.7,17.8,6.8
28151,MS,Washington,14.4,33.7,9.9,53.9,82.1,6.6,11.3,9.1,83.4,86.1,20.2,61.3,11.1,20.7,7.6,16.9,21.0,43.0,33.1,35.9,26.7,32.7,8.2,39.0,25.8,14.1,18.3,36.9,40.8,71.6,18.3,25.3,44.2,17.4,8.4,18.6,41.8,6.5,22.7,10.9
28153,MS,Wayne,13.2,33.4,12.3,47.7,81.0,7.9,10.5,9.0,81.6,85.4,19.5,59.9,10.7,20.2,8.8,19.7,17.8,42.2,30.2,27.1,18.0,28.7,9.4,40.1,19.4,12.3,14.0,37.6,38.0,71.7,18.3,22.5,44.2,17.0,6.6,13.4,40.6,5.5,22.5,8.6
28155,MS,Webster,10.7,30.5,13.9,43.2,79.7,8.6,9.7,7.3,80.6,86.5,17.0,63.1,8.5,16.9,9.5,20.2,13.7,37.0,26.5,17.1,9.2,22.3,8.4,41.3,12.9,9.4,9.1,35.6,32.2,73.2,16.7,17.7,36.5,14.7,4.5,8.0,35.0,4.1,13.2,5.8
28157,MS,Wilkinson,14.3,33.0,11.4,52.9,81.3,6.8,10.5,9.1,83.1,85.5,19.4,61.1,10.5,20.6,6.1,17.0,20.6,43.8,33.7,33.1,23.0,31.6,8.5,40.1,24.1,12.9,16.9,37.7,41.8,73.8,17.8,24.5,47.4,16.9,7.6,17.3,44.6,6.2,26.4,9.9
28159,MS,Winston,13.1,35.1,11.3,50.8,82.2,8.1,10.3,9.6,83.4,86.2,18.9,62.8,11.0,19.8,8.3,18.7,19.5,42.4,30.0,27.9,18.5,29.1,9.7,41.2,19.4,12.4,14.0,36.2,37.9,72.2,17.7,23.9,41.7,16.8,7.0,13.7,37.8,5.9,25.4,9.0
28161,MS,Yalobusha,13.2,35.2,11.7,50.7,82.4,8.5,10.3,9.6,82.2,86.2,19.3,59.4,11.4,20.7,7.9,19.5,19.0,43.2,30.2,27.3,17.8,29.6,10.0,42.3,19.1,12.5,13.6,36.3,39.8,71.5,17.8,24.0,40.1,17.4,6.8,13.1,36.8,5.8,21.8,8.9
28163,MS,Yazoo,18.6,29.5,12.7,49.5,77.7,6.0,10.4,8.3,80.1,82.3,21.9,57.3,10.7,23.5,6.1,18.6,18.5,44.9,35.1,36.1,25.8,33.0,8.4,38.3,26.4,13.7,18.7,39.6,42.6,73.4,19.4,23.2,50.5,17.4,7.7,18.7,42.0,5.5,32.2,10.3
29001,MO,Adair,8.2,24.2,17.2,30.3,73.9,7.4,10.9,6.1,76.3,78.3,19.7,61.5,7.5,14.3,61.2,27.6,10.0,36.2,19.2,13.7,10.6,19.6,7.9,33.0,11.0,9.9,9.2,32.9,28.1,72.8,19.7,13.8,34.7,13.5,3.5,8.2,36.1,3.1,21.6,5.0
29003,MO,Andrew,7.7,30.7,16.4,38.3,78.5,9.9,10.3,7.1,78.5,85.8,16.0,65.5,8.1,15.4,61.8,23.6,11.6,35.1,18.6,10.6,7.9,19.0,9.0,39.3,9.5,8.3,6.6,29.0,27.3,78.6,16.5,15.2,36.0,14.2,3.5,6.9,36.4,3.6,14.9,4.4
29005,MO,Atchison,8.9,35.1,14.3,43.5,81.3,11.1,10.5,9.4,80.2,85.7,17.7,63.0,10.9,18.0,58.4,24.7,14.9,40.9,19.2,13.5,11.3,23.8,11.4,41.1,10.8,10.5,8.0,31.5,34.0,70.6,16.9,20.1,41.6,16.6,4.8,8.3,36.3,4.7,19.3,6.0
29007,MO,Audrain,10.0,32.4,15.6,39.6,78.7,9.2,11.2,8.3,78.9,83.0,20.0,58.7,10.7,20.2,50.4,25.9,14.1,41.3,20.4,16.9,14.6,25.1,9.9,37.4,13.6,11.4,9.8,31.7,34.8,70.5,19.3,19.3,40.0,17.1,5.0,10.4,40.6,4.4,20.2,6.4
29009,MO,Barry,12.0,34.3,14.9,40.9,80.0,9.8,10.7,9.2,78.3,83.7,19.7,59.6,11.3,20.2,55.3,24.5,15.0,42.7,20.5,17.3,14.0,26.5,11.0,40.9,13.4,11.3,9.7,33.0,36.6,70.4,18.1,20.8,37.8,17.7,5.2,9.7,36.0,4.7,19.8,6.7
29011,MO,Barton,10.9,34.4,14.8,41.8,79.5,9.8,11.2,9.5,78.6,82.6,20.7,58.0,12.2,21.6,51.3,25.6,15.2,43.8,20.0,17.9,16.0,27.2,11.4,40.6,13.5,12.3,10.3,30.7,35.8,71.7,19.1,21.8,40.7,18.3,5.6,10.5,38.2,4.9,22.0,7.1
29013,MO,Bates,10.1,32.3,15.3,40.2,78.4,9.5,10.9,8.5,78.2,83.1,19.7,59.7,10.7,20.5,57.3,26.2,13.8,41.2,20.2,15.9,13.6,24.8,10.3,40.0,12.8,11.0,9.2,31.0,34.0,66.9,18.9,19.4,41.2,16.8,4.8,9.7,39.1,4.4,20.7,6.2
29015,MO,Benton,9.2,38.6,13.0,45.5,83.4,12.1,10.6,10.9,81.8,87.1,17.7,63.4,12.4,19.3,55.8,24.1,16.7,43.0,19.1,13.9,11.7,25.6,12.8,44.7,10.5,10.9,8.0,29.5,34.7,72.4,16.3,22.5,38.9,18.0,5.3,8.0,36.0,5.4,15.7,6.6
29017,MO,Bollinger,9.9,34.0,15.0,41.7,79.0,9.9,10.8,8.9,79.1,83.9,19.4,60.6,11.2,20.6,53.5,25.9,14.1,41.7,20.1,15.1,13.0,25.2,10.7,40.4,12.1,11.1,8.8,31.4,34.7,71.1,18.4,20.2,39.3,17.3,4.9,9.1,38.7,4.6,24.5,6.2
29019,MO,Boone,7.5,23.1,18.4,30.1,73.2,7.0,10.4,5.2,76.6,81.3,16.7,63.5,6.0,12.2,66.3,24.1,9.5,32.3,18.4,12.1,9.2,16.9,6.8,33.1,10.7,8.3,8.2,30.4,23.8,72.9,17.3,12.4,29.8,11.9,3.1,8.0,32.4,2.7,13.7,4.3
29021,MO,Buchanan,10.6,29.6,15.8,37.9,77.4,8.5,10.9,7.6,77.9,82.8,18.9,63.1,9.3,18.6,58.7,24.8,13.0,39.0,19.6,16.1,13.1,23.4,9.2,39.2,13.3,10.2,9.4,30.5,32.7,72.9,18.4,17.5,42.9,15.6,4.4,10.0,39.0,3.9,24.9,5.9
29023,MO,Butler,11.3,34.5,14.4,42.5,78.3,9.2,11.6,9.0,78.4,81.9,21.6,59.3,11.8,22.1,53.3,27.4,15.3,44.6,21.3,19.6,17.1,28.2,10.7,41.0,14.9,12.6,10.9,32.9,37.7,65.0,20.2,21.5,41.1,18.5,5.6,11.6,38.6,4.8,19.8,7.2
29025,MO,Caldwell,9.2,32.0,15.7,39.1,78.9,9.8,10.7,8.1,78.5,84.1,18.3,61.7,9.8,18.5,56.6,24.9,13.0,39.5,19.7,13.8,11.0,22.7,9.9,40.0,11.4,10.1,8.2,31.6,32.6,69.6,17.9,18.0,38.9,16.0,4.3,8.4,37.7,4.1,20.3,5.5
29027,MO,Callaway,8.6,29.5,16.7,37.0,77.1,8.9,10.6,7.1,77.7,83.6,17.5,62.6,8.4,16.7,57.0,24.7,11.9,36.0,19.4,13.0,9.9,20.5,8.7,37.8,11.3,9.1,8.0,30.6,29.0,75.4,17.7,15.5,36.9,14.4,3.8,8.2,38.4,3.6,18.8,4.9
29029,MO,Camden,7.9,36.3,13.5,42.3,82.4,12.0,10.3,9.4,81.8,87.8,15.9,68.4,10.2,16.4,61.2,23.0,14.7,38.4,18.4,11.1,8.8,22.1,11.1,44.1,9.1,9.3,6.8,28.3,31.7,77.2,15.5,19.4,35.6,16.0,4.3,6.9,35.9,4.6,15.5,5.4
29031,MO,Cape Girardeau,8.2,27.7,16.7,35.4,77.1,8.5,10.5,6.6,78.7,83.3,17.1,67.0,7.7,14.9,57.4,24.5,11.2,35.4,18.5,12.7,10.0,19.8,8.3,36.0,11.1,9.1,8.1,31.7,28.4,75.0,17.9,15.2,34.7,13.9,3.6,8.2,37.6,3.4,16.9,4.8
29033,MO,Carroll,9.3,33.2,14.8,39.9,80.1,10.2,10.6,8.6,79.1,84.7,18.2,63.5,10.3,18.3,57.5,24.9,13.9,39.8,20.0,13.9,11.3,23.4,10.4,39.6,11.2,10.3,8.1,30.3,33.7,71.5,17.7,19.0,38.6,16.4,4.5,8.3,37.2,4.4,19.9,5.8
29035,MO,Carter,10.9,35.8,14.7,43.3,79.7,9.8,11.3,9.7,79.3,82.7,21.1,59.8,12.7,22.6,52.8,26.6,15.7,45.1,20.5,18.7,16.7,28.4,11.4,41.0,13.9,12.6,10.4,31.6,37.0,70.1,19.4,22.5,40.0,18.8,5.8,10.9,37.1,5.0,25.4,7.3
29037,MO,Cass,8.0,28.8,15.7,35.3,77.6,9.3,10.1,6.4,78.4,85.7,15.6,67.9,7.3,14.9,64.3,23.9,11.5,32.1,19.0,10.7,7.6,18.3,8.0,37.6,10.1,8.0,6.8,28.4,26.3,77.4,16.7,13.9,38.0,13.2,3.3,7.1,38.5,3.3,11.9,4.3
29039,MO,Cedar,10.2,35.2,14.0,42.6,80.7,10.6,10.9,9.9,79.3,83.7,19.8,61.8,12.2,20.3,51.0,25.2,15.6,43.1,19.5,16.5,14.6,26.6,11.8,41.9,12.5,11.9,9.5,31.5,35.3,68.3,18.3,21.8,39.8,18.0,5.5,9.7,38.5,5.0,19.0,7.0
29041,MO,Chariton,8.9,34.6,14.5,41.0,81.1,10.8,10.5,9.1,79.9,85.3,17.8,64.2,10.4,17.8,61.2,23.7,14.0,40.3,18.9,13.1,10.7,22.9,11.1,40.9,10.6,10.3,7.8,29.3,32.1,75.3,17.1,19.4,38.3,16.3,4.6,7.9,36.1,4.6,23.8,5.8
29043,MO,Christian,7.4,29.3,16.9,35.0,77.2,9.1,10.3,6.3,78.6,85.7,15.8,64.7,7.2,14.8,60.4,24.7,10.7,34.5,18.5,10.4,7.7,18.2,8.1,36.4,9.6,8.0,6.7,30.3,26.5,74.3,16.8,14.5,36.3,13.5,3.3,7.0,39.0,3.2,15.1,4.1
29045,MO,Clark,9.9,34.8,15.1,42.0,79.7,10.2,10.8,9.5,78.8,83.6,19.6,60.7,11.7,21.0,51.4,25.4,14.9,42.8,19.6,16.0,13.7,26.0,11.3,41.1,12.3,11.5,9.1,30.6,35.4,71.2,18.5,20.9,41.7,17.7,5.2,9.5,40.1,4.8,21.3,6.5
29047,MO,Clay,8.0,27.2,15.7,34.9,75.1,8.1,10.3,5.8,77.2,85.2,15.5,64.8,6.4,14.2,62.8,23.4,10.8,32.8,18.7,11.1,8.1,17.4,7.3,36.6,10.8,7.7,7.2,32.6,24.5,76.8,16.5,13.3,37.4,12.6,3.1,7.6,33.6,3.0,9.5,4.2
29049,MO,Clinton,8.2,30.7,16.2,38.3,78.3,9.5,10.4,7.5,78.3,85.1,17.1,63.6,8.6,17.0,59.6,24.9,12.0,37.6,19.2,12.0,9.1,20.7,9.2,38.8,10.4,9.0,7.3,29.0,30.3,72.7,17.3,16.4,39.5,15.0,3.8,7.5,35.2,3.8,17.6,4.9
29051,MO,Cole,7.6,28.3,17.4,36.9,76.4,8.9,10.2,6.3,79.2,85.5,15.8,67.0,7.1,13.9,64.9,23.2,11.0,34.8,19.2,11.1,8.3,18.3,7.9,36.8,10.2,7.9,7.1,31.8,27.4,79.0,16.4,14.1,36.6,13.1,3.3,7.5,35.7,3.3,9.3,4.3
29053,MO,Cooper,8.7,30.1,16.5,37.5,78.2,9.3,10.4,7.3,78.3,84.5,17.2,63.4,8.6,16.6,56.9,24.0,12.2,36.5,19.6,12.7,9.8,20.7,9.0,38.3,11.0,9.2,7.8,30.5,30.7,76.6,17.3,16.2,37.5,14.7,3.9,8.0,38.5,3.8,17.2,5.0
29055,MO,Crawford,10.2,32.9,15.6,39.2,79.3,9.8,10.9,8.7,78.6,83.5,19.5,64.7,11.0,20.3,52.2,25.7,14.1,42.2,20.5,15.4,12.8,24.8,10.5,40.2,12.3,10.9,8.9,32.3,33.7,72.5,18.5,19.7,41.9,17.0,4.9,9.0,39.4,4.4,21.9,6.1
29057,MO,Dade,9.6,36.0,14.3,43.8,81.0,10.7,11.0,10.0,80.1,84.7,19.4,61.3,12.2,20.9,52.9,25.3,16.0,43.6,19.2,16.1,14.2,26.3,11.8,42.2,12.4,11.7,9.3,30.0,35.2,74.3,18.1,22.0,40.7,18.1,5.5,9.8,38.7,5.1,22.9,6.9
29059,MO,Dallas,10.2,33.7,14.8,41.0,79.6,9.8,11.0,9.1,78.4,83.0,20.2,60.1,11.7,21.4,54.5,26.0,14.9,42.8,19.6,17.0,14.8,26.0,11.0,39.8,13.1,11.7,9.6,30.6,35.0,69.9,18.8,20.6,39.5,17.7,5.3,10.1,37.4,4.7,22.1,6.7
29061,MO,Daviess,10.1,33.8,15.0,41.1,79.3,10.2,10.9,9.1,78.6,83.5,19.5,59.8,11.2,19.6,53.4,25.7,14.2,42.1,19.3,15.1,12.6,24.8,11.0,42.2,11.8,11.0,8.8,31.5,33.8,72.8,18.2,19.9,38.4,17.0,4.9,8.9,37.6,4.6,19.9,6.2
29063,MO,DeKalb,9.3,31.6,16.3,39.2,78.5,9.8,10.4,7.8,78.5,84.3,17.6,57.2,9.0,17.4,57.8,23.3,12.5,38.5,20.3,12.8,9.6,21.6,9.7,38.8,11.0,9.5,7.7,31.0,30.3,76.6,17.2,17.4,38.9,15.3,4.0,7.9,36.1,4.0,19.0,5.2
29065,MO,Dent,9.8,34.2,14.5,41.7,79.9,10.2,10.8,9.2,79.4,84.2,19.1,58.3,11.2,19.9,53.4,24.4,14.6,41.7,19.6,15.2,13.0,25.0,11.1,40.1,12.0,11.2,8.9,29.4,34.1,69.7,17.9,20.3,39.5,17.3,5.1,9.2,39.1,4.7,22.0,6.3
29067,MO,Douglas,10.1,35.8,14.3,42.9,80.4,10.7,11.1,9.6,79.8,84.5,19.2,61.1,11.7,20.1,55.1,25.3,15.3,42.4,20.0,15.5,13.2,25.9,11.5,41.7,12.1,11.3,8.9,30.4,34.8,67.3,18.0,21.2,38.0,17.7,5.2,9.1,39.5,4.9,26.0,6.5
29069,MO,Dunklin,12.9,34.6,13.6,44.1,78.8,8.9,11.4,9.3,78.4,82.0,22.3,58.1,12.3,22.8,49.7,26.6,16.0,46.6,22.1,22.0,19.5,29.7,10.8,40.3,16.9,13.2,12.0,35.1,42.4,68.5,20.0,23.4,46.2,19.3,6.1,12.5,39.1,5.0,26.1,7.8
29071,MO,Franklin,8.1,31.2,17.4,37.4,78.7,9.6,10.4,7.3,78.9,85.2,16.9,65.0,8.5,16.4,61.5,25.6,12.2,36.4,18.7,11.4,8.7,20.3,9.0,39.5,10.1,8.9,7.1,28.9,29.4,71.9,17.1,15.9,39.6,14.8,3.8,7.2,33.6,3.7,12.0,4.7
29073,MO,Gasconade,8.4,34.3,14.8,40.7,80.3,10.7,10.6,8.6,79.8,85.6,17.5,64.6,10.0,17.6,61.4,24.6,13.5,39.7,19.0,12.3,9.8,22.4,10.5,41.2,10.2,9.8,7.4,29.7,30.5,69.1,17.2,18.6,39.3,15.9,4.3,7.5,35.9,4.3,18.9,5.4
29075,MO,Gentry,9.6,31.6,15.5,38.9,78.6,9.5,10.8,8.0,77.8,83.6,18.8,59.5,10.1,19.3,54.6,25.0,13.2,39.9,19.7,14.7,12.3,23.4,9.8,39.0,11.9,10.4,8.5,31.2,33.1,68.4,18.2,18.6,41.2,16.2,4.5,8.9,38.1,4.1,20.0,5.7
29077,MO,Greene,8.4,28.0,15.7,33.1,76.4,8.3,10.7,6.5,77.5,82.8,18.0,61.6,7.8,15.4,63.2,24.5,11.0,36.5,18.9,13.4,10.2,19.6,8.2,35.3,11.4,9.2,8.3,32.0,26.1,71.3,18.1,15.0,36.7,14.2,3.6,8.5,36.1,3.4,22.0,4.8
29079,MO,Grundy,10.2,33.5,14.7,41.0,79.8,10.4,10.8,9.2,79.1,83.5,19.5,62.6,11.2,19.4,55.3,25.3,14.3,42.8,20.0,15.6,13.0,25.2,11.3,40.5,12.2,11.4,9.1,31.4,34.9,71.4,18.2,20.4,39.0,17.3,5.0,9.1,37.0,4.7,16.0,6.4
29081,MO,Harrison,9.9,34.6,14.7,41.3,80.0,10.4,10.7,9.4,79.4,83.9,19.2,62.8,11.5,19.7,55.4,24.9,14.7,42.0,19.1,15.5,13.4,25.1,11.4,41.5,12.0,11.5,9.1,29.7,34.8,71.5,18.3,20.8,39.3,17.4,5.1,9.3,41.0,4.8,19.8,6.6
29083,MO,Henry,9.8,34.2,14.4,41.3,79.8,10.3,10.8,9.1,79.2,84.2,19.1,63.4,11.1,19.7,57.3,25.1,14.4,41.3,19.8,15.2,12.9,24.7,11.0,40.5,12.2,11.0,8.9,30.6,33.8,74.3,18.2,20.0,38.5,17.1,4.9,9.3,37.6,4.6,14.0,6.2
29085,MO,Hickory,10.7,42.6,12.0,50.1,84.2,12.4,11.1,13.1,82.1,85.8,20.6,66.0,16.0,23.2,51.9,24.9,19.7,49.4,19.3,19.1,18.2,31.6,15.1,46.5,13.1,14.0,10.4,29.9,41.1,70.6,17.9,28.1,43.0,21.0,7.1,10.8,37.5,6.7,27.7,8.9
29087,MO,Holt,8.7,34.5,14.6,41.3,81.1,11.0,10.4,9.1,80.0,85.6,17.5,64.1,10.3,17.6,55.6,23.8,14.1,40.2,18.9,12.8,10.2,22.6,11.2,41.4,10.4,10.1,7.6,29.8,33.3,75.4,16.8,19.2,36.6,16.1,4.5,7.7,37.4,4.5,20.4,5.7
29089,MO,Howard,8.2,30.0,16.3,36.7,78.0,9.2,10.6,7.3,78.6,83.5,17.5,67.3,8.5,15.7,59.3,25.0,12.0,37.3,19.3,12.4,9.4,20.6,8.9,38.5,10.4,9.3,7.8,32.2,29.2,72.1,17.6,16.1,34.8,14.5,3.8,7.6,36.8,3.7,16.2,4.9
29091,MO,Howell,10.8,34.7,14.2,40.7,78.4,9.5,11.2,9.1,78.4,82.2,21.0,60.3,12.0,21.6,50.8,26.7,14.9,43.1,20.0,18.3,16.3,27.5,10.9,39.3,13.9,12.2,10.3,31.6,34.4,72.1,19.3,21.3,36.8,17.9,5.5,10.7,38.9,4.8,24.6,7.0
29093,MO,Iron,10.0,35.0,14.6,42.5,79.5,10.1,10.9,9.3,79.3,83.8,19.8,60.5,11.5,20.5,55.9,26.3,15.0,42.8,19.8,16.3,14.1,26.1,11.1,41.2,12.7,11.5,9.3,31.3,35.3,74.1,18.5,21.0,42.3,17.8,5.3,9.7,37.0,4.7,22.0,6.6
29095,MO,Jackson,10.0,26.7,17.1,35.7,75.5,7.4,10.5,6.2,77.2,84.5,17.5,62.7,7.4,15.8,63.3,25.4,12.1,36.3,22.9,16.6,12.4,21.4,7.4,38.9,15.4,9.5,9.6,33.0,30.9,75.8,18.9,16.1,37.2,13.9,4.1,11.1,34.2,3.6,15.5,5.4
29097,MO,Jasper,10.9,29.2,15.9,37.3,75.8,8.4,10.8,7.2,77.0,82.1,19.5,63.2,9.2,18.5,57.5,25.8,12.8,38.9,20.2,16.0,13.3,23.2,9.0,37.1,13.5,10.4,9.6,32.5,32.4,69.6,19.2,16.9,40.0,15.7,4.4,10.0,40.0,3.8,14.3,5.9
29099,MO,Jefferson,7.9,29.3,16.2,35.5,77.4,9.0,10.5,6.6,78.7,84.9,16.6,65.7,7.9,16.5,59.8,23.9,11.2,34.7,19.0,11.2,8.4,19.6,8.2,36.7,10.2,8.5,7.1,29.3,27.7,74.1,17.4,14.6,40.3,14.0,3.5,7.4,36.7,3.3,13.7,4.4
29101,MO,Johnson,8.6,24.0,18.1,30.1,71.9,7.1,10.5,5.5,76.5,79.5,18.9,63.6,6.9,15.2,60.8,26.8,9.6,34.3,20.5,13.1,9.7,18.4,7.1,33.3,11.5,8.8,8.7,32.8,26.0,73.1,19.5,12.6,35.3,13.2,3.3,8.3,37.9,2.9,11.0,4.5
29103,MO,Knox,10.7,34.3,14.5,42.0,80.1,10.0,11.1,9.7,78.7,82.5,20.6,60.5,12.4,21.2,51.0,25.2,15.1,43.2,20.2,17.2,14.9,26.9,11.4,41.1,12.8,12.2,9.8,30.9,35.2,71.0,18.8,21.4,39.5,18.0,5.6,9.8,36.6,4.9,17.9,7.0
29105,MO,Laclede,10.7,32.6,14.8,39.8,78.3,9.2,11.1,8.6,78.2,82.2,20.5,60.9,11.1,21.1,53.3,25.9,14.0,41.3,20.2,17.4,15.2,25.4,10.4,40.2,13.6,11.6,10.0,31.2,34.6,71.2,19.2,19.5,38.5,17.2,5.1,10.3,39.2,4.5,19.6,6.5
29107,MO,Lafayette,8.6,30.4,16.2,37.0,78.1,9.5,10.5,7.2,78.0,85.0,17.2,63.4,8.5,16.5,57.7,24.6,11.8,37.4,19.3,11.8,9.1,20.6,9.1,40.3,10.4,9.0,7.3,29.7,28.9,71.8,17.4,16.0,37.0,14.6,3.8,7.5,39.1,3.7,10.9,4.9
29109,MO,Lawrence,11.6,31.5,15.8,39.1,77.9,9.0,10.9,8.4,77.8,82.2,20.3,58.5,10.7,20.4,58.1,25.7,13.7,41.4,20.6,17.2,14.4,25.4,10.2,39.3,13.7,11.4,9.9,31.8,35.3,73.5,19.0,19.4,40.1,17.1,5.0,10.2,38.7,4.3,21.8,6.5
29111,MO,Lewis,9.7,30.4,15.5,37.2,77.8,8.9,11.0,7.9,77.5,81.4,20.1,59.3,9.9,18.8,53.5,25.8,12.7,40.2,20.3,15.6,12.4,23.7,9.7,37.1,12.1,10.9,9.3,32.6,32.6,70.7,19.1,18.0,36.6,16.1,4.5,8.9,39.3,4.1,18.3,5.9
29113,MO,Lincoln,8.7,27.6,17.8,34.3,75.1,8.2,10.6,6.3,77.1,83.3,17.9,60.5,7.9,17.6,59.7,24.9,11.1,36.5,19.5,12.2,9.4,19.8,7.9,36.5,11.3,8.8,7.6,31.3,28.8,75.8,18.3,14.9,39.9,14.4,3.6,7.9,38.7,3.3,15.8,4.5
29115,MO,Linn,9.6,32.7,15.1,39.3,79.7,10.0,10.7,8.5,79.1,84.1,18.8,62.7,10.4,18.8,52.8,25.1,13.5,39.8,19.2,14.4,12.0,23.9,10.4,40.3,11.5,10.5,8.5,30.4,32.9,74.9,17.9,19.0,35.7,16.3,4.6,8.6,38.5,4.3,20.0,5.9
29117,MO,Livingston,9.5,31.6,15.5,38.3,78.0,9.4,11.0,7.8,78.5,83.6,19.2,62.7,9.7,18.7,59.9,26.1,12.6,40.0,20.0,15.0,12.6,23.1,9.7,38.4,12.5,10.7,8.8,32.0,32.3,74.3,18.9,18.2,39.4,16.0,4.4,9.3,37.0,4.1,15.4,5.6
29119,MO,McDonald,13.9,32.3,14.7,41.0,77.3,8.4,11.3,9.0,77.7,80.7,22.4,53.5,11.9,23.3,48.8,26.5,15.8,44.8,22.0,22.7,19.4,29.5,10.7,39.6,17.5,13.0,12.4,34.3,38.5,64.6,20.2,21.8,43.0,18.7,6.0,13.0,40.8,4.8,24.0,8.0
29121,MO,Macon,8.5,32.7,15.4,39.1,80.1,10.2,10.4,8.2,79.6,85.2,17.3,64.9,9.3,16.9,57.7,23.7,12.9,38.9,19.8,12.3,9.5,22.0,10.1,39.7,10.4,9.5,7.5,30.4,31.5,74.0,17.2,17.9,34.4,15.5,4.1,7.5,37.4,4.1,18.3,5.2
29123,MO,Madison,9.6,31.9,15.7,38.6,78.4,9.5,10.7,7.9,77.9,83.8,18.7,63.7,9.8,19.3,56.8,25.4,13.2,39.8,19.9,14.2,11.3,23.1,9.7,38.8,11.7,10.2,8.4,31.1,32.2,75.3,18.1,18.3,37.7,16.1,4.4,8.5,37.3,4.1,19.6,5.6
29125,MO,Maries,9.3,33.4,15.1,40.1,79.6,10.1,10.7,8.5,79.1,84.7,18.5,64.1,10.3,18.8,53.5,25.2,13.6,40.4,20.0,13.9,11.1,23.5,10.4,40.1,11.2,10.3,8.1,31.2,33.1,73.6,17.9,18.9,38.2,16.5,4.5,8.2,41.3,4.3,13.0,5.7
29127,MO,Marion,8.8,30.8,16.0,38.2,77.6,9.3,10.6,7.5,78.6,83.6,18.1,65.1,9.1,17.3,57.9,25.0,12.8,37.3,19.6,13.7,11.1,21.8,9.1,37.3,11.6,9.8,8.3,31.1,31.4,75.8,17.9,16.9,39.6,15.3,4.2,8.6,39.5,3.9,17.5,5.3
29129,MO,Mercer,10.5,36.0,14.1,43.4,80.6,10.5,10.8,9.8,79.7,84.3,19.4,63.4,11.8,20.0,57.6,25.4,15.6,43.5,19.5,16.2,14.0,26.0,11.8,41.7,12.5,11.6,9.3,30.5,35.7,72.2,18.0,21.6,41.1,17.6,5.3,9.6,36.9,4.9,21.7,6.8
29131,MO,Miller,9.2,32.1,16.0,38.8,79.0,9.6,10.7,8.2,78.8,84.0,18.5,61.3,9.9,18.6,57.1,25.8,13.2,39.6,19.3,14.2,11.5,22.9,9.9,39.9,11.5,10.2,8.3,30.7,31.5,73.1,18.1,18.1,37.5,16.0,4.4,8.7,36.6,4.1,11.5,5.6
29133,MO,Mississippi,12.8,34.6,13.7,44.4,78.8,8.4,11.6,9.2,79.1,81.3,22.1,57.9,12.3,23.6,44.7,25.1,16.7,46.2,23.7,24.1,22.4,30.9,10.4,39.2,18.5,13.4,13.2,35.0,41.4,72.0,19.9,23.2,47.6,18.7,6.4,14.5,43.4,5.2,29.5,8.2
29135,MO,Moniteau,10.3,29.4,16.6,36.3,76.6,8.7,10.4,7.1,77.1,83.1,18.4,60.9,8.7,18.0,56.4,24.8,11.9,37.7,20.4,13.9,10.5,21.9,8.9,37.8,11.9,9.5,8.2,32.1,30.7,72.5,18.1,16.3,39.2,15.2,4.0,8.4,37.7,3.7,22.2,5.2
29137,MO,Monroe,9.5,34.9,14.2,42.2,81.1,10.8,10.6,9.6,80.2,85.0,18.5,65.9,11.4,19.3,56.0,24.9,15.0,41.4,19.8,14.7,12.4,24.8,11.4,41.3,11.5,10.9,8.6,29.9,33.9,73.8,17.5,20.6,37.8,17.0,5.0,8.8,38.2,4.9,22.0,6.3
29139,MO,Montgomery,9.5,33.6,15.3,40.4,79.3,9.7,10.9,8.5,78.5,83.9,19.0,61.3,10.6,19.5,56.1,25.1,13.9,40.5,19.9,14.9,12.4,24.2,10.2,40.5,12.0,10.7,8.7,30.7,33.7,74.0,18.2,19.2,37.3,16.6,4.8,9.0,38.4,4.4,18.1,6.0
29141,MO,Morgan,11.1,35.2,14.4,43.0,80.7,10.5,10.9,10.1,78.4,83.7,20.4,58.9,12.5,21.1,54.8,26.1,15.8,44.1,20.6,17.1,14.5,27.7,11.9,41.5,12.8,12.1,9.6,32.4,36.9,67.0,18.3,22.2,38.2,18.5,5.6,9.5,38.9,5.1,23.8,7.0
29143,MO,New Madrid,11.2,35.1,13.3,43.6,79.9,9.1,11.5,9.1,78.8,83.2,21.1,61.2,11.9,21.4,51.7,25.7,16.1,44.6,21.5,20.8,18.7,28.2,10.3,40.4,15.8,12.8,11.4,32.7,39.0,71.4,19.3,22.4,43.2,18.2,5.9,12.3,41.2,5.1,27.8,7.5
29145,MO,Newton,10.0,31.6,15.0,38.4,78.4,9.3,10.7,7.9,78.6,83.7,18.4,63.8,9.5,17.9,61.0,25.0,13.4,38.1,19.7,15.0,11.8,22.6,9.8,39.0,12.3,10.2,8.8,29.8,31.4,76.6,18.1,17.9,38.8,15.8,4.4,9.1,36.9,4.1,16.7,5.8
29147,MO,Nodaway,8.2,26.1,17.6,33.0,75.5,8.1,10.6,6.7,77.4,79.8,19.0,64.0,7.7,14.7,57.1,26.2,10.6,37.1,19.6,12.9,9.6,19.8,8.6,35.0,10.7,9.6,8.5,33.0,27.8,77.3,19.0,14.2,36.1,13.8,3.5,7.8,42.3,3.3,18.5,4.8
29149,MO,Oregon,10.9,36.7,13.9,43.8,80.6,10.3,11.1,10.4,79.2,82.8,21.1,58.8,13.3,22.8,50.8,25.9,16.5,45.3,20.8,19.0,17.5,28.6,12.3,41.8,13.9,12.9,10.6,32.0,37.0,71.4,19.2,23.2,41.1,18.8,6.0,11.0,37.1,5.4,29.5,7.7
29151,MO,Osage,7.6,29.3,17.0,35.9,77.5,9.4,10.3,6.9,78.2,84.6,16.7,65.0,8.0,16.0,62.7,24.2,11.2,35.2,18.7,10.8,8.0,19.2,8.6,38.4,9.6,8.5,6.9,29.7,27.8,76.9,17.1,15.1,35.6,14.1,3.5,6.9,37.1,3.5,14.3,4.4
29153,MO,Ozark,11.2,39.4,12.9,47.7,82.6,11.6,11.2,12.0,80.7,84.8,20.8,60.4,14.9,23.1,48.3,25.5,18.3,47.7,19.9,18.8,17.5,30.6,13.8,44.0,13.5,13.4,10.4,29.4,39.2,66.8,18.4,25.8,42.5,20.3,6.7,10.7,38.7,6.1,22.1,8.2
29155,MO,Pemiscot,13.1,35.4,12.8,45.0,79.7,8.5,12.2,9.7,80.3,81.5,23.4,56.7,13.3,24.8,48.6,25.7,17.9,47.7,23.1,26.6,25.9,32.5,10.7,41.5,19.7,14.7,14.3,34.5,42.1,73.8,20.5,24.7,44.9,19.6,7.1,16.3,42.6,5.6,32.8,9.1
29157,MO,Perry,9.0,31.3,15.7,38.4,78.7,9.6,10.4,7.7,78.3,84.4,17.8,61.5,9.2,17.5,58.4,24.4,12.5,38.0,19.5,12.9,10.0,21.8,9.7,39.0,10.7,9.5,7.6,31.6,31.0,76.7,17.3,17.1,36.0,15.3,4.1,7.7,38.4,3.9,13.9,5.2
29159,MO,Pettis,10.6,30.1,15.7,36.3,77.6,8.8,10.7,7.4,78.2,83.4,18.6,60.4,9.0,17.9,57.5,24.6,12.6,38.8,20.3,14.9,11.7,23.1,9.2,37.0,12.9,10.0,8.8,31.3,32.1,70.7,18.1,17.3,36.1,15.7,4.3,9.1,37.6,3.9,18.2,5.6
29161,MO,Phelps,8.7,28.7,17.0,35.4,75.7,8.4,10.4,7.1,76.6,81.2,18.8,58.6,8.4,16.4,57.2,25.9,11.7,38.3,19.6,13.7,10.9,21.5,8.9,36.0,11.1,9.7,8.7,32.3,29.1,74.2,18.2,15.7,34.6,14.5,4.0,8.5,40.1,3.6,16.9,5.3
29163,MO,Pike,10.8,31.4,16.1,40.3,77.7,9.1,10.6,8.3,78.2,82.3,19.6,61.0,10.3,20.3,53.2,24.1,13.5,40.4,21.3,16.4,13.9,24.6,10.0,39.0,13.3,10.8,9.5,30.9,33.5,74.8,18.5,18.8,38.3,16.5,4.8,9.9,39.5,4.3,25.0,6.2
29165,MO,Platte,7.0,25.9,16.5,33.9,76.1,8.5,9.8,5.6,80.1,86.5,14.1,67.1,5.9,12.1,65.8,22.8,10.0,29.7,17.6,9.4,6.6,15.8,7.0,36.9,9.3,6.9,6.3,28.1,22.8,75.0,15.4,11.9,37.0,11.9,2.9,6.7,35.2,2.8,11.5,3.7
29167,MO,Polk,9.8,30.8,16.0,38.0,78.0,9.1,10.9,8.1,78.3,82.1,19.8,61.2,10.1,18.9,52.3,26.1,13.0,40.5,19.3,15.6,13.0,23.8,10.0,38.8,12.4,10.9,9.3,32.0,33.2,72.8,19.0,18.4,38.7,16.1,4.6,9.4,38.9,4.1,22.7,6.0
29169,MO,Pulaski,10.6,20.8,19.1,28.5,67.9,5.4,10.1,4.5,74.0,77.4,19.0,61.1,5.8,15.0,57.1,24.6,8.6,34.2,21.8,15.3,10.9,18.8,6.2,29.8,13.6,8.7,9.7,34.2,26.6,73.3,19.1,11.4,35.8,12.3,3.0,9.5,42.7,2.5,17.0,4.5
29171,MO,Putnam,8.6,34.7,15.2,40.8,80.5,10.7,10.4,8.7,80.4,85.5,17.3,64.0,9.9,17.1,61.7,24.3,13.6,40.0,19.2,12.6,10.0,22.2,10.6,41.1,10.4,9.7,7.6,30.1,31.5,75.2,17.1,18.5,35.0,15.9,4.3,7.7,36.5,4.3,13.9,5.4
29173,MO,Ralls,8.8,35.0,15.2,41.8,80.6,10.5,10.6,8.8,79.8,85.5,18.0,62.2,10.5,18.9,58.6,24.8,14.1,40.7,19.0,13.3,10.9,23.2,10.6,41.1,10.8,10.2,7.8,30.3,32.6,72.8,17.4,19.3,40.1,16.5,4.6,8.1,36.6,4.5,16.1,5.7
29175,MO,Randolph,9.8,30.4,15.7,37.8,76.8,8.7,10.9,7.6,77.3,82.5,19.4,59.8,9.6,19.4,55.9,25.5,12.7,39.2,20.2,15.5,13.0,23.3,9.4,37.6,12.9,10.4,9.3,33.5,31.9,73.0,18.8,17.3,37.7,15.9,4.5,9.7,39.1,4.0,19.3,5.8
29177,MO,Ray,9.1,32.0,15.6,39.8,78.5,9.6,10.7,7.9,78.1,84.3,18.1,61.3,9.6,18.7,59.4,25.0,13.3,38.9,19.7,13.5,10.7,22.4,9.7,39.8,11.4,9.8,8.1,30.8,33.2,69.1,18.0,17.8,39.6,15.9,4.3,8.4,37.6,4.0,19.7,5.4
29179,MO,Reynolds,10.7,36.1,14.3,43.2,80.6,10.4,11.0,10.2,79.1,83.7,20.3,57.1,12.7,21.8,52.3,25.4,15.9,44.6,20.5,17.4,15.0,27.8,12.1,42.1,12.9,12.2,9.8,30.8,36.7,70.6,18.4,22.5,41.2,18.6,5.8,9.9,39.1,5.2,20.9,7.2
29181,MO,Ripley,11.2,34.7,14.8,41.8,79.0,9.6,11.4,9.7,78.7,82.2,21.7,60.6,12.8,23.0,50.5,27.1,15.6,45.4,20.7,19.0,17.7,28.6,11.5,41.0,14.4,12.9,10.8,32.0,37.4,71.5,19.9,22.4,41.3,18.5,5.9,11.3,38.2,5.0,28.9,7.4
29183,MO,St. Charles,6.4,26.3,18.5,31.9,77.2,9.0,10.0,5.6,78.2,86.9,14.1,68.2,5.8,12.2,66.0,22.8,10.3,31.4,16.8,8.4,5.6,15.2,7.1,36.9,8.4,6.7,5.7,28.3,23.2,78.0,15.1,11.7,35.7,11.9,2.7,5.9,39.9,2.8,12.1,3.5
29185,MO,St. Clair,10.2,36.3,13.9,45.0,81.0,11.1,10.8,10.5,79.9,84.7,19.6,64.2,12.5,20.9,55.1,25.2,16.2,44.5,19.6,16.1,14.1,27.2,12.4,42.2,12.2,11.8,9.3,31.5,36.9,72.7,17.9,22.6,37.6,18.5,5.5,9.5,35.0,5.3,21.1,7.0
29186,MO,Ste. Genevieve,8.4,32.4,16.1,39.4,78.6,9.9,10.4,7.9,79.0,85.0,17.2,64.6,9.1,17.1,57.6,24.4,12.5,38.4,19.7,12.1,9.3,21.1,9.7,39.8,10.4,9.2,7.4,30.3,30.2,73.1,17.1,16.9,37.2,15.2,4.0,7.7,37.5,3.9,14.4,5.0
29187,MO,St. Francois,10.5,30.5,16.8,39.2,75.8,8.6,10.8,7.7,77.2,81.7,19.9,60.4,10.1,20.7,55.5,25.9,12.9,40.4,21.7,16.7,13.8,24.5,9.5,37.9,13.7,10.8,9.7,33.3,34.4,72.6,19.3,18.1,40.3,16.6,4.6,10.3,40.0,4.0,14.9,5.9
29189,MO,St. Louis,7.0,28.0,16.1,36.9,79.3,8.5,10.6,6.1,79.5,86.8,14.7,66.9,6.5,13.2,62.6,22.7,11.5,32.9,20.4,11.9,9.2,17.8,7.2,36.5,11.5,8.0,7.5,32.9,25.4,77.0,15.9,13.9,31.3,12.6,3.4,8.5,33.8,3.4,12.0,4.4
29195,MO,Saline,10.7,28.2,16.4,35.3,76.9,8.3,10.5,7.1,77.4,82.1,18.8,60.5,8.2,16.2,58.9,24.6,12.4,39.2,20.4,15.3,11.3,22.1,8.8,37.3,12.7,9.8,9.3,34.1,31.8,74.2,18.0,16.4,37.7,14.8,4.1,8.9,39.3,3.7,17.7,5.6
29197,MO,Schuyler,8.5,31.2,16.2,38.2,78.7,9.7,10.4,7.6,78.2,84.3,17.9,62.3,8.9,17.3,61.5,24.3,12.2,38.4,19.7,12.0,9.0,21.3,9.7,38.9,10.3,9.4,7.4,31.1,31.2,76.5,17.8,16.9,38.8,15.3,3.8,7.4,36.9,3.9,15.3,4.9
29199,MO,Scotland,10.7,31.6,15.3,38.3,77.9,9.7,10.8,8.4,77.8,82.2,19.8,62.3,10.4,19.1,54.5,25.1,12.8,40.4,19.9,14.5,11.6,24.1,10.4,39.2,11.6,11.0,8.6,31.4,33.3,70.7,18.5,18.9,37.1,16.5,4.6,8.3,37.0,4.3,20.6,5.9
29201,MO,Scott,9.8,31.0,14.7,39.8,78.4,9.0,11.0,7.8,79.2,83.5,19.1,60.1,9.9,19.2,55.7,24.6,13.4,39.7,19.8,17.1,14.4,23.6,9.4,39.2,14.3,10.8,9.6,32.0,36.3,69.7,18.2,18.4,38.1,15.9,4.7,10.2,40.3,4.2,20.7,6.0
29203,MO,Shannon,10.1,35.2,14.3,42.5,80.4,10.5,10.9,9.5,79.4,84.5,19.4,63.1,11.7,20.7,51.3,24.9,15.2,42.2,19.9,16.0,13.3,25.7,11.3,41.0,12.2,11.3,9.0,32.2,34.6,74.3,18.1,21.1,37.0,17.6,5.2,9.2,39.6,4.9,24.5,6.5
29205,MO,Shelby,10.0,34.4,14.7,42.6,79.7,10.2,10.8,9.6,78.5,83.2,19.9,61.5,11.8,20.5,55.0,25.2,14.9,43.4,19.8,16.4,14.7,25.8,11.5,40.8,12.6,11.7,9.5,31.1,34.9,70.6,18.4,20.9,40.3,17.6,5.3,9.8,37.3,4.8,23.6,6.7
29207,MO,Stoddard,10.8,34.8,15.0,40.2,77.8,9.6,10.9,8.8,77.0,82.6,20.4,60.9,11.4,21.6,50.5,26.1,14.2,43.9,20.0,17.0,14.4,26.8,10.9,38.9,12.9,11.9,9.5,32.7,35.2,71.0,19.0,20.7,37.6,17.5,5.2,9.8,40.5,4.6,25.9,6.6
29209,MO,Stone,8.4,38.3,12.8,45.5,83.4,12.3,10.4,10.2,82.0,87.8,16.6,67.7,11.3,17.3,59.0,23.5,15.6,40.7,18.2,12.3,10.2,24.0,12.1,44.8,9.7,10.1,7.3,29.5,32.9,70.4,15.9,20.8,41.1,16.9,4.8,7.4,36.2,5.0,15.0,5.9
29211,MO,Sullivan,13.2,33.1,14.8,41.1,79.6,9.5,10.4,8.9,78.8,83.8,19.3,59.8,10.3,18.7,53.1,24.0,15.1,41.3,20.6,17.2,13.3,25.9,10.7,40.6,13.9,10.8,9.5,31.3,35.4,69.7,17.7,20.1,40.1,17.1,5.0,9.7,39.4,4.5,20.2,6.7
29213,MO,Taney,9.5,32.4,14.8,39.4,79.2,10.0,10.7,8.3,78.8,84.4,17.9,63.2,9.5,16.8,56.1,24.3,13.3,39.8,19.0,13.8,10.9,22.3,10.0,39.4,11.2,10.0,8.3,30.4,31.0,74.4,17.5,18.5,35.7,15.9,4.3,8.3,36.6,4.2,16.3,5.6
29215,MO,Texas,11.2,34.2,14.5,43.8,79.0,9.7,10.9,9.6,78.9,82.4,20.8,61.0,12.2,21.7,54.5,25.5,15.8,44.8,20.4,18.5,16.7,27.9,11.5,40.7,14.1,12.3,10.7,30.6,36.5,67.0,19.1,21.9,42.1,18.1,5.7,11.1,39.2,4.9,19.0,7.2
29217,MO,Vernon,10.1,33.4,15.3,40.5,79.0,9.7,11.1,9.0,78.7,82.9,20.2,59.2,11.3,20.5,55.0,26.6,14.3,43.0,19.8,16.6,14.3,25.7,10.9,40.7,12.8,11.6,9.7,31.5,34.4,69.5,19.0,20.4,37.8,17.4,5.2,9.8,37.9,4.6,23.6,6.6
29219,MO,Warren,8.9,30.8,16.4,37.8,77.3,9.2,10.5,7.3,77.9,84.4,17.5,62.5,8.7,17.1,59.0,24.9,12.3,36.7,20.1,12.7,9.6,21.2,9.0,38.7,11.0,9.2,7.7,30.6,31.1,73.9,17.8,16.2,39.0,15.1,3.9,7.8,36.7,3.7,18.6,4.9
29221,MO,Washington,11.0,32.7,15.3,41.0,78.1,9.0,11.2,8.8,77.8,81.7,21.2,59.2,11.9,22.9,53.2,26.4,14.8,42.8,20.7,18.6,16.6,27.1,10.4,39.5,14.5,12.1,10.5,31.6,35.3,68.2,19.8,20.6,41.9,17.8,5.5,11.2,41.4,4.6,26.7,6.9
29223,MO,Wayne,11.4,37.7,13.5,45.4,81.0,10.7,11.3,11.1,79.2,83.4,21.3,59.8,14.3,23.9,53.4,25.8,17.4,45.6,20.6,19.7,18.1,30.1,12.8,42.6,14.1,13.5,10.8,30.3,39.1,68.5,19.1,24.6,41.5,20.0,6.5,11.0,39.8,5.7,24.7,8.1
29225,MO,Webster,9.7,29.2,16.5,37.1,76.6,8.6,10.8,7.4,77.3,82.4,19.2,60.2,9.4,19.4,58.9,26.1,12.2,38.6,20.5,14.7,11.9,23.0,9.0,37.5,12.3,10.2,8.8,31.8,31.1,74.4,19.0,17.0,41.7,15.8,4.3,9.1,37.3,3.8,19.6,5.5
29227,MO,Worth,9.3,36.7,13.8,43.8,81.4,11.2,10.6,9.9,80.0,85.1,18.5,64.8,11.7,19.2,57.0,24.5,15.5,42.5,19.3,14.6,12.5,25.2,11.8,42.2,11.2,11.2,8.5,30.0,35.1,72.2,17.5,21.3,40.2,17.3,5.1,8.6,39.2,5.0,20.7,6.4
29229,MO,Wright,11.5,34.1,14.5,41.3,79.1,9.6,11.2,9.5,78.6,81.9,21.5,59.9,12.6,23.0,53.6,26.6,15.5,44.6,20.7,19.4,17.8,28.2,11.4,40.5,14.5,12.8,10.9,31.0,38.2,71.7,19.8,22.0,42.2,18.6,5.8,11.3,39.6,5.0,32.2,7.4
29510,MO,St. Louis,9.2,25.6,17.1,37.5,74.8,6.5,11.7,6.1,80.5,84.2,18.3,64.7,7.4,16.5,55.8,23.9,13.3,35.5,24.8,19.6,16.9,22.3,6.7,33.7,17.8,10.2,11.4,35.6,27.0,80.5,18.2,16.1,37.0,13.7,4.7,13.9,37.1,3.9,16.8,6.1
30001,MT,Beaverhead,9.5,29.5,19.3,34.0,75.2,9.8,10.9,7.4,72.8,82.0,14.3,65.7,7.5,13.1,63.1,24.3,10.5,32.1,20.8,11.5,8.2,18.4,9.4,34.7,8.7,8.2,7.4,29.9,21.0,74.7,16.9,13.6,28.3,14.0,3.7,6.3,29.7,3.8,11.2,4.8
30003,MT,Big Horn,14.1,27.7,17.4,35.6,72.5,7.2,14.1,8.3,70.2,77.2,20.6,54.3,10.0,24.7,50.5,25.2,15.1,39.6,27.8,29.2,22.7,29.3,11.1,31.1,20.7,13.4,18.1,37.4,28.3,66.0,22.2,19.3,35.5,19.1,6.1,16.1,36.2,5.0,28.3,9.5
30005,MT,Blaine,11.9,30.2,18.3,36.9,74.2,8.4,13.2,8.3,70.7,79.8,18.1,55.6,9.3,20.8,54.9,24.3,14.3,39.6,26.4,22.6,16.6,26.1,11.1,33.8,16.0,11.5,13.7,33.5,27.6,68.4,19.8,18.3,41.1,18.1,5.2,12.1,31.7,4.7,23.2,7.6
30007,MT,Broadwater,9.2,30.1,19.6,35.3,75.7,10.3,10.9,7.2,72.5,84.5,13.6,62.5,7.5,13.9,59.4,23.1,10.4,30.8,20.8,10.3,7.1,18.1,9.1,34.9,8.3,7.6,6.5,29.1,21.6,73.4,16.3,13.4,30.7,14.2,3.6,5.8,30.2,3.7,11.2,4.4
30009,MT,Carbon,8.5,33.9,18.6,40.1,77.1,11.4,10.9,8.0,74.9,86.1,12.9,64.6,8.0,13.4,65.6,22.8,11.8,31.6,20.9,9.9,7.0,18.9,9.9,36.6,7.7,7.7,6.3,29.3,22.2,73.7,15.3,14.5,33.0,14.6,3.7,5.6,31.6,4.1,12.5,4.6
30011,MT,Carter,9.5,34.2,17.5,39.9,78.9,11.9,11.1,9.2,74.7,85.1,14.4,66.0,9.5,15.0,61.6,23.2,12.3,34.6,20.9,11.6,8.8,21.3,11.5,38.1,8.5,9.2,7.1,28.3,24.9,74.7,16.3,17.2,32.9,16.1,4.5,6.3,30.2,4.7,12.3,5.5
30013,MT,Cascade,10.0,31.0,20.0,33.9,74.5,9.2,12.3,6.7,74.1,81.9,15.5,63.5,7.5,14.4,62.3,27.1,10.4,34.5,22.4,12.8,9.0,20.3,9.2,34.5,9.5,8.5,7.8,33.5,23.5,76.2,18.8,14.2,35.3,15.1,3.6,6.9,35.1,3.6,14.2,4.9
30015,MT,Chouteau,10.3,31.4,18.4,37.5,76.4,9.9,11.8,7.9,73.6,82.8,15.2,61.3,8.5,16.6,59.4,23.8,12.2,34.5,23.3,14.8,10.3,21.3,10.2,35.8,11.0,9.2,8.9,33.0,24.3,73.7,17.8,15.6,35.6,16.0,4.2,7.8,33.9,4.2,12.8,5.6
30017,MT,Custer,9.1,29.9,20.4,33.7,74.6,9.6,11.0,6.8,72.2,82.6,14.3,64.5,7.4,14.5,62.7,24.0,10.5,32.0,21.0,11.6,8.3,18.5,8.9,32.9,9.0,8.1,7.2,30.3,23.6,75.7,16.9,13.2,32.6,14.1,3.6,6.6,32.0,3.6,9.2,4.6
30019,MT,Daniels,9.1,32.1,18.7,36.5,77.5,11.2,10.8,8.1,73.9,84.8,13.6,64.6,7.9,13.3,62.8,22.5,11.2,32.1,20.5,10.5,7.3,18.7,10.3,35.8,8.1,8.1,6.7,29.0,22.6,72.9,15.9,14.6,33.5,14.6,3.7,5.8,30.9,4.1,11.5,4.7
30021,MT,Dawson,9.0,28.8,20.4,33.2,74.2,9.8,10.8,6.8,70.6,83.3,13.9,66.1,7.0,13.5,61.8,23.2,10.1,29.9,21.1,10.2,6.9,17.6,8.6,32.8,8.3,7.7,6.7,30.5,22.5,74.2,16.8,13.0,32.8,13.9,3.4,5.9,33.2,3.5,11.5,4.3
30023,MT,Deer Lodge,10.7,32.7,18.8,38.1,76.7,10.5,11.3,8.8,72.6,82.6,15.8,62.0,9.8,17.0,62.1,24.2,12.9,34.9,21.6,14.1,11.0,22.4,10.7,35.3,10.3,9.6,8.4,28.7,25.2,71.3,17.3,16.8,32.4,16.6,4.7,7.7,33.8,4.6,19.1,5.9
30025,MT,Fallon,9.1,29.2,20.3,32.7,74.7,9.6,11.1,6.8,70.6,82.5,14.5,64.0,7.4,14.3,64.7,23.8,10.2,31.4,21.7,11.1,7.9,18.5,8.8,33.2,8.8,8.1,7.0,29.9,23.3,77.2,17.6,13.5,31.4,14.2,3.6,6.3,32.8,3.6,9.4,4.5
30027,MT,Fergus,9.4,30.9,18.7,37.3,76.6,10.7,11.1,8.0,73.8,83.9,14.2,65.9,8.5,14.6,63.6,23.1,11.4,32.9,21.0,11.8,8.8,19.5,10.2,34.6,9.0,8.6,7.1,29.5,23.8,76.5,16.4,15.1,31.2,15.1,4.0,6.6,29.0,4.2,14.5,5.0
30029,MT,Flathead,9.0,28.7,20.1,31.1,73.6,10.0,10.7,6.5,71.1,83.4,13.3,64.5,7.0,12.8,63.7,23.7,9.3,30.2,20.8,10.1,7.0,17.7,8.5,33.1,8.5,7.4,6.6,28.8,19.3,72.2,15.8,12.2,31.2,13.6,3.3,5.9,30.7,3.4,12.3,4.1
30031,MT,Gallatin,8.3,21.5,23.7,23.7,67.3,7.2,10.7,4.3,68.0,79.9,12.9,64.4,4.5,9.7,66.3,22.8,6.7,24.0,19.0,8.5,5.5,13.0,6.0,27.4,7.3,6.2,6.4,31.2,13.9,72.1,16.7,7.9,23.0,10.8,2.4,5.2,28.4,2.3,10.1,3.2
30033,MT,Garfield,9.3,32.3,18.7,36.6,77.1,11.0,11.1,8.3,73.5,84.0,14.4,58.9,8.6,14.8,61.1,24.2,11.5,33.1,21.2,11.4,8.5,20.0,10.4,35.4,8.7,8.8,7.1,29.5,24.6,73.7,16.9,15.4,30.6,15.3,4.1,6.4,30.9,4.3,13.0,5.1
30035,MT,Glacier,14.3,29.3,18.3,36.2,71.3,7.0,14.6,8.5,68.7,76.3,22.0,53.4,10.8,26.5,42.4,25.8,15.5,42.9,27.5,32.0,26.3,31.3,11.5,31.0,21.8,14.4,19.7,35.8,32.2,67.7,23.2,21.4,39.7,20.7,6.6,17.3,39.8,5.3,24.6,10.2
30037,MT,Golden Valley,11.0,38.3,15.3,43.3,80.1,12.5,11.3,10.6,76.3,85.7,15.1,67.4,11.1,16.1,55.5,23.0,14.7,38.5,21.5,13.9,10.8,24.3,12.8,39.1,9.5,10.3,8.0,29.4,28.0,75.2,16.3,19.9,32.5,17.8,5.2,7.0,31.9,5.4,12.3,6.5
30039,MT,Granite,9.7,34.0,17.8,39.4,78.6,11.8,10.9,9.0,75.0,85.1,13.8,66.6,9.0,14.3,62.5,22.1,12.3,33.3,20.8,11.4,8.4,20.6,11.1,36.9,8.3,8.6,6.9,28.7,24.2,74.6,15.6,16.3,30.4,15.6,4.3,6.0,31.1,4.6,16.1,5.3
30041,MT,Hill,11.5,28.6,21.1,36.3,72.5,8.3,12.2,7.5,71.6,79.1,17.6,59.5,8.5,18.2,59.8,26.2,12.1,34.9,25.8,18.2,14.0,23.2,9.5,34.0,13.3,10.2,11.3,37.0,25.3,68.3,20.2,15.5,38.5,16.6,4.5,10.1,35.1,4.0,15.3,6.3
30043,MT,Jefferson,8.1,30.6,19.2,33.4,75.5,10.5,10.9,6.7,73.2,85.5,12.8,66.6,7.0,12.7,67.3,22.7,10.3,28.7,20.7,9.3,6.1,17.2,8.5,34.1,7.5,7.1,5.9,26.8,21.3,72.8,15.4,12.8,32.8,13.6,3.3,5.3,30.2,3.5,8.8,4.0
30045,MT,Judith Basin,9.3,35.2,16.9,39.9,78.5,11.6,11.0,9.2,74.9,84.9,14.3,63.0,9.4,14.9,62.6,23.3,12.9,34.5,20.0,12.1,9.4,21.1,11.3,37.4,8.7,9.1,7.4,28.9,25.0,72.6,16.1,16.9,31.5,15.9,4.6,6.6,30.2,4.7,12.1,5.6
30047,MT,Lake,10.2,32.8,18.1,36.4,76.0,10.3,12.0,8.3,74.9,83.3,15.0,61.7,8.8,15.5,57.5,24.9,12.2,33.7,21.7,15.0,11.0,21.4,10.4,33.5,11.2,9.5,9.5,30.6,23.7,73.6,17.5,16.5,33.0,16.0,4.6,8.3,32.1,4.5,16.7,6.0
30049,MT,Lewis and Clark,8.1,30.8,19.6,30.6,74.4,9.7,11.2,6.0,74.7,84.5,13.0,65.1,6.3,12.0,70.2,25.8,9.3,29.5,19.6,9.5,6.5,16.4,8.0,33.5,7.5,7.0,6.2,29.1,18.3,77.0,16.6,12.4,31.0,13.4,3.1,5.5,27.8,3.2,10.0,3.9
30051,MT,Liberty,11.8,34.6,17.1,39.4,77.2,10.8,11.9,9.6,73.3,81.8,17.2,57.4,10.9,17.7,48.9,24.9,13.1,38.3,21.7,16.6,14.2,25.0,11.7,36.2,11.3,11.4,9.6,31.2,27.9,69.8,18.2,19.3,34.0,17.7,5.5,8.6,35.8,5.1,25.2,6.9
30053,MT,Lincoln,10.7,38.2,17.2,42.6,78.4,11.7,11.4,9.9,76.0,84.6,15.5,65.3,10.7,16.7,56.6,24.5,14.0,36.8,21.0,13.7,11.3,23.4,11.9,38.5,9.7,10.0,8.1,27.0,27.0,71.6,16.9,18.6,37.8,17.5,5.1,7.3,34.2,5.1,16.0,6.2
30055,MT,McCone,8.4,32.9,18.4,38.1,77.4,11.8,10.7,8.1,74.0,85.7,13.1,66.9,7.8,12.7,66.0,22.1,11.1,32.1,20.6,9.2,6.2,18.3,10.3,37.2,7.3,7.7,6.0,28.3,22.6,75.6,15.5,14.7,32.4,14.5,3.6,5.1,30.5,4.1,7.4,4.4
30057,MT,Madison,8.7,32.8,18.7,35.8,78.0,11.6,10.5,7.7,74.4,86.4,12.3,68.8,7.3,12.2,65.8,21.6,10.6,29.9,20.5,9.0,6.1,17.4,9.6,36.4,7.3,7.2,5.8,28.3,19.4,73.4,15.0,13.5,28.7,13.8,3.4,5.0,28.6,3.8,7.6,4.2
30059,MT,Meagher,8.8,35.1,16.8,39.0,79.5,12.5,10.8,9.1,76.3,86.3,13.1,65.0,8.9,13.3,67.0,22.4,12.5,33.7,20.2,10.3,7.5,19.6,11.1,37.7,7.6,8.3,6.3,27.8,23.7,75.0,15.0,16.3,32.3,15.3,4.1,5.6,29.0,4.6,11.8,5.0
30061,MT,Mineral,9.7,35.0,17.2,39.3,78.7,11.6,11.1,9.1,74.4,85.4,14.3,65.8,9.3,15.0,61.7,23.4,12.8,34.9,20.8,12.4,9.4,21.1,11.0,38.3,9.0,8.9,7.3,28.0,25.0,74.3,16.0,17.1,36.0,16.0,4.4,6.6,32.5,4.6,12.1,5.5
30063,MT,Missoula,8.5,22.7,23.4,26.3,70.8,8.0,10.7,5.2,70.7,80.7,13.4,66.0,5.4,11.5,66.0,26.6,8.3,26.2,20.8,9.8,6.8,15.3,7.1,31.3,8.5,7.0,6.7,31.3,16.5,77.8,17.6,9.7,26.2,11.9,2.8,5.8,27.1,2.8,7.7,3.8
30065,MT,Musselshell,10.4,33.3,17.6,38.8,77.8,11.0,11.2,8.6,73.9,84.4,14.7,59.7,9.2,15.4,60.5,23.3,12.7,33.9,21.4,12.9,9.5,21.5,10.5,36.3,9.3,9.0,7.6,29.1,26.7,71.6,16.5,16.4,35.6,16.1,4.4,6.7,33.1,4.5,19.7,5.5
30067,MT,Park,8.2,29.7,18.5,34.0,76.1,10.5,10.7,7.3,72.9,84.9,13.1,62.5,7.6,13.5,64.4,22.5,10.5,30.6,19.4,10.1,7.5,18.0,9.2,34.2,8.0,7.7,6.5,27.2,22.2,75.1,15.8,13.8,30.4,14.2,3.6,6.0,29.2,3.7,12.0,4.5
30069,MT,Petroleum,8.5,34.6,17.2,39.6,78.8,12.1,10.5,9.0,75.0,86.6,13.0,68.5,8.6,13.9,64.0,21.4,12.4,33.0,20.5,10.1,7.2,19.5,11.3,37.6,7.6,8.2,6.3,28.2,23.8,72.6,14.9,16.0,32.9,15.2,4.0,5.5,30.6,4.5,15.7,5.0
30071,MT,Phillips,9.3,31.6,18.9,35.8,77.4,10.6,11.2,8.2,73.5,83.8,14.8,66.3,8.6,15.1,62.2,23.9,12.0,32.8,21.5,12.3,9.1,20.3,10.3,36.0,9.6,8.9,7.8,29.5,24.8,71.0,17.1,15.5,38.8,15.4,4.2,6.8,34.2,4.3,16.4,5.3
30073,MT,Pondera,11.7,33.4,18.4,37.6,76.8,10.0,12.3,8.9,72.0,81.6,17.4,62.9,10.3,19.1,59.3,25.0,13.6,37.9,22.7,18.2,14.0,25.0,11.1,35.1,12.7,11.1,10.5,32.0,29.1,70.3,18.8,18.7,37.2,17.7,5.3,9.2,32.6,4.9,19.1,6.8
30075,MT,Powder River,9.2,34.1,17.1,37.1,78.5,11.9,10.7,8.4,74.9,86.0,13.2,66.1,8.3,13.3,59.5,21.7,11.9,33.2,20.7,10.1,6.9,19.0,10.5,37.7,7.6,7.9,6.3,28.5,22.2,76.4,15.3,15.2,30.4,14.9,3.8,5.3,32.1,4.2,13.4,4.7
30077,MT,Powell,11.2,29.7,20.8,35.0,72.9,9.1,10.4,7.6,70.6,80.7,15.1,61.5,8.1,16.9,57.3,22.2,11.3,34.1,23.5,13.3,9.3,20.7,9.8,34.5,10.2,8.4,8.2,29.7,25.1,72.8,17.0,14.5,35.8,15.1,4.0,7.2,34.4,3.9,15.9,5.1
30079,MT,Prairie,12.2,40.4,14.0,44.8,82.0,13.5,11.2,12.3,76.8,86.1,15.5,60.4,12.8,17.5,51.6,22.2,16.2,40.6,21.0,15.2,12.8,26.4,14.6,40.1,10.0,11.2,8.6,27.7,30.9,68.5,16.0,22.2,33.5,18.9,6.0,7.7,31.2,6.3,26.7,7.5
30081,MT,Ravalli,9.1,32.9,18.7,34.3,76.2,11.2,10.5,7.5,73.9,85.7,13.2,66.4,7.6,12.7,66.4,22.3,10.4,33.5,20.6,9.6,6.7,18.3,9.5,35.8,7.5,7.6,6.1,29.8,20.4,74.3,15.3,14.6,31.9,14.7,3.5,5.3,30.8,3.8,12.4,4.4
30083,MT,Richland,9.3,26.1,21.8,31.3,72.5,9.0,10.7,6.2,70.2,82.4,13.8,60.9,6.4,13.8,63.3,22.9,9.2,28.9,21.0,10.1,6.8,17.1,8.0,31.6,8.6,7.3,6.7,28.6,23.3,74.2,16.7,11.7,37.9,13.4,3.2,5.9,32.4,3.2,12.5,4.0
30085,MT,Roosevelt,12.9,28.5,18.1,36.0,71.0,7.0,14.2,7.5,68.9,76.2,21.1,54.1,9.6,23.4,46.6,26.9,14.1,41.9,27.0,27.9,21.9,28.3,10.5,32.0,19.9,13.0,17.3,35.3,29.4,66.7,22.5,18.2,41.0,18.9,5.7,15.6,42.1,4.6,20.7,8.7
30087,MT,Rosebud,12.2,31.2,18.4,39.4,73.8,8.7,12.9,8.2,71.0,79.6,18.2,57.7,9.5,20.2,52.3,24.6,13.6,38.6,25.6,21.9,16.3,25.3,10.7,32.4,15.0,11.2,12.9,34.7,27.4,73.3,20.2,17.7,39.5,17.5,5.2,11.2,35.5,4.6,18.4,7.3
30089,MT,Sanders,10.5,36.4,16.5,40.4,79.6,12.0,11.0,10.2,73.5,85.0,15.0,60.8,10.8,16.6,60.5,23.0,13.7,37.0,20.9,13.6,10.8,23.4,12.2,38.0,9.3,9.9,8.0,28.1,26.2,70.9,16.3,18.9,34.9,17.4,5.1,7.1,32.1,5.2,19.5,6.3
30091,MT,Sheridan,9.9,32.1,18.7,37.5,76.9,10.6,11.1,7.9,73.9,84.3,14.2,65.8,8.3,14.7,67.6,23.5,11.5,32.4,21.4,11.7,8.4,19.9,10.0,36.5,8.9,8.5,7.1,29.9,23.7,72.7,16.4,15.1,35.5,15.1,4.0,6.3,28.5,4.1,18.1,5.0
30093,MT,Silver Bow,10.0,27.9,20.2,32.5,74.4,8.9,11.1,6.8,71.4,81.0,15.5,62.2,7.6,14.1,64.0,25.1,10.2,32.6,21.1,13.1,9.3,20.0,8.6,32.1,9.6,8.6,7.9,30.4,22.0,73.9,18.5,14.0,32.3,14.9,3.8,6.9,31.9,3.6,10.8,4.9
30095,MT,Stillwater,8.7,32.0,18.3,35.1,76.3,10.8,10.8,7.3,73.9,85.3,13.0,66.4,7.5,12.9,68.6,22.6,10.8,29.9,20.4,9.5,6.4,17.7,9.2,35.9,7.6,7.5,6.0,27.5,21.0,73.2,15.4,13.4,30.2,13.9,3.5,5.2,31.7,3.8,6.9,4.3
30097,MT,Sweet Grass,8.6,32.4,18.1,36.1,77.9,11.3,10.7,7.9,73.9,85.5,13.2,67.2,7.7,13.0,67.9,22.7,10.9,32.5,21.1,9.7,6.5,17.8,10.1,35.8,7.6,7.7,6.2,29.2,22.0,76.8,15.6,14.3,29.4,14.4,3.6,5.4,29.8,4.0,11.1,4.5
30099,MT,Teton,9.5,31.0,18.3,35.0,76.0,10.5,11.1,7.8,72.1,83.4,14.8,60.1,8.1,14.1,63.1,23.5,11.0,34.1,22.1,11.5,8.3,19.5,10.0,36.1,8.8,8.6,7.2,30.1,24.0,67.5,17.0,15.1,30.9,14.8,3.9,6.2,28.5,4.1,17.7,5.0
30101,MT,Toole,13.2,27.9,21.5,34.1,71.2,8.2,11.0,7.5,68.0,78.0,17.1,57.5,8.8,19.3,55.1,23.2,11.5,35.1,24.5,16.9,13.4,23.0,9.6,33.1,12.4,9.8,10.0,31.8,26.7,74.8,18.8,15.6,35.6,15.7,4.6,9.2,31.3,4.0,18.0,6.1
30103,MT,Treasure,9.0,34.8,16.8,40.0,79.5,12.4,10.6,9.2,75.8,86.3,13.0,68.8,8.7,13.1,64.6,21.6,12.5,33.6,19.9,10.4,7.4,19.6,11.5,37.0,7.7,8.2,6.5,27.7,23.6,76.8,14.8,16.2,33.2,15.1,4.0,5.6,28.2,4.6,10.0,5.1
30105,MT,Valley,9.3,33.4,18.6,39.3,76.8,10.9,11.3,8.2,74.0,84.0,14.5,62.8,8.4,14.1,63.4,23.2,11.6,33.9,21.0,12.2,8.7,20.3,10.6,36.5,9.3,8.9,7.7,29.8,24.6,69.7,17.0,15.7,32.7,15.7,4.1,6.7,31.6,4.3,12.1,5.3
30107,MT,Wheatland,11.7,34.4,17.5,38.9,77.3,10.6,11.5,9.1,72.8,82.4,16.2,61.2,10.0,17.0,56.8,24.6,13.0,37.0,22.2,15.2,11.6,23.5,11.1,36.7,10.5,10.1,8.7,30.2,26.8,72.0,17.7,17.8,32.0,16.9,4.9,7.8,32.0,4.7,21.5,6.2
30109,MT,Wibaux,9.3,32.1,17.8,37.2,77.3,10.9,11.0,8.2,73.5,84.1,14.5,61.1,8.4,14.4,59.3,23.6,11.6,33.8,20.9,11.8,8.5,20.0,10.3,35.9,8.7,8.8,7.2,29.4,24.1,69.1,16.7,15.6,32.5,15.2,4.1,6.4,32.4,4.2,12.2,5.2
30111,MT,Yellowstone,9.0,27.3,20.1,31.7,72.7,9.1,10.7,6.0,74.8,83.2,14.7,63.8,6.4,13.9,62.0,27.3,9.5,31.3,22.0,11.4,7.6,18.2,8.0,32.0,9.1,7.8,7.2,31.4,20.8,80.0,17.6,12.3,34.0,13.6,3.3,6.2,34.7,3.2,11.4,4.2
31001,NE,Adams,9.8,26.8,20.0,35.6,78.7,9.1,9.2,7.1,77.3,83.7,12.3,59.5,7.0,13.6,65.4,19.7,11.8,29.1,20.5,12.4,8.8,17.8,8.2,33.7,9.1,7.3,6.7,28.6,26.9,73.7,14.0,13.6,41.2,12.4,3.4,6.3,29.2,3.4,10.1,4.6
31003,NE,Antelope,8.7,30.1,19.4,38.7,82.2,10.8,9.2,8.2,78.3,85.2,11.9,66.9,8.1,14.4,65.7,16.6,12.9,30.7,19.9,11.0,8.1,17.3,9.9,36.7,8.1,7.6,6.0,28.0,28.5,74.6,13.4,15.1,42.4,13.1,3.7,5.6,28.3,4.0,13.3,4.7
31005,NE,Arthur,7.3,28.2,18.8,37.3,80.8,10.5,9.3,8.0,77.3,84.9,11.8,61.6,7.5,13.6,64.1,17.5,12.1,29.8,18.6,10.5,8.1,16.6,9.6,35.4,7.7,7.5,6.1,27.8,26.6,74.5,13.7,14.1,41.7,12.6,3.6,5.9,29.2,3.9,11.9,4.6
31007,NE,Banner,8.9,30.5,17.2,39.2,83.1,11.4,9.1,8.2,79.3,88.0,10.7,67.2,7.5,12.8,69.0,16.3,13.1,29.3,18.6,10.4,7.3,16.8,9.4,38.3,7.7,6.8,5.5,27.1,27.2,77.7,12.3,14.5,38.5,12.9,3.6,5.3,28.6,3.9,10.2,4.5
31009,NE,Blaine,7.9,30.6,18.0,39.7,82.1,10.7,9.4,8.3,77.5,86.3,12.0,65.0,8.1,15.1,61.1,17.4,13.3,31.0,19.7,11.6,8.9,18.0,9.6,38.4,8.3,7.7,6.2,28.7,29.2,73.5,13.7,15.3,39.3,13.5,3.9,6.0,32.6,4.0,9.8,4.9
31011,NE,Boone,9.2,30.1,18.8,37.4,81.8,10.7,8.9,8.2,77.4,85.4,12.0,62.9,8.0,14.8,63.6,16.8,12.7,29.7,19.9,11.4,8.6,17.3,9.8,37.7,8.3,7.7,6.2,27.4,29.4,73.9,13.2,14.9,33.1,13.1,3.8,5.9,28.2,4.1,11.9,4.9
31013,NE,Box Butte,10.8,27.7,17.6,36.6,80.3,9.4,9.2,7.7,75.5,84.2,12.8,62.7,7.6,14.8,62.9,16.8,13.0,30.6,21.0,13.6,9.7,19.0,9.1,35.0,10.0,7.9,7.2,29.6,30.4,74.4,14.1,14.6,38.8,13.5,3.8,6.9,30.1,3.8,14.2,5.1
31015,NE,Boyd,8.4,33.2,16.8,43.0,84.5,12.2,9.0,9.8,79.6,86.6,11.8,65.2,9.3,14.7,64.3,16.0,14.8,34.2,19.5,11.5,8.7,19.2,11.5,38.7,7.7,8.2,6.2,28.0,30.5,73.8,12.8,17.5,37.9,14.2,4.2,5.7,27.9,4.8,12.4,5.4
31017,NE,Brown,10.0,30.1,18.0,39.3,81.5,10.8,9.3,8.5,77.0,84.9,12.5,63.3,8.4,14.7,64.3,17.0,13.2,31.5,20.3,12.7,9.3,18.6,10.1,36.6,8.9,8.2,6.7,28.0,29.2,73.4,13.7,15.8,40.2,13.8,4.0,6.3,31.4,4.2,13.0,5.3
31019,NE,Buffalo,9.2,23.0,21.1,32.0,76.6,8.1,9.2,5.9,74.9,81.7,12.3,58.9,5.8,12.2,58.4,18.1,9.6,26.1,20.5,11.7,7.8,15.2,7.2,31.6,8.7,6.9,6.6,29.6,23.7,73.1,14.7,10.9,37.3,11.6,3.0,6.0,32.6,2.9,9.4,4.1
31021,NE,Burt,8.7,28.7,18.1,39.9,81.9,10.6,9.2,8.3,77.6,85.2,12.2,64.2,8.1,15.2,63.6,17.2,13.1,31.5,19.9,12.0,9.0,17.8,10.0,36.3,8.6,7.8,6.4,29.4,29.1,75.9,13.7,15.2,40.3,13.2,3.9,6.2,32.6,4.1,14.1,5.0
31023,NE,Butler,8.8,27.0,20.5,34.8,80.0,9.7,9.2,7.1,76.4,84.9,11.6,61.2,7.0,14.1,66.9,16.3,11.3,27.4,19.9,10.8,7.4,16.6,8.4,34.2,8.2,7.0,5.9,28.4,27.3,71.0,13.5,12.8,38.6,12.3,3.3,5.5,29.9,3.5,16.3,4.3
31025,NE,Cass,7.5,25.7,20.3,34.5,79.9,9.4,9.2,6.4,77.9,85.6,11.0,66.0,6.2,13.0,66.0,18.2,10.8,26.5,19.1,9.6,6.6,14.5,7.8,33.4,7.6,6.4,5.5,27.4,25.2,74.7,13.4,11.8,40.2,11.7,3.0,5.3,28.9,3.2,11.5,3.8
31027,NE,Cedar,7.5,27.6,18.9,35.5,82.0,10.4,9.0,7.3,76.4,85.6,11.0,63.6,6.9,12.5,66.0,15.9,11.3,28.6,19.0,9.5,6.5,15.5,9.0,34.6,7.2,6.7,5.4,27.6,25.4,80.3,13.0,13.0,40.2,11.8,3.2,5.0,28.4,3.6,11.2,4.1
31029,NE,Chase,11.2,28.7,18.1,36.8,81.4,10.4,9.1,8.1,76.6,85.2,12.1,57.3,7.7,14.0,61.9,16.3,12.7,31.0,19.8,12.6,8.8,17.9,9.8,36.5,9.2,7.8,6.6,28.5,30.0,74.8,13.1,15.1,36.9,13.1,3.9,6.3,30.4,4.0,15.1,5.2
31031,NE,Cherry,8.6,29.1,18.2,37.5,80.8,10.2,9.5,8.2,76.1,84.7,12.4,59.6,8.1,15.4,57.8,17.1,13.1,31.7,20.7,12.4,9.5,18.1,9.9,35.8,9.0,8.0,6.9,28.3,28.4,73.0,14.0,15.1,40.8,13.6,3.9,6.8,33.0,4.1,11.9,5.1
31033,NE,Cheyenne,9.6,28.1,18.4,37.5,81.1,9.9,9.3,7.9,76.3,84.3,12.5,62.5,8.0,15.1,61.8,17.1,12.9,31.1,20.6,12.7,9.5,18.1,9.4,35.4,9.2,7.9,6.7,29.3,29.9,73.3,14.1,15.0,34.7,13.5,3.9,6.6,33.9,4.0,11.3,5.1
31035,NE,Clay,9.6,27.2,19.5,35.5,80.2,9.7,9.2,7.3,76.5,84.6,12.1,60.0,7.2,14.9,61.8,16.9,11.8,29.4,19.7,11.7,8.4,17.1,8.7,35.8,8.9,7.2,6.3,28.6,27.6,74.4,13.7,13.5,40.1,12.8,3.5,6.1,29.9,3.6,11.0,4.6
31037,NE,Colfax,19.8,22.0,18.6,32.1,77.5,7.0,8.5,6.6,72.5,81.3,13.7,56.4,6.5,14.4,56.8,14.1,13.2,30.3,24.1,19.0,12.1,20.8,8.0,33.7,14.5,7.9,9.1,31.1,32.3,74.9,13.5,14.4,38.8,13.3,4.2,8.6,32.9,3.5,19.2,6.2
31039,NE,Cuming,10.1,27.6,19.3,37.5,80.9,10.0,8.9,7.7,77.0,84.7,12.1,61.0,7.3,13.5,62.3,16.7,12.1,30.8,20.3,12.1,8.3,17.5,9.2,36.5,8.9,7.6,6.3,30.3,28.4,78.2,13.5,14.6,40.4,12.8,3.6,5.9,29.3,3.8,7.4,4.8
31041,NE,Custer,8.3,28.0,19.0,37.9,81.2,10.3,9.2,7.7,77.0,85.0,11.9,62.1,7.5,14.1,62.3,16.6,12.2,28.7,19.7,10.8,8.0,16.2,9.2,34.3,8.2,7.4,6.0,29.2,28.3,71.9,13.6,13.6,40.0,12.4,3.5,5.8,31.7,3.8,10.3,4.6
31043,NE,Dakota,17.5,21.6,18.2,31.7,76.4,6.6,8.9,6.3,74.7,81.2,13.7,57.4,6.3,14.7,55.4,15.9,12.8,31.8,26.6,19.3,12.6,20.3,7.8,33.5,14.7,7.7,9.2,33.0,32.9,71.7,14.3,14.0,44.3,12.7,4.0,8.9,34.0,3.3,15.7,6.0
31045,NE,Dawes,7.8,24.6,20.3,32.2,78.3,8.7,9.4,6.5,74.5,81.4,12.5,60.1,6.3,12.3,64.1,18.2,10.6,30.0,19.7,11.2,7.9,15.9,8.2,31.3,8.2,7.3,6.7,30.3,25.7,72.8,14.7,12.4,35.5,11.7,3.1,5.8,32.7,3.2,10.2,4.4
31047,NE,Dawson,18.0,23.9,18.1,35.0,78.2,7.5,8.7,7.0,73.3,81.7,13.6,57.3,6.9,15.0,56.4,15.4,13.5,30.6,24.0,18.9,12.5,21.0,8.4,32.5,14.2,8.0,9.0,31.6,32.8,75.5,13.7,14.5,41.1,13.3,4.2,8.6,32.1,3.6,13.5,6.1
31049,NE,Deuel,9.1,31.9,17.2,41.6,83.3,11.5,9.3,9.1,79.3,87.3,11.7,63.2,8.5,14.6,63.6,16.9,14.2,32.2,19.3,11.7,8.6,18.6,10.5,39.0,8.3,7.8,6.1,27.8,29.4,76.1,13.0,16.4,39.8,14.1,4.1,5.9,30.5,4.4,10.6,5.2
31051,NE,Dixon,12.0,27.7,17.1,36.8,81.3,10.0,9.0,8.3,76.2,84.1,12.6,58.2,8.1,15.3,61.3,15.8,13.2,30.6,20.9,13.8,9.8,19.3,9.8,35.9,9.8,8.0,7.1,29.7,31.3,76.9,13.4,15.5,43.3,13.5,4.1,6.6,31.5,4.1,16.9,5.4
31053,NE,Dodge,12.2,27.1,19.7,34.1,79.3,8.8,9.1,7.0,75.6,82.9,12.7,62.6,7.2,15.0,61.7,16.6,11.9,28.8,20.7,13.7,9.6,18.2,8.4,34.1,9.9,7.7,7.2,29.5,28.4,75.1,13.7,13.8,39.7,13.0,3.7,6.7,30.3,3.6,11.4,5.0
31055,NE,Douglas,10.3,21.6,20.2,30.6,75.5,7.4,8.7,5.3,75.5,83.9,12.3,62.6,5.6,13.4,63.7,18.9,9.8,26.1,21.2,13.1,9.0,15.7,6.0,32.1,10.5,6.5,7.1,28.9,22.1,74.2,14.6,11.0,36.9,11.1,3.1,7.0,31.8,2.9,14.4,4.3
31057,NE,Dundy,9.2,32.0,16.8,41.2,83.4,11.6,9.3,9.0,79.2,86.6,11.8,60.4,8.6,14.3,64.1,16.7,14.2,32.3,19.2,11.8,8.7,18.7,10.6,38.9,8.4,8.0,6.3,28.2,29.6,74.5,13.1,16.5,37.0,13.9,4.1,6.0,31.5,4.4,11.8,5.2
31059,NE,Fillmore,8.1,28.4,18.8,36.9,81.4,10.5,9.3,7.6,78.3,86.0,11.4,68.6,7.3,14.0,64.8,16.6,12.3,28.9,19.4,10.3,7.4,16.8,9.1,37.1,7.9,7.1,5.7,28.5,28.6,75.4,13.1,13.9,42.1,12.8,3.4,5.5,30.4,3.7,9.2,4.4
31061,NE,Franklin,8.9,32.6,17.4,41.9,82.3,11.3,9.4,9.5,78.4,85.6,12.6,62.8,9.2,15.9,62.1,17.8,14.2,34.1,19.5,12.6,10.0,19.8,11.2,38.3,8.8,8.6,6.7,29.1,30.7,73.8,13.9,17.2,39.2,14.3,4.3,6.5,31.2,4.6,16.5,5.5
31063,NE,Frontier,8.1,28.1,18.6,36.5,81.7,10.6,9.2,7.9,77.3,84.6,11.8,64.8,7.4,13.0,63.2,16.6,11.9,29.5,19.3,10.3,7.4,16.6,9.4,35.1,7.6,7.4,5.9,28.5,26.7,75.9,13.5,14.0,37.4,12.6,3.4,5.4,30.2,3.8,6.5,4.5
31065,NE,Furnas,9.5,31.8,18.4,39.6,81.9,10.9,9.4,8.7,78.0,85.1,12.4,64.8,8.5,14.9,61.0,17.1,13.5,32.2,19.7,12.6,9.2,18.6,10.2,37.1,8.6,8.1,6.5,28.7,29.1,74.6,13.6,16.2,44.4,13.7,4.1,6.2,29.9,4.2,13.5,5.2
31067,NE,Gage,8.9,29.3,20.6,39.6,80.5,9.9,9.4,7.9,78.2,84.6,12.7,64.4,8.1,15.8,60.1,17.6,12.6,31.0,19.1,11.9,9.3,18.1,9.3,38.0,8.5,7.8,6.5,28.7,28.7,68.5,14.3,15.0,41.8,13.8,3.8,6.1,30.1,3.9,12.0,4.9
31069,NE,Garden,9.2,33.8,16.1,44.0,83.7,11.8,9.4,10.2,79.1,86.7,12.5,62.4,9.9,15.9,57.6,16.9,15.5,34.7,19.6,13.1,10.6,20.7,11.8,39.2,8.9,8.9,6.9,27.3,32.6,69.1,13.4,18.7,40.2,15.1,4.8,6.7,31.1,5.0,8.5,6.1
31071,NE,Garfield,7.2,30.1,18.9,38.0,83.3,11.8,9.0,8.4,78.6,86.8,10.8,66.7,7.5,12.4,68.8,16.2,12.3,29.8,18.2,9.2,6.5,16.1,10.1,37.4,6.7,7.1,5.2,27.6,26.7,78.3,12.5,14.6,38.8,12.5,3.4,4.8,27.9,4.0,6.7,4.4
31073,NE,Gosper,8.0,28.6,18.3,37.6,81.9,10.8,9.0,8.0,78.1,86.8,11.0,65.5,7.2,13.2,65.8,16.4,12.4,28.4,19.2,10.2,7.2,16.3,9.4,36.8,7.8,6.9,5.7,27.5,26.5,74.5,12.8,13.8,38.4,12.6,3.5,5.5,30.2,3.8,11.0,4.4
31075,NE,Grant,7.3,29.4,18.5,37.6,81.5,10.9,9.1,7.8,77.7,86.4,11.0,67.7,7.3,13.3,67.7,17.0,12.1,28.6,19.0,9.5,6.9,15.9,9.2,36.4,7.1,6.9,5.4,27.5,25.9,73.8,12.9,13.7,36.5,12.4,3.4,5.1,29.3,3.8,8.3,4.2
31077,NE,Greeley,8.9,28.3,18.3,37.8,81.5,10.7,9.0,8.3,76.5,85.1,12.0,58.9,8.0,14.3,63.8,16.5,12.6,30.1,20.2,11.2,8.2,17.5,10.0,36.4,8.2,7.7,6.1,28.3,28.5,77.8,13.5,15.0,34.7,13.2,3.7,5.7,31.5,4.1,11.7,4.8
31079,NE,Hall,16.1,25.2,19.0,32.8,77.8,7.8,8.8,6.7,74.1,82.1,13.2,55.1,6.9,14.6,60.5,16.4,12.0,32.2,21.8,17.5,11.8,20.3,8.4,33.7,12.4,8.0,8.3,29.8,31.2,70.5,14.0,13.7,41.2,13.1,3.9,7.9,33.9,3.5,12.8,5.7
31081,NE,Hamilton,7.5,27.8,19.7,34.3,80.4,9.8,9.2,6.8,77.4,85.6,11.1,62.6,6.4,12.5,67.5,16.9,10.5,28.3,19.2,9.5,6.4,14.8,8.2,35.5,7.4,6.5,5.4,28.0,24.7,74.4,13.4,12.6,40.7,11.6,3.0,5.2,33.5,3.3,7.0,3.9
31083,NE,Harlan,8.2,30.4,17.8,39.4,82.6,11.3,9.1,8.5,78.4,86.6,11.6,66.4,8.0,14.0,67.6,16.6,13.0,31.6,20.1,10.5,7.5,17.4,10.0,38.5,7.6,7.4,5.7,28.5,29.3,76.2,13.1,15.3,35.4,13.3,3.7,5.3,30.0,4.1,7.9,4.6
31085,NE,Hayes,9.6,31.9,16.5,40.8,83.5,11.7,8.9,9.5,78.6,86.4,11.8,66.5,8.7,14.4,59.4,16.5,14.1,32.7,19.9,11.7,8.6,19.0,11.2,38.3,8.3,8.0,6.2,28.6,31.2,75.5,12.9,16.7,41.0,14.0,4.0,5.8,30.5,4.5,15.4,5.3
31087,NE,Hitchcock,8.8,29.7,17.6,40.4,82.4,11.1,9.3,8.7,77.9,85.6,12.2,64.7,8.5,14.8,60.5,17.2,13.4,31.7,19.9,11.9,9.0,18.2,10.4,37.7,8.5,8.1,6.4,28.9,29.8,73.6,13.7,16.0,41.6,13.7,4.0,6.1,30.9,4.3,10.0,5.2
31089,NE,Holt,9.2,29.6,18.6,36.6,82.0,10.5,9.2,8.2,77.3,85.0,11.9,67.1,8.1,14.3,62.7,16.0,12.9,31.0,19.5,11.6,8.7,17.9,9.9,36.0,8.3,7.7,6.3,27.4,29.4,76.8,13.3,15.2,38.4,13.2,3.8,5.9,32.2,4.0,12.3,5.0
31091,NE,Hooker,8.3,31.3,17.6,39.8,82.7,11.2,9.2,8.6,78.3,86.1,11.9,64.2,8.3,14.6,66.1,16.9,13.3,31.7,19.7,11.1,8.3,18.0,10.3,38.0,7.8,7.9,6.0,28.5,29.0,76.4,13.4,15.8,39.7,13.5,3.8,5.7,30.1,4.3,13.1,5.0
31093,NE,Howard,7.8,28.5,19.6,37.6,80.6,10.4,9.1,7.3,77.6,85.5,11.3,62.4,7.0,13.7,66.1,16.8,11.5,28.2,19.6,10.0,7.0,15.9,8.8,35.4,7.6,6.9,5.5,28.9,27.6,76.0,13.4,13.4,38.6,12.5,3.3,5.3,28.8,3.6,11.8,4.2
31095,NE,Jefferson,8.8,30.4,17.7,37.6,81.7,10.6,9.2,8.1,77.6,85.7,12.0,63.1,7.7,14.6,61.3,17.7,13.4,31.4,21.4,11.4,8.2,17.9,9.5,36.4,8.1,7.6,6.1,30.6,29.4,73.9,13.6,15.2,37.4,13.2,3.6,5.7,30.9,4.0,11.6,4.7
31097,NE,Johnson,12.3,24.4,21.8,34.3,77.5,8.2,8.5,6.8,73.0,82.1,12.7,61.0,6.9,15.6,62.7,15.7,11.6,29.5,23.4,14.0,9.5,18.0,8.4,34.0,10.7,7.3,7.3,29.6,30.3,70.4,13.7,13.3,38.1,12.5,3.6,7.1,31.9,3.5,13.0,4.9
31099,NE,Kearney,7.8,26.2,19.6,33.3,80.0,9.9,9.0,6.7,76.6,85.9,10.8,63.9,6.2,12.4,62.6,16.8,10.8,26.8,18.9,9.2,6.3,14.6,8.1,33.7,7.4,6.4,5.3,27.7,24.8,73.8,12.8,12.0,38.3,11.4,3.0,5.1,29.7,3.3,6.0,3.9
31101,NE,Keith,9.4,29.1,17.2,38.4,82.2,11.2,9.0,8.5,76.9,86.4,11.6,64.6,8.0,14.0,63.1,15.6,13.2,31.2,20.2,11.2,8.0,18.3,10.2,36.9,8.2,7.5,6.0,28.0,31.1,70.6,12.9,15.5,35.4,13.8,3.8,5.6,27.9,4.2,9.6,4.9
31103,NE,Keya Paha,8.9,32.5,16.4,41.7,84.2,12.4,8.9,10.1,78.8,86.3,11.7,60.5,9.0,13.9,65.2,16.0,14.2,33.6,19.1,11.0,8.2,18.7,12.0,39.0,7.5,8.1,6.0,27.4,30.1,73.6,12.6,17.3,36.6,13.9,4.1,5.5,27.7,4.8,14.2,5.4
31105,NE,Kimball,11.6,32.5,16.6,40.9,82.6,10.9,9.5,9.7,77.8,85.1,13.6,58.3,9.8,17.0,57.0,17.3,15.2,36.2,21.4,15.1,11.5,21.9,11.4,39.0,10.2,9.2,7.6,29.3,34.1,71.0,14.0,18.8,42.1,15.4,4.8,7.1,31.9,4.9,15.7,6.3
31107,NE,Knox,8.9,31.7,17.3,38.8,83.0,11.0,9.5,8.9,78.2,85.1,12.8,63.5,9.0,16.0,61.0,16.8,14.1,33.6,20.3,13.5,10.3,19.1,10.7,38.0,9.2,8.6,7.3,29.2,29.9,73.4,14.1,16.9,39.8,14.2,4.3,6.8,30.9,4.5,19.3,5.6
31109,NE,Lancaster,8.7,22.5,20.7,30.0,76.6,7.7,9.2,5.5,75.7,82.4,11.9,63.2,5.5,11.7,67.5,20.5,9.6,25.7,20.5,11.2,8.0,14.7,6.7,30.9,8.8,6.8,6.5,30.7,20.2,78.1,14.5,10.5,34.4,10.3,2.9,6.0,29.6,2.8,13.3,3.9
31111,NE,Lincoln,10.0,28.1,18.8,37.5,79.9,9.5,9.7,8.0,76.1,84.1,13.1,60.3,8.0,15.1,56.4,18.9,12.9,32.2,21.4,13.5,9.9,18.7,9.3,35.4,9.6,8.0,7.1,29.2,29.4,73.4,14.5,15.0,40.1,13.6,4.0,6.9,36.3,4.0,9.5,5.2
31113,NE,Logan,7.1,29.7,18.0,38.8,82.6,11.4,8.9,7.8,78.7,87.5,10.5,66.9,7.1,12.5,69.7,16.2,12.0,28.2,18.5,8.8,6.0,15.3,9.2,36.4,6.8,6.6,5.1,27.1,26.4,77.3,12.4,13.7,35.9,12.1,3.2,4.8,29.5,3.8,4.2,4.1
31115,NE,Loup,7.0,31.5,17.7,40.1,84.0,12.0,8.8,8.7,79.7,87.7,10.4,66.0,7.8,12.7,65.8,15.9,13.5,29.4,18.4,9.3,6.8,16.4,10.2,38.2,6.9,6.9,5.2,26.4,27.2,72.1,12.2,14.9,36.4,12.7,3.5,5.0,29.7,4.2,13.3,4.5
31117,NE,McPherson,6.9,32.3,17.0,40.3,83.8,12.1,9.2,9.2,79.9,87.4,11.2,63.0,8.2,13.2,61.9,16.7,13.3,31.9,18.2,9.9,7.5,17.3,10.9,38.3,7.0,7.7,5.6,27.3,28.6,72.6,12.7,15.8,38.5,13.3,3.9,5.3,30.9,4.4,10.8,4.8
31119,NE,Madison,10.7,24.5,18.9,35.1,79.1,8.7,9.4,6.7,75.1,83.5,12.5,61.0,6.7,14.4,62.0,16.2,11.8,28.0,20.3,13.6,9.2,17.2,8.1,35.5,9.7,7.3,7.0,29.7,27.7,72.8,14.0,13.0,40.0,12.2,3.5,6.7,32.2,3.4,15.3,4.7
31121,NE,Merrick,9.3,28.5,19.4,36.1,80.1,9.8,9.2,7.5,76.2,84.6,12.3,60.4,7.4,15.0,64.7,17.8,11.7,30.0,21.0,11.6,8.3,17.4,8.9,34.6,8.9,7.5,6.3,29.6,28.8,76.3,14.2,13.9,39.3,13.2,3.6,6.0,30.4,3.7,13.9,4.6
31123,NE,Morrill,11.8,29.1,17.8,37.2,81.1,9.8,9.2,8.3,76.4,83.9,13.2,59.5,8.4,15.9,63.4,17.1,13.3,33.3,21.2,15.1,10.8,19.9,9.9,35.8,10.5,8.4,7.5,30.2,32.1,73.1,14.0,16.0,41.6,14.0,4.3,7.2,31.5,4.2,13.9,5.7
31125,NE,Nance,8.7,28.8,19.6,37.4,80.1,9.7,9.5,7.8,76.5,84.0,12.9,63.7,8.4,16.5,62.0,17.9,12.7,30.3,20.9,13.1,10.2,18.6,9.0,36.1,9.2,8.2,7.0,28.9,28.6,74.2,14.7,14.9,41.0,13.6,4.0,6.8,31.4,3.9,10.2,5.1
31127,NE,Nemaha,9.1,25.9,19.2,33.7,79.5,9.1,9.5,7.4,75.4,82.2,13.0,63.4,7.6,14.8,61.4,18.4,11.7,29.8,20.0,12.7,9.7,17.7,8.7,33.3,9.2,7.9,7.0,30.9,29.6,70.1,14.8,13.9,40.7,12.8,3.7,6.5,31.3,3.7,17.0,4.9
31129,NE,Nuckolls,8.4,31.0,17.1,40.0,82.4,11.5,9.0,8.4,78.8,86.5,11.3,65.3,7.9,13.5,66.0,16.9,12.7,29.7,19.8,10.4,7.3,17.4,9.9,37.5,7.5,7.4,5.6,28.2,27.8,73.5,12.8,15.1,41.8,13.0,3.6,5.1,28.1,4.1,9.6,4.6
31131,NE,Otoe,9.0,27.3,19.2,36.7,79.3,9.7,9.2,7.0,77.6,85.2,11.9,61.4,6.8,13.4,64.1,17.7,11.9,29.5,21.2,11.1,7.7,17.1,8.3,36.5,8.5,7.0,6.0,29.6,27.3,77.2,13.6,13.7,40.7,12.6,3.3,5.6,28.5,3.4,10.0,4.3
31133,NE,Pawnee,9.6,32.5,16.5,42.2,83.4,11.8,9.5,9.9,78.1,85.3,13.1,60.7,9.8,15.7,60.2,16.9,14.4,35.4,20.2,13.1,10.3,20.9,11.7,37.8,8.7,9.1,6.8,29.6,33.2,74.5,13.7,18.7,37.5,14.9,4.6,6.3,30.9,4.9,18.7,5.9
31135,NE,Perkins,8.9,28.0,19.4,36.7,80.6,10.4,9.1,7.6,77.2,85.3,11.6,63.5,7.3,13.8,62.6,17.0,11.9,29.4,19.5,10.9,7.5,16.5,9.1,35.2,8.0,7.1,5.9,28.8,26.7,75.2,13.3,13.8,40.6,12.5,3.4,5.5,31.3,3.7,12.6,4.4
31137,NE,Phelps,9.3,27.7,18.9,35.3,79.8,9.7,9.2,7.3,75.7,84.0,12.5,60.3,7.3,14.5,65.7,17.9,11.5,30.9,20.1,11.8,8.6,17.3,9.0,33.7,8.8,7.7,6.5,29.0,27.2,69.8,14.1,14.1,38.6,13.0,3.6,6.2,31.1,3.7,14.1,4.7
31139,NE,Pierce,7.9,27.0,19.5,34.4,80.1,9.8,9.1,7.0,76.4,84.8,11.6,63.3,6.8,13.7,66.2,17.1,10.9,27.6,19.9,10.1,7.0,15.8,8.6,35.6,7.8,6.9,5.7,29.1,26.9,75.6,13.7,12.8,38.9,12.2,3.2,5.4,28.6,3.5,10.4,4.1
31141,NE,Platte,12.4,25.5,18.9,34.9,78.8,8.8,8.6,6.8,76.6,84.2,12.0,64.2,6.6,13.5,61.0,15.8,11.9,28.8,21.2,13.0,8.9,16.8,8.2,35.1,9.7,7.2,6.7,27.8,27.2,78.2,13.4,13.0,41.8,12.4,3.5,6.4,28.3,3.4,9.2,4.9
31143,NE,Polk,9.1,29.3,19.1,37.0,81.1,10.4,9.0,7.6,75.3,85.5,11.6,64.3,7.2,13.6,62.0,16.5,12.0,29.4,20.4,10.4,7.1,16.5,9.1,35.3,8.0,7.1,5.7,28.6,28.3,73.1,13.3,13.7,40.4,12.5,3.4,5.3,29.9,3.7,12.2,4.4
31145,NE,Red Willow,9.0,28.7,18.2,38.6,79.5,9.7,9.5,7.6,76.4,83.9,12.7,66.0,7.6,14.3,67.2,19.4,12.1,32.3,20.0,12.4,9.0,17.7,9.0,36.1,8.9,7.9,6.6,28.4,29.6,75.9,14.2,14.8,42.1,13.2,3.7,6.3,30.5,3.8,17.0,4.8
31147,NE,Richardson,8.7,31.1,17.4,41.1,81.8,10.6,9.4,8.4,76.7,85.2,12.5,62.2,8.4,15.7,58.1,17.7,14.0,32.0,20.6,12.0,8.9,18.9,10.0,36.6,8.6,8.1,6.5,29.7,31.5,70.6,13.7,15.8,45.3,13.8,3.9,6.0,29.6,4.2,9.8,5.1
31149,NE,Rock,8.0,30.3,17.9,38.3,82.8,11.5,9.1,8.2,78.6,86.6,11.1,67.8,7.7,13.4,64.6,16.6,12.5,29.4,18.9,10.1,7.3,16.8,9.6,37.4,7.2,7.2,5.5,27.6,27.6,75.2,12.7,14.6,38.8,12.8,3.5,5.1,31.2,3.9,12.0,4.5
31151,NE,Saline,14.4,24.1,20.8,32.0,77.7,7.8,8.8,6.5,73.7,81.8,13.1,57.7,6.5,14.1,58.3,16.9,11.8,30.3,22.4,15.6,10.0,19.0,8.0,34.1,11.9,7.5,7.7,32.1,29.2,70.7,14.2,13.6,40.4,12.6,3.7,7.2,35.6,3.3,13.2,5.2
31153,NE,Sarpy,7.9,21.2,18.3,30.1,75.8,7.4,8.6,4.7,76.6,84.8,10.6,63.6,4.6,11.1,69.6,17.5,9.4,23.4,18.1,9.4,6.0,13.3,5.9,31.9,7.9,5.6,5.4,28.4,21.3,78.5,13.5,9.4,35.9,10.0,2.5,5.4,33.5,2.5,7.5,3.4
31155,NE,Saunders,7.2,26.3,21.2,34.8,79.0,9.4,8.9,6.4,76.0,85.2,10.9,66.2,6.1,12.8,68.6,16.5,10.5,25.6,19.1,9.3,6.3,14.1,7.7,34.6,7.3,6.3,5.3,27.5,23.5,74.0,13.0,11.3,39.3,11.2,2.9,5.1,28.4,3.1,9.3,3.7
31157,NE,Scotts Bluff,12.1,28.2,17.7,37.7,80.2,9.2,9.2,7.5,77.2,83.9,13.1,57.8,7.6,14.0,60.7,17.5,13.0,33.9,20.5,15.2,10.4,19.6,9.2,34.4,10.7,8.0,7.5,30.8,29.4,72.3,14.1,15.7,39.1,13.6,4.0,7.0,32.4,3.8,11.6,5.6
31159,NE,Seward,7.4,24.9,20.8,32.0,77.7,8.8,9.1,6.0,74.2,83.0,11.6,65.3,5.9,12.6,69.4,18.4,9.5,27.2,19.4,9.3,6.3,14.2,7.5,32.8,7.4,6.4,5.6,28.1,23.7,70.9,13.8,11.0,34.5,11.2,2.8,5.1,27.6,3.0,13.9,3.7
31161,NE,Sheridan,9.8,30.4,17.7,40.7,82.3,11.2,9.5,8.9,76.7,85.7,12.3,62.0,8.7,15.0,62.3,16.4,13.9,32.8,21.1,13.4,9.5,18.9,10.7,35.6,9.3,8.4,7.1,29.4,32.1,69.6,13.3,16.6,36.0,14.1,4.2,6.5,30.3,4.5,15.5,5.6
31163,NE,Sherman,9.1,31.1,16.6,39.9,82.7,11.2,9.3,9.0,78.0,85.6,12.4,64.5,8.8,15.1,60.3,16.7,13.7,32.8,19.8,12.1,9.1,19.1,10.6,38.5,8.4,8.2,6.4,28.0,29.8,76.6,13.5,16.6,41.4,13.9,4.1,6.0,31.3,4.4,10.0,5.2
31165,NE,Sioux,10.2,33.9,16.3,43.9,83.7,11.8,9.4,10.9,78.3,84.9,13.3,63.9,10.6,16.8,57.0,17.2,16.0,36.0,19.5,14.6,12.2,22.0,12.5,39.5,9.6,9.5,7.7,27.7,32.5,70.0,13.8,19.1,42.6,15.5,5.1,7.4,30.6,5.2,12.0,6.5
31167,NE,Stanton,8.7,27.0,20.3,34.3,80.4,9.9,9.1,7.1,76.1,85.4,11.4,62.2,6.8,13.6,64.2,16.4,11.5,27.2,19.7,10.4,7.1,16.0,8.5,35.8,8.1,6.9,5.7,28.4,27.5,74.4,13.3,12.9,39.8,12.3,3.3,5.5,29.1,3.5,12.0,4.2
31169,NE,Thayer,8.5,30.2,17.6,38.4,82.5,10.8,9.3,8.4,77.6,85.4,12.3,63.1,8.4,15.0,62.2,17.4,13.2,31.6,19.3,12.0,9.3,18.3,10.0,37.2,8.5,8.0,6.4,29.3,29.2,71.9,13.7,15.5,40.0,13.9,4.0,6.2,29.2,4.2,17.8,5.1
31171,NE,Thomas,8.1,28.5,18.4,36.0,81.5,11.0,9.0,7.3,77.9,86.5,10.7,65.8,6.7,11.9,67.5,16.6,11.3,28.2,19.3,9.2,6.1,15.3,8.8,36.0,7.1,6.6,5.2,28.3,25.8,76.0,12.6,13.1,36.6,11.9,3.1,4.8,28.9,3.6,15.1,4.0
31173,NE,Thurston,10.9,23.3,19.9,35.8,76.0,7.0,11.3,6.9,74.8,78.8,16.2,56.0,7.8,21.0,52.2,18.2,13.4,36.1,25.6,23.5,17.1,22.6,9.2,30.8,16.2,10.1,12.9,33.8,30.0,71.1,17.7,15.3,45.4,14.6,4.3,12.1,35.6,3.9,14.4,6.9
31175,NE,Valley,8.6,30.5,18.0,38.5,82.3,11.0,9.3,8.5,77.4,85.4,12.0,63.6,8.2,14.0,64.8,16.6,12.9,31.2,19.2,11.6,8.8,18.1,10.1,36.4,8.2,7.8,6.2,29.3,28.6,75.7,13.3,15.5,41.8,13.4,3.8,5.9,29.6,4.2,9.3,4.9
31177,NE,Washington,7.0,26.9,20.9,34.2,79.6,9.8,8.9,6.3,77.5,86.0,10.7,65.5,6.0,12.2,69.5,17.7,10.7,26.0,17.8,8.9,6.1,14.1,7.5,35.8,7.0,6.2,5.2,26.9,23.1,75.3,12.9,11.7,41.2,11.4,2.9,4.9,27.1,3.1,9.2,3.6
31179,NE,Wayne,8.9,21.5,23.0,29.0,76.5,7.5,9.2,5.8,74.3,79.3,13.5,64.0,5.8,12.0,68.7,18.2,9.7,27.8,20.1,11.8,8.1,14.9,7.2,30.0,8.9,7.3,7.1,32.7,25.2,70.6,15.5,10.8,37.3,11.1,3.0,6.0,31.2,2.9,11.7,4.3
31181,NE,Webster,8.8,29.9,18.4,37.4,80.7,10.2,9.3,7.6,76.2,85.3,12.0,62.6,7.7,14.6,61.5,17.6,12.9,30.6,19.8,11.8,8.7,17.6,9.0,37.2,8.8,7.5,6.3,27.9,27.0,73.8,13.7,14.6,39.1,13.2,3.7,6.1,32.3,3.8,16.7,4.7
31183,NE,Wheeler,7.5,31.2,17.2,40.6,83.4,12.1,8.8,8.5,79.6,88.2,10.3,64.9,7.6,12.8,63.9,15.8,13.2,29.7,18.6,9.1,6.5,16.2,10.0,38.7,6.8,6.7,5.1,26.3,26.7,73.3,11.8,14.6,38.4,12.6,3.4,4.9,29.8,4.0,10.8,4.3
31185,NE,York,9.2,26.0,19.7,34.0,78.7,9.3,9.4,7.1,74.3,83.4,12.3,65.4,7.0,14.1,69.2,17.3,11.2,29.5,20.2,11.9,8.4,16.7,8.5,34.4,8.9,7.4,6.4,30.3,26.8,76.1,14.3,13.4,40.9,12.3,3.4,6.0,29.5,3.5,8.2,4.5
32001,NV,Churchill,11.4,29.7,15.6,35.4,73.9,9.1,11.2,7.3,71.9,84.3,16.3,62.9,8.2,16.1,59.4,22.0,11.7,35.3,25.4,15.4,13.2,22.0,8.8,39.7,12.6,8.8,8.9,34.9,26.4,75.2,18.8,15.5,37.8,15.6,4.0,8.4,35.0,3.8,15.5,5.5
32003,NV,Clark,15.4,23.9,15.1,34.5,71.9,6.8,10.1,6.2,73.7,84.8,15.8,56.9,6.9,14.8,57.2,20.3,12.4,34.0,28.2,19.1,16.2,22.5,7.0,38.0,16.8,8.7,10.5,37.0,27.1,68.7,18.7,15.5,31.4,14.9,4.2,10.4,40.9,3.4,11.1,6.1
32005,NV,Douglas,8.6,34.1,13.7,38.2,79.5,12.6,10.1,8.5,78.3,89.6,12.5,71.5,8.2,12.0,69.1,18.9,12.2,33.2,21.1,10.1,8.1,19.0,9.9,42.7,8.2,7.5,6.0,30.2,21.4,74.1,14.5,16.2,27.1,14.7,3.6,5.5,31.1,4.2,11.2,4.7
32007,NV,Elko,13.9,25.1,17.7,32.1,71.1,7.3,10.7,6.2,71.1,82.7,17.2,57.4,7.3,17.1,59.7,21.5,11.0,34.7,24.8,17.4,14.8,22.1,7.6,35.8,14.6,8.9,9.9,33.5,25.8,67.9,18.8,14.4,38.0,15.1,4.0,9.5,37.7,3.3,18.3,5.7
32009,NV,Esmeralda,14.7,37.1,12.6,44.8,79.8,11.8,10.9,12.1,77.3,87.0,17.1,62.2,12.5,18.2,56.1,20.2,17.7,43.7,25.4,20.3,18.9,29.9,13.6,44.9,14.5,11.6,10.9,33.6,32.3,70.0,16.8,23.9,36.1,19.4,6.5,10.2,35.2,6.1,18.3,8.7
32011,NV,Eureka,12.3,33.9,14.8,41.5,76.5,9.6,11.4,9.9,74.3,84.1,18.7,60.4,12.1,21.8,57.8,23.5,16.1,41.2,24.7,21.5,22.8,28.7,11.0,42.0,15.6,11.8,11.6,33.4,31.5,69.1,19.7,21.3,38.8,19.1,6.3,12.2,36.6,5.2,17.3,8.0
32013,NV,Humboldt,14.0,27.4,16.8,32.0,72.4,8.1,10.7,6.6,72.3,83.7,16.6,61.8,7.6,15.6,55.1,21.7,11.5,35.8,25.6,17.0,13.9,22.4,8.1,38.1,14.0,8.7,9.3,35.0,26.8,73.7,18.2,15.0,36.2,15.1,4.0,8.6,38.2,3.5,22.1,5.6
32015,NV,Lander,13.9,28.5,16.7,36.0,73.2,8.5,10.9,7.7,71.8,83.2,17.6,57.4,9.0,17.8,58.8,22.8,13.0,37.3,25.6,18.9,17.2,24.6,9.2,37.9,15.0,10.0,10.4,35.3,28.5,70.9,19.1,17.2,35.1,16.5,4.8,10.1,37.5,4.1,20.0,6.6
32017,NV,Lincoln,9.4,30.7,16.0,37.0,76.4,10.6,10.4,7.9,75.0,86.8,14.6,64.6,8.3,15.0,58.1,21.2,11.8,35.1,24.1,12.1,10.2,20.4,9.4,40.6,10.0,8.2,7.1,33.5,24.2,73.4,16.9,15.7,31.6,15.0,3.7,6.6,36.8,4.0,10.1,4.9
32019,NV,Lyon,12.4,27.9,15.7,37.5,74.5,9.5,10.8,7.5,73.5,85.1,15.8,63.8,8.5,15.9,58.7,21.4,12.3,35.8,24.7,15.4,12.7,22.7,8.8,39.5,12.3,8.8,8.6,34.4,27.4,68.5,17.7,16.6,35.2,15.8,4.1,8.2,36.6,3.9,16.1,5.5
32021,NV,Mineral,13.9,36.0,13.3,44.0,78.8,10.4,11.7,11.1,76.1,84.7,19.0,61.3,12.9,21.4,53.6,22.3,17.6,45.2,26.9,23.7,23.3,30.9,12.6,43.3,16.6,12.6,12.6,35.5,34.4,70.5,19.3,24.0,38.2,20.0,6.5,12.2,38.9,6.0,20.7,9.0
32023,NV,Nye,13.1,35.6,13.2,42.3,77.9,11.3,11.1,10.1,75.1,86.9,16.7,60.3,11.0,17.7,55.7,21.0,15.7,40.9,25.8,17.6,15.9,27.4,11.3,44.8,13.2,10.3,9.4,36.1,32.1,72.7,17.9,21.0,39.7,18.3,5.3,8.7,35.8,5.2,17.9,7.0
32027,NV,Pershing,15.0,26.9,17.8,35.4,72.3,8.4,9.8,7.4,70.9,83.4,16.3,56.1,8.0,17.0,56.4,19.6,12.1,36.1,27.9,16.5,13.1,23.1,9.0,38.9,13.8,8.6,9.1,35.3,26.5,72.4,17.6,15.7,35.7,15.4,4.1,8.7,39.1,3.8,16.5,5.7
32029,NV,Storey,8.7,33.6,14.9,38.5,79.0,12.4,10.3,8.4,78.3,89.7,12.7,66.8,8.1,12.1,65.9,19.7,12.4,33.3,22.1,9.9,7.7,19.1,9.8,43.8,8.2,7.4,5.9,30.8,22.4,73.4,14.7,15.7,31.6,14.4,3.6,5.3,33.0,4.1,9.1,4.6
32031,NV,Washoe,12.0,25.4,18.5,29.7,71.7,8.3,10.3,6.1,74.5,84.8,14.9,63.1,6.7,12.6,61.4,21.1,10.0,30.6,25.0,14.6,11.3,20.8,7.4,37.0,12.6,7.7,8.2,37.4,21.6,68.8,17.5,13.1,28.5,14.0,3.4,7.7,37.8,3.2,11.1,5.0
32033,NV,White Pine,13.2,29.8,15.9,36.4,74.7,9.2,10.7,8.1,72.9,84.1,17.0,61.2,9.1,17.5,56.6,21.5,12.6,37.6,25.8,16.9,14.9,24.0,9.6,39.3,13.5,9.5,9.5,34.7,26.8,72.5,18.5,17.1,34.4,16.2,4.5,8.9,37.2,4.2,17.2,6.1
32510,NV,Carson City,12.9,28.0,17.0,34.5,74.2,9.2,10.5,7.2,72.9,85.4,15.5,63.0,7.8,14.4,59.1,21.4,12.1,35.7,25.2,15.3,12.7,22.2,8.6,38.5,12.6,8.6,8.6,35.8,24.9,75.2,17.6,15.9,33.1,15.1,4.0,8.2,34.8,3.7,10.2,5.6
33001,NH,Belknap,6.6,31.3,15.5,35.7,77.7,11.3,10.3,7.0,77.9,89.0,12.3,65.6,7.5,12.2,64.9,23.1,10.5,28.2,20.1,9.3,6.9,16.1,8.1,36.5,7.8,7.0,5.6,29.8,20.8,74.2,15.1,12.9,30.5,12.9,3.3,5.3,34.4,3.6,7.9,4.1
33003,NH,Carroll,6.2,32.8,14.3,35.1,82.2,12.5,10.0,7.8,79.8,90.7,10.9,73.6,7.5,10.7,66.9,21.5,10.7,26.1,19.8,8.4,6.1,15.0,9.0,39.1,7.0,6.7,5.0,28.1,20.5,77.5,13.8,13.1,30.7,13.0,3.3,4.7,33.3,3.8,7.8,4.1
33005,NH,Cheshire,7.0,29.8,15.7,33.3,77.3,10.6,10.5,6.6,74.7,87.4,13.0,68.4,7.1,11.9,65.4,23.6,9.5,28.9,21.9,9.9,7.2,15.7,8.0,33.2,8.2,7.1,6.0,29.8,20.8,77.1,15.8,12.2,29.9,12.7,3.2,5.6,33.5,3.4,10.5,4.1
33007,NH,Coos,8.6,33.8,14.4,38.2,80.1,10.9,11.5,8.4,78.7,87.6,14.5,65.9,9.5,15.2,62.9,22.6,13.0,34.3,23.2,13.1,10.4,20.3,9.8,38.6,9.8,8.9,7.3,31.8,28.1,72.8,16.0,16.3,36.4,14.8,4.3,6.8,31.4,4.4,13.5,5.5
33009,NH,Grafton,6.7,28.5,15.2,31.8,77.3,10.2,10.4,6.4,74.8,87.0,12.2,67.7,6.4,10.5,68.9,23.7,9.3,26.0,20.6,9.4,6.7,14.1,7.6,34.4,7.7,6.7,5.9,31.1,19.7,77.1,15.0,11.3,25.8,11.5,3.0,5.3,31.2,3.2,7.4,3.9
33011,NH,Hillsborough,7.4,25.8,16.1,31.5,76.8,9.0,10.6,5.6,77.6,88.1,12.2,70.9,5.7,10.7,69.9,21.5,9.2,25.9,23.6,9.9,6.5,14.7,6.7,34.3,8.7,6.6,5.7,32.8,22.2,79.6,15.3,10.9,33.1,11.4,2.9,5.7,33.8,2.9,8.9,3.7
33013,NH,Merrimack,6.7,28.0,15.1,31.8,76.1,9.7,11.0,5.9,79.3,88.2,12.4,69.0,6.4,10.6,69.6,23.6,9.1,27.1,21.3,9.3,6.9,14.5,7.2,33.1,8.2,6.8,5.7,29.1,19.8,80.7,15.5,11.9,33.2,11.7,3.0,5.4,32.0,3.1,9.7,3.8
33015,NH,Rockingham,5.9,26.7,15.7,34.7,77.0,10.1,10.0,5.7,78.9,89.8,10.6,70.9,5.7,9.9,71.3,21.7,9.1,23.8,19.5,8.2,5.2,12.8,6.9,36.9,7.0,5.7,4.8,27.7,18.8,78.8,14.4,10.1,31.2,11.2,2.6,4.8,33.2,2.9,8.0,3.4
33017,NH,Strafford,6.7,26.0,16.6,30.9,73.0,8.6,10.7,5.3,76.8,85.8,12.6,66.5,6.0,10.7,66.3,26.3,8.6,25.8,22.7,10.0,7.0,14.1,6.8,34.5,8.6,6.7,6.0,34.5,19.3,79.8,17.5,10.1,32.4,11.1,2.7,5.7,30.8,2.8,9.5,3.7
33019,NH,Sullivan,7.8,31.6,14.9,36.1,77.5,10.5,10.8,7.3,76.6,87.5,13.2,67.0,8.0,13.0,63.8,24.1,11.2,29.7,21.9,11.3,8.7,17.1,8.5,37.8,9.0,7.8,6.4,29.1,24.6,80.1,15.7,14.3,33.5,13.4,3.7,6.2,33.0,3.8,11.5,4.7
34001,NJ,Atlantic,11.9,25.0,14.5,36.1,79.9,8.1,9.5,6.8,80.0,88.7,13.1,63.9,6.5,12.9,62.8,16.3,12.7,28.6,24.7,16.2,10.3,19.6,6.6,41.6,13.3,7.9,8.5,32.6,27.9,75.0,15.9,13.7,30.7,13.8,4.0,7.9,37.8,3.7,12.1,5.6
34003,NJ,Bergen,9.8,20.3,15.6,32.5,77.3,7.6,8.0,5.2,79.0,90.8,9.6,62.9,4.4,8.4,69.7,14.0,9.7,21.5,24.4,10.7,5.5,14.7,5.3,41.3,9.8,5.5,5.7,33.3,21.7,74.0,13.6,9.9,25.6,10.5,2.7,5.2,38.7,2.8,7.6,3.9
34005,NJ,Burlington,8.3,25.3,15.9,34.0,77.5,8.2,9.2,5.6,79.8,89.9,11.1,67.8,5.2,10.9,68.6,15.7,10.5,25.0,22.5,11.4,6.9,15.8,5.7,40.0,10.5,6.2,6.8,29.0,23.6,80.9,15.0,10.8,30.2,12.3,3.1,6.4,34.1,3.1,8.9,4.0
34007,NJ,Camden,11.6,23.8,16.6,33.4,76.5,7.3,9.7,5.7,77.6,88.3,13.2,64.7,5.7,13.1,62.5,17.6,11.4,27.9,24.2,16.4,10.6,18.3,5.8,37.8,14.1,7.6,8.4,33.6,26.3,76.8,16.2,12.3,29.8,13.2,3.7,8.2,39.9,3.3,10.2,5.0
34009,NJ,Cape May,8.3,30.0,15.3,38.9,82.4,11.5,9.5,7.8,81.0,91.0,11.2,72.2,7.2,11.8,66.2,17.6,11.7,27.5,20.6,10.1,6.3,17.1,7.8,45.9,8.4,7.0,5.7,27.5,22.9,73.9,14.3,13.8,33.5,13.7,3.5,5.1,32.3,3.9,8.8,4.4
34011,NJ,Cumberland,18.4,25.1,14.7,38.8,75.9,7.0,9.7,7.0,76.8,85.9,15.8,56.8,7.4,16.5,56.5,16.1,13.5,31.4,26.6,23.9,16.7,24.9,6.8,39.0,19.4,9.6,11.8,34.6,32.8,73.1,17.7,15.8,40.4,16.0,5.1,11.7,42.6,4.0,14.2,7.3
34013,NJ,Essex,14.5,20.4,14.8,31.7,78.5,5.8,9.8,5.6,77.3,88.0,13.0,61.4,5.5,12.4,63.2,15.4,12.0,26.1,27.8,21.2,14.2,20.1,5.2,38.4,18.2,7.9,10.6,35.1,28.9,79.1,16.0,12.4,29.6,12.9,4.3,10.7,40.0,3.6,15.8,6.1
34015,NJ,Gloucester,8.4,24.4,16.6,36.6,77.1,8.1,9.8,5.4,77.4,88.8,12.0,67.1,5.4,11.9,67.9,18.6,10.3,25.2,23.0,11.7,6.9,15.4,5.6,39.2,10.8,6.6,6.5,33.0,23.4,74.1,16.3,10.7,31.5,12.1,3.0,6.2,39.7,3.0,11.6,3.9
34017,NJ,Hudson,14.6,16.5,16.4,28.6,71.3,4.9,8.4,4.7,75.6,87.1,12.3,55.3,4.1,10.6,58.8,14.2,10.5,25.2,25.3,18.4,10.4,18.5,4.8,36.4,14.7,6.5,8.9,32.4,27.9,70.7,14.7,11.1,27.9,12.4,3.3,8.2,39.3,2.6,7.7,5.3
34019,NJ,Hunterdon,6.6,24.8,16.2,31.7,78.8,9.9,8.8,5.8,79.1,91.4,9.5,69.9,4.9,8.8,71.7,16.5,9.2,22.7,19.8,7.7,4.1,13.6,6.0,39.5,7.0,5.5,4.6,31.0,19.4,78.1,13.3,9.9,26.3,11.2,2.6,4.2,31.9,2.8,5.3,3.3
34021,NJ,Mercer,11.4,20.5,14.2,31.2,76.1,7.0,9.0,5.4,78.6,88.9,11.5,63.4,4.9,10.5,65.4,14.8,11.1,23.0,25.4,15.2,8.7,17.3,5.3,37.2,13.3,6.7,7.8,32.4,24.4,73.1,14.5,10.9,25.4,11.8,3.3,7.5,36.2,3.1,11.0,4.8
34023,NJ,Middlesex,10.8,20.7,14.6,33.2,76.6,6.5,8.4,5.1,78.8,89.0,10.8,63.5,4.4,10.0,66.3,12.7,11.6,24.1,25.0,13.7,7.1,17.0,5.2,38.8,11.5,5.9,7.0,34.0,25.3,76.1,13.8,10.7,29.9,11.0,3.0,6.1,38.8,2.8,6.4,4.4
34025,NJ,Monmouth,7.7,24.1,16.0,32.9,78.8,8.9,8.8,5.7,79.3,90.5,10.2,66.7,5.0,9.7,70.2,14.3,9.8,22.3,19.0,9.2,5.4,14.1,5.7,39.7,8.3,5.7,5.3,27.8,19.5,77.9,13.6,9.8,30.4,10.9,2.7,5.1,33.3,2.9,6.5,3.7
34027,NJ,Morris,7.9,21.5,17.6,31.0,77.4,8.6,8.3,5.1,78.6,90.7,9.5,68.8,4.2,8.4,73.4,14.9,9.0,20.8,21.3,8.4,4.5,12.7,5.4,40.0,7.6,5.2,5.1,31.1,19.2,73.7,13.0,9.0,22.8,10.3,2.5,4.5,33.4,2.6,7.6,3.4
34029,NJ,Ocean,9.5,29.8,14.5,35.0,80.5,10.0,9.2,7.0,77.9,89.1,11.9,66.5,6.8,13.3,66.2,16.1,11.4,27.4,21.5,11.9,7.3,17.3,7.3,42.8,9.8,7.4,6.6,29.4,25.8,75.9,15.0,13.0,29.8,13.9,3.5,6.1,36.4,3.6,9.5,4.6
34031,NJ,Passaic,18.3,21.4,15.7,32.4,76.8,6.7,8.9,6.1,74.9,87.3,14.3,56.4,5.8,12.3,58.1,15.4,12.7,30.0,26.1,22.4,12.4,22.5,6.2,37.4,17.8,7.9,9.9,36.9,31.2,74.9,15.8,14.2,31.0,14.5,4.3,9.4,37.7,3.4,14.1,6.4
34033,NJ,Salem,11.0,26.9,16.0,37.4,78.0,8.7,10.1,6.9,78.3,87.8,13.9,64.6,7.2,14.7,66.1,18.6,11.9,29.6,24.1,15.6,10.6,19.7,6.9,39.6,13.0,8.3,8.3,33.9,27.9,74.5,17.0,13.9,34.0,14.2,4.1,8.1,40.6,3.8,9.8,5.3
34035,NJ,Somerset,8.5,21.2,13.3,30.6,77.4,7.6,8.0,4.9,79.1,90.7,9.2,64.1,4.1,8.2,70.0,13.9,10.1,20.1,22.8,10.3,5.1,13.0,5.1,39.3,8.7,5.1,5.5,31.4,20.8,75.4,12.6,9.1,26.3,10.4,2.5,5.0,37.4,2.6,8.3,3.6
34037,NJ,Sussex,8.3,23.9,16.9,33.3,76.7,9.0,9.4,5.8,78.3,89.7,11.0,66.7,5.4,11.2,70.3,18.2,9.5,23.0,20.6,9.7,5.6,15.0,5.9,39.5,9.0,6.0,5.6,31.5,21.3,77.9,14.9,10.1,26.9,11.8,2.9,5.2,35.5,2.9,7.1,3.7
34039,NJ,Union,15.0,19.5,15.1,33.7,77.0,6.4,9.0,5.5,76.9,88.9,12.0,61.1,5.0,11.4,65.3,14.3,11.6,25.4,26.9,17.3,9.9,18.7,5.4,37.8,15.4,7.0,8.6,33.6,25.5,76.1,15.0,11.6,29.7,12.7,3.7,8.4,39.3,3.2,11.7,5.4
34041,NJ,Warren,9.1,26.4,16.2,34.5,79.5,9.4,9.3,6.1,77.8,89.7,11.6,67.0,5.8,11.6,68.4,17.8,10.0,25.1,22.7,11.4,6.7,16.6,6.3,39.8,10.1,6.6,6.3,32.7,25.0,76.3,15.3,11.5,32.5,12.7,3.2,5.9,36.8,3.2,8.5,4.1
35001,NM,Bernalillo,14.0,24.9,13.8,33.5,71.2,7.2,9.7,6.5,67.7,84.5,14.1,59.2,5.6,12.0,65.3,24.6,11.6,30.7,23.5,18.0,13.9,21.8,7.4,35.6,15.1,8.2,9.6,33.9,23.2,72.9,15.7,13.5,33.0,14.3,4.1,9.8,29.9,3.4,10.9,6.1
35003,NM,Catron,10.0,38.8,10.6,47.1,83.4,13.1,10.0,12.4,76.6,89.3,13.9,64.8,11.3,14.8,56.5,21.8,17.7,39.1,20.8,15.3,14.4,25.7,13.5,43.7,10.4,10.4,8.0,29.7,27.3,64.1,14.1,22.1,31.6,18.1,5.9,8.1,32.3,6.1,20.0,7.6
35005,NM,Chaves,20.2,26.5,14.2,36.9,73.1,6.7,9.9,7.5,69.2,81.4,18.1,53.4,7.4,15.1,55.8,23.7,14.3,38.9,25.6,25.4,21.2,27.9,8.7,35.4,19.6,10.7,12.7,34.4,31.0,71.0,17.3,17.9,39.8,17.1,5.6,13.1,35.5,4.0,13.4,8.4
35006,NM,Cibola,16.1,27.3,13.7,36.8,73.6,6.8,11.5,8.3,68.4,81.0,18.7,54.5,8.4,19.4,53.8,23.4,16.6,40.0,28.0,28.6,24.2,28.8,10.2,33.9,21.1,11.9,15.3,35.2,29.5,69.3,18.7,19.3,39.1,18.1,5.9,15.5,40.0,4.7,19.8,9.4
35007,NM,Colfax,15.8,30.6,12.7,39.2,78.7,9.4,9.4,9.3,72.3,85.8,14.8,60.2,8.1,13.2,60.6,21.1,15.5,37.2,23.0,18.7,15.3,25.2,10.7,38.0,14.2,9.4,9.5,31.8,27.5,71.8,14.6,18.4,31.5,16.6,5.2,9.7,32.7,4.7,10.2,7.6
35009,NM,Curry,17.6,23.0,15.1,32.2,69.8,5.9,10.3,6.4,66.4,78.6,18.1,53.2,6.7,14.4,61.8,24.6,12.0,34.9,26.2,24.0,19.7,24.7,7.7,32.1,18.4,10.1,12.5,36.8,28.5,71.9,18.3,14.3,39.4,15.3,4.8,12.4,37.9,3.5,21.4,7.2
35011,NM,De Baca,15.3,31.9,12.6,40.6,78.7,10.0,10.0,9.8,72.4,86.2,15.3,60.5,8.8,14.1,60.3,22.5,15.3,37.9,24.3,17.9,14.5,25.5,11.0,39.3,13.8,9.8,9.3,33.1,27.7,71.8,15.4,19.0,32.5,17.2,5.3,9.3,31.8,4.9,16.8,7.3
35013,NM,DoÃ±a Ana,19.7,23.3,14.8,32.5,72.8,6.1,9.4,6.7,69.7,81.0,16.8,54.4,6.0,12.1,61.2,22.0,13.7,36.3,25.0,24.5,19.8,26.0,8.1,33.1,18.8,9.7,12.2,34.8,27.7,67.1,15.9,15.7,35.9,15.6,5.0,12.0,31.4,3.6,14.5,8.0
35015,NM,Eddy,16.9,22.6,15.3,32.2,71.7,6.6,9.7,6.3,66.3,82.1,16.0,56.5,5.9,13.3,57.6,22.8,11.6,33.0,24.5,19.3,15.1,22.5,7.3,33.3,16.3,8.7,10.1,34.4,26.7,68.1,16.7,13.9,39.8,14.7,4.2,10.3,39.3,3.3,10.9,6.4
35017,NM,Grant,15.7,31.5,11.8,39.7,80.1,9.8,9.5,9.8,72.9,86.1,14.7,62.0,8.5,12.7,58.0,21.2,15.9,37.0,22.1,19.2,16.0,25.8,11.0,39.5,14.0,9.7,9.7,31.5,28.3,67.2,14.5,18.9,32.8,16.8,5.4,9.7,31.2,4.9,14.5,7.9
35019,NM,Guadalupe,24.5,24.7,13.6,37.2,73.7,6.1,8.6,8.3,67.5,81.2,17.0,55.5,6.4,13.9,53.2,19.2,16.5,38.9,27.3,27.8,21.7,29.9,9.8,35.9,20.8,10.0,13.1,35.1,33.2,68.4,15.2,18.7,36.8,17.1,5.9,13.3,35.6,4.3,15.8,9.8
35021,NM,Harding,16.4,37.2,9.9,47.5,82.6,11.7,9.4,12.9,76.0,88.4,14.9,64.8,10.8,14.3,61.1,20.4,19.6,42.4,22.3,20.0,18.2,29.9,14.3,43.3,13.5,11.3,9.7,30.4,32.2,67.6,13.6,24.2,35.3,19.0,6.8,9.9,31.2,6.4,18.4,9.6
35023,NM,Hidalgo,19.6,29.1,12.5,39.2,77.1,8.1,9.5,9.2,70.9,83.6,16.9,57.2,8.3,14.7,56.8,21.6,16.4,38.6,25.1,24.1,20.0,28.8,10.5,37.6,17.8,10.7,11.6,33.6,31.1,68.2,15.8,19.8,34.5,17.9,6.1,12.0,35.7,4.8,15.0,9.1
35025,NM,Lea,21.6,21.7,15.9,32.3,70.3,5.5,9.6,6.2,65.0,78.8,18.0,51.5,6.3,14.8,54.2,21.7,12.0,36.2,27.1,26.4,20.8,26.1,7.4,32.7,21.2,9.9,13.2,37.2,29.8,67.9,17.6,15.6,37.0,15.5,5.0,13.5,32.5,3.4,17.0,7.9
35027,NM,Lincoln,12.4,32.9,12.3,41.3,80.3,11.1,9.6,9.6,74.7,87.8,13.6,62.4,8.5,12.6,62.7,22.4,14.4,36.0,22.1,15.1,12.7,23.4,10.8,38.6,11.7,9.1,8.0,31.8,25.4,67.6,14.2,18.0,30.0,16.2,4.8,8.2,31.2,4.7,12.5,6.5
35028,NM,Los Alamos,5.7,22.3,16.7,28.0,73.5,8.6,8.8,4.9,71.7,88.4,9.2,65.3,3.7,7.1,78.3,20.5,8.0,21.4,19.6,6.6,4.5,11.7,5.9,32.7,6.5,4.8,4.4,30.6,13.5,75.4,12.1,8.3,25.4,9.6,2.1,4.5,27.4,2.4,4.3,2.9
35029,NM,Luna,25.8,28.2,12.2,39.0,76.2,7.2,9.9,10.1,68.6,79.8,20.0,52.6,9.5,16.9,48.7,22.6,17.7,42.7,27.2,32.9,29.7,33.7,11.2,38.1,23.2,13.0,15.8,36.0,35.7,68.8,17.6,22.4,35.7,19.7,7.5,16.0,36.8,5.3,22.3,11.7
35031,NM,McKinley,15.1,27.2,12.3,38.2,72.2,6.0,14.2,9.5,66.1,76.5,23.6,44.6,11.5,26.8,47.0,24.8,19.0,43.9,32.2,42.6,39.4,35.7,11.9,34.3,29.3,16.9,23.7,37.9,32.1,62.7,23.3,22.9,41.3,22.2,8.0,24.2,39.6,6.0,24.6,13.1
35033,NM,Mora,19.4,29.7,11.0,40.9,80.4,8.4,8.4,9.6,74.2,87.8,13.5,59.8,6.6,10.6,58.5,17.7,18.5,37.2,23.0,20.7,15.3,27.2,11.0,40.2,15.7,8.7,9.8,30.7,30.6,73.1,12.6,19.6,33.1,16.6,5.6,10.0,33.9,4.7,13.7,8.8
35035,NM,Otero,15.7,24.7,14.9,34.2,73.3,7.0,10.0,7.2,69.1,80.8,17.1,54.6,7.2,14.9,59.2,24.0,12.7,34.8,24.5,22.3,18.9,24.2,8.5,34.8,17.2,10.1,11.7,34.7,24.6,71.2,17.1,15.5,37.1,15.3,4.9,12.2,34.3,3.9,17.6,7.3
35037,NM,Quay,17.5,32.0,12.2,41.9,79.0,9.3,10.0,10.3,72.7,84.5,16.9,58.0,9.9,15.8,56.2,22.3,17.2,39.9,23.9,23.6,21.4,28.8,11.5,39.7,16.8,11.4,11.6,32.0,31.6,66.2,16.0,21.1,37.6,18.4,6.4,12.0,33.8,5.4,18.0,9.2
35039,NM,Rio Arriba,19.3,27.8,11.9,36.8,76.0,7.1,9.9,8.4,70.9,84.1,16.5,54.2,7.0,14.2,57.1,20.2,17.2,39.7,26.1,25.7,20.5,28.8,10.0,35.6,19.5,10.3,12.8,33.5,30.8,73.5,15.8,19.9,39.9,17.5,5.8,13.4,34.7,4.5,16.0,9.4
35041,NM,Roosevelt,16.2,23.1,14.8,30.9,70.5,6.4,10.0,6.5,65.0,78.6,18.0,54.0,6.6,13.4,60.6,24.2,11.5,36.1,24.2,21.8,17.8,23.2,7.8,33.8,16.7,10.0,11.6,36.3,26.9,67.7,18.2,14.5,32.6,15.0,4.5,11.3,34.0,3.4,13.4,6.9
35043,NM,Sandoval,12.3,25.2,14.3,34.0,74.6,8.0,9.7,6.4,69.7,86.2,13.4,61.6,5.6,11.2,62.8,23.1,11.8,31.1,23.9,15.6,11.2,19.2,7.7,35.3,13.1,7.5,8.4,32.7,22.1,70.1,15.3,13.3,32.6,13.8,3.6,8.6,36.3,3.4,13.4,5.4
35045,NM,San Juan,12.9,27.8,12.7,34.2,73.5,7.4,12.0,8.3,69.8,80.8,19.3,54.8,9.2,20.1,52.9,23.4,14.5,40.7,27.4,26.4,24.1,27.2,10.5,32.4,19.9,12.5,15.1,37.1,26.5,59.0,19.4,18.5,35.1,18.3,5.9,16.1,37.5,4.7,27.1,8.6
35047,NM,San Miguel,20.1,27.5,12.2,37.1,76.7,7.4,9.0,8.5,71.2,84.9,15.4,56.5,6.5,11.6,59.4,19.5,17.1,38.1,24.4,24.0,18.6,28.2,9.8,37.1,18.2,9.6,11.5,33.7,31.7,66.8,14.5,19.1,37.3,16.9,5.7,11.6,35.8,4.4,12.5,9.0
35049,NM,Santa Fe,13.1,26.7,12.0,33.2,76.7,9.7,9.2,7.6,72.0,87.8,12.0,63.8,6.3,10.0,68.6,21.9,12.6,28.8,21.5,14.0,10.6,20.2,8.6,35.6,11.4,7.4,7.5,31.1,21.4,76.9,13.1,14.4,25.6,14.1,3.9,7.6,29.1,3.8,9.9,5.7
35051,NM,Sierra,14.7,37.8,10.7,46.2,82.1,12.1,10.1,12.7,74.7,87.2,15.8,59.4,11.9,15.8,59.4,22.0,18.2,42.3,22.5,19.6,18.7,29.1,14.0,42.8,13.4,11.8,10.0,31.5,30.9,64.8,15.1,23.6,36.8,19.4,6.6,10.1,32.5,6.4,16.0,8.9
35053,NM,Socorro,18.0,26.7,12.9,36.6,74.9,7.3,10.0,8.7,69.0,81.1,17.7,55.1,8.1,15.5,52.2,21.7,15.7,38.4,25.7,25.5,21.7,28.8,10.0,35.3,18.5,11.1,13.0,34.1,30.9,67.0,17.2,19.2,36.2,17.8,5.9,13.0,31.8,4.6,26.5,9.1
35055,NM,Taos,13.8,30.5,12.4,38.1,78.4,9.6,9.4,8.7,72.3,87.8,13.2,61.7,7.0,11.2,63.4,20.5,15.2,33.7,21.9,16.5,12.7,22.8,10.0,37.3,12.5,8.4,8.4,30.9,25.2,73.3,13.4,16.9,27.9,15.4,4.7,8.7,29.6,4.4,11.5,6.9
35057,NM,Torrance,17.8,30.9,13.1,39.8,77.0,8.4,10.2,9.6,69.9,82.7,17.8,56.2,9.6,17.0,53.9,24.4,16.5,40.4,25.3,24.6,22.1,29.2,10.6,38.4,17.8,11.5,12.3,34.4,30.7,66.4,17.2,20.3,34.5,18.4,6.3,12.8,34.4,5.0,16.7,8.9
35059,NM,Union,17.0,28.6,13.6,38.2,75.5,8.5,9.7,8.7,69.3,83.1,16.3,51.6,8.4,15.3,52.9,22.2,14.7,36.9,24.9,21.1,18.0,26.1,9.9,36.9,15.9,10.1,10.7,33.7,28.2,67.9,16.0,18.0,34.3,16.8,5.4,11.1,34.3,4.5,19.5,7.7
35061,NM,Valencia,18.6,25.8,13.2,35.2,74.8,7.0,9.6,7.4,69.3,83.3,16.2,57.6,6.6,13.5,59.4,21.8,14.6,36.5,26.0,23.1,17.9,26.3,8.7,35.7,18.3,9.5,11.5,34.8,29.0,70.1,16.1,16.9,35.4,16.4,5.1,11.9,34.4,3.9,13.5,7.8
36001,NY,Albany,5.5,23.9,18.4,31.7,77.0,8.2,10.8,5.5,79.4,88.1,12.0,71.6,5.7,10.5,68.6,21.1,9.2,25.9,24.0,12.2,10.4,14.6,5.3,34.9,10.8,7.1,7.2,36.1,21.2,80.5,15.4,11.1,29.8,11.6,3.1,6.6,35.6,3.0,7.6,4.1
36003,NY,Allegany,6.0,28.5,17.4,35.5,77.8,9.4,11.2,7.3,80.0,86.7,14.2,67.1,8.1,13.8,62.9,21.2,11.1,30.1,22.6,13.9,13.1,18.3,7.0,37.8,11.3,8.8,8.1,33.2,25.5,76.5,17.4,14.3,34.4,14.2,3.9,7.0,37.0,3.7,14.4,4.9
36005,NY,Bronx,15.6,23.0,14.1,36.5,76.3,5.1,11.8,7.0,81.6,86.8,16.3,61.9,6.9,13.2,51.1,15.8,16.1,36.2,34.4,37.0,31.8,29.9,5.9,37.4,30.3,11.4,16.1,40.6,38.1,79.1,16.4,21.1,33.5,16.8,6.8,16.4,43.2,4.4,22.7,10.1
36007,NY,Broome,6.4,29.8,15.9,35.0,76.2,9.1,11.5,7.1,81.2,86.9,13.9,68.1,7.7,13.2,62.6,20.7,10.9,29.4,24.9,14.6,13.9,18.0,7.0,34.4,12.2,8.6,8.5,35.4,24.4,79.6,16.6,14.0,33.1,13.6,3.9,7.7,34.4,3.7,11.6,5.1
36009,NY,Cattaraugus,6.6,29.8,16.7,38.1,78.0,9.8,11.4,8.0,81.2,87.7,14.5,67.9,9.4,16.5,59.4,21.6,12.1,32.1,23.8,16.2,15.7,20.4,7.6,40.0,12.7,9.6,8.7,32.1,28.4,75.2,17.5,16.2,35.7,15.6,4.5,8.2,38.8,4.1,11.9,5.6
36011,NY,Cayuga,6.6,29.8,16.4,36.8,78.0,9.9,11.1,7.7,81.3,88.7,13.7,68.2,8.6,15.1,59.3,20.8,11.8,32.1,24.1,14.8,14.0,20.0,7.3,39.3,12.1,8.9,8.0,33.8,28.1,77.2,16.6,15.6,35.7,15.0,4.2,7.5,37.9,3.9,19.8,5.1
36013,NY,Chautauqua,7.3,30.4,16.4,37.3,79.0,9.9,11.2,7.9,81.4,88.2,14.0,68.5,8.8,14.9,58.6,20.6,12.6,30.9,23.1,16.1,15.3,20.2,7.5,38.8,13.1,9.2,8.6,31.1,27.8,74.3,16.7,15.8,36.3,15.3,4.4,8.2,39.5,4.0,13.6,5.6
36015,NY,Chemung,6.4,28.8,15.9,36.8,78.8,9.6,11.2,7.3,81.1,88.6,13.5,67.8,8.2,14.9,60.7,21.4,11.5,29.1,24.0,14.9,14.3,18.8,6.9,38.0,12.2,8.7,8.1,32.9,26.5,74.9,17.1,14.6,30.7,14.5,4.1,7.7,34.4,3.8,14.1,5.1
36017,NY,Chenango,6.4,31.6,16.2,37.1,79.2,10.5,11.2,8.1,80.2,88.9,13.8,68.8,9.0,15.3,60.1,21.1,12.3,30.9,24.0,14.8,13.9,19.7,7.7,38.9,11.7,9.0,7.8,32.2,27.8,76.8,16.9,15.7,36.3,15.1,4.3,7.3,38.9,4.1,20.2,5.2
36019,NY,Clinton,6.3,27.7,16.5,34.1,77.2,9.2,11.6,7.0,79.9,87.4,13.9,67.0,7.8,14.4,60.2,22.7,10.7,28.8,22.8,13.9,12.8,18.2,6.6,35.7,11.6,8.4,7.8,33.2,26.7,74.7,17.6,13.1,33.2,14.1,3.8,7.3,35.2,3.5,13.6,4.8
36021,NY,Columbia,5.7,31.0,15.5,37.0,81.0,11.2,10.5,7.8,82.0,90.9,11.4,71.6,7.7,12.4,66.8,19.3,11.8,28.5,22.6,11.7,10.5,17.1,7.4,41.9,9.7,7.6,6.4,30.0,24.6,79.5,14.3,14.4,30.8,13.5,3.7,6.0,34.3,3.9,12.8,4.6
36023,NY,Cortland,5.8,25.4,18.7,31.1,75.9,8.5,11.3,6.2,79.0,86.4,14.0,66.7,6.9,12.8,63.7,23.0,9.3,27.8,23.2,12.9,11.6,16.5,6.0,35.1,10.9,8.1,7.7,32.5,23.8,77.1,17.9,12.2,30.5,13.1,3.4,6.6,36.8,3.1,9.1,4.4
36025,NY,Delaware,6.5,31.7,16.1,39.6,79.8,10.7,10.9,8.5,81.8,89.0,13.1,69.1,9.0,14.5,61.9,20.5,12.5,31.2,23.7,14.3,13.3,19.1,8.2,39.2,11.0,8.9,7.6,31.1,28.6,77.5,16.1,15.7,32.8,15.2,4.3,7.0,40.1,4.3,19.8,5.4
36027,NY,Dutchess,6.5,25.7,15.3,33.4,77.8,8.8,10.4,6.0,80.0,89.9,11.6,70.2,5.9,11.0,67.9,18.9,9.9,25.5,23.6,12.2,10.0,15.1,5.6,36.1,11.2,6.9,6.9,32.6,21.6,77.4,14.8,11.8,28.2,11.9,3.2,6.5,35.5,3.1,15.4,4.2
36029,NY,Erie,5.9,27.8,17.4,33.0,78.8,8.8,11.5,6.5,82.9,89.0,11.7,67.6,6.9,12.4,64.4,20.6,10.8,24.9,23.1,13.5,12.5,17.1,6.0,37.0,12.0,7.8,7.6,30.5,24.8,81.4,16.0,12.8,32.8,13.1,3.6,7.7,37.4,3.4,10.1,4.6
36031,NY,Essex,5.8,31.9,16.2,37.9,79.5,11.1,10.7,8.1,81.5,90.2,12.1,70.7,8.3,13.5,64.0,20.4,11.8,30.2,21.9,11.8,10.9,18.2,7.7,39.6,9.8,8.0,6.6,30.4,25.8,80.2,15.1,15.4,34.8,14.4,3.9,6.1,34.6,4.0,7.9,4.7
36033,NY,Franklin,6.9,30.5,16.8,36.4,77.6,9.5,11.4,7.6,79.4,87.8,14.2,65.2,8.6,16.3,58.6,21.9,12.2,31.8,24.7,16.4,15.0,20.1,7.4,37.3,13.2,9.1,8.8,32.4,28.9,79.1,17.3,15.8,40.7,15.2,4.3,8.2,36.5,3.9,14.6,5.4
36035,NY,Fulton,6.7,31.7,16.4,38.3,79.2,9.8,11.9,7.8,80.7,88.5,14.3,68.9,9.1,16.0,57.2,21.7,12.1,33.2,23.0,15.7,15.0,20.2,7.5,38.2,12.4,9.2,8.1,32.3,28.5,77.2,17.4,16.1,35.8,15.5,4.4,7.8,40.3,4.0,15.2,5.3
36037,NY,Genesee,5.9,29.0,16.8,35.1,78.4,9.8,10.9,6.9,80.7,89.1,12.7,70.1,7.4,13.5,61.5,21.1,10.7,29.0,23.2,12.6,11.4,17.3,6.7,37.8,11.0,7.9,7.0,31.7,24.8,77.1,16.4,13.8,30.2,13.8,3.6,6.6,37.7,3.5,16.3,4.5
36039,NY,Greene,6.6,30.5,17.0,36.6,79.4,10.4,10.8,7.6,81.6,89.6,12.6,64.8,8.0,13.5,64.4,20.3,11.7,29.6,23.4,13.3,12.0,18.4,7.3,40.1,11.2,8.1,7.2,32.3,26.2,76.1,15.5,14.8,34.4,14.5,3.9,6.7,36.7,3.9,12.8,4.9
36041,NY,Hamilton,5.4,34.6,14.3,41.5,82.7,12.7,10.9,9.3,83.8,91.8,11.8,73.9,9.4,13.4,60.5,19.4,13.4,30.8,22.1,11.5,10.6,18.9,8.6,43.9,9.2,8.2,6.3,29.5,27.0,75.7,14.5,16.8,31.0,15.2,4.2,5.7,35.3,4.5,10.9,5.0
36043,NY,Herkimer,5.9,32.2,17.9,36.4,78.3,10.3,11.0,7.6,80.6,89.1,13.1,71.3,8.4,14.6,61.7,20.4,11.3,29.7,22.4,13.1,12.7,18.0,7.3,38.5,11.1,8.5,7.3,30.5,28.1,76.5,16.6,15.4,37.0,14.7,4.0,6.8,35.8,3.9,18.7,4.9
36045,NY,Jefferson,7.2,25.5,20.2,30.8,73.8,8.0,11.2,6.0,79.4,85.6,13.8,68.9,6.9,13.9,57.3,20.5,10.0,28.6,23.7,14.5,13.8,17.0,6.0,32.3,12.9,8.1,8.4,32.2,25.4,75.6,17.4,12.2,37.8,12.8,3.5,7.8,42.4,3.1,15.6,4.6
36047,NY,Kings,8.9,20.7,16.8,30.4,74.2,5.8,10.3,5.7,80.0,88.6,13.0,62.9,5.8,12.1,59.4,16.1,12.0,27.1,30.5,23.4,19.4,19.6,5.0,37.2,18.7,8.6,10.9,36.3,26.2,78.4,15.2,14.1,25.1,12.8,4.4,10.9,39.8,3.6,15.7,6.1
36049,NY,Lewis,6.2,31.2,17.2,36.3,79.1,10.0,11.0,7.7,81.1,88.6,13.5,67.7,8.6,15.1,61.5,20.9,11.8,29.8,23.0,13.7,13.0,18.8,7.3,39.5,11.4,8.7,7.5,32.1,27.8,77.4,16.8,15.2,40.9,15.1,4.1,7.0,37.3,3.9,16.0,4.9
36051,NY,Livingston,5.7,27.9,18.3,33.7,77.8,9.6,11.0,6.6,79.9,88.1,12.7,70.0,7.1,12.3,63.4,20.8,10.1,27.2,22.6,12.1,10.7,16.5,6.5,37.7,10.3,7.8,7.1,32.4,23.1,80.2,16.3,12.8,30.8,13.0,3.4,6.3,35.0,3.4,11.2,4.3
36053,NY,Madison,5.3,28.7,17.0,33.7,78.5,9.8,11.0,6.7,81.2,88.8,12.7,71.2,7.1,12.5,64.4,21.1,10.3,27.9,22.4,11.5,10.2,16.1,6.6,38.2,10.0,7.7,6.8,32.1,22.7,71.2,16.3,12.9,36.4,13.2,3.4,6.1,36.4,3.4,13.6,4.3
36055,NY,Monroe,6.0,27.3,17.4,33.7,77.1,8.9,10.9,6.3,79.6,89.1,12.0,70.4,6.3,11.6,70.2,21.9,11.2,27.4,22.9,13.3,12.4,16.5,5.8,34.3,12.1,7.4,7.7,32.5,25.4,79.8,15.3,12.7,31.4,13.1,3.5,7.5,34.5,3.3,12.1,4.5
36057,NY,Montgomery,8.3,29.2,16.9,35.3,78.7,9.1,11.0,7.4,79.3,88.1,14.0,67.8,8.2,15.2,56.3,21.2,11.5,29.5,24.5,17.4,15.6,20.2,7.1,36.5,14.2,9.0,8.8,33.6,27.7,78.2,16.8,14.7,38.8,14.9,4.3,8.6,42.3,3.8,14.4,5.6
36059,NY,Nassau,6.0,23.1,15.1,31.8,80.3,8.4,9.6,5.4,82.1,91.3,9.5,68.6,4.8,8.5,69.1,13.4,10.1,23.6,25.1,11.2,7.8,14.5,5.4,39.3,10.5,5.9,6.0,31.4,23.2,76.2,13.2,10.8,28.4,11.2,2.8,5.5,40.8,2.9,10.1,3.8
36061,NY,New York,6.8,20.3,21.0,27.2,74.8,7.2,9.6,4.9,79.7,89.2,10.7,68.1,4.4,8.2,64.0,18.5,8.9,23.9,26.3,14.7,11.6,15.3,4.8,36.8,12.5,6.6,7.6,38.0,20.4,81.2,14.5,11.3,19.2,11.1,3.1,6.7,35.9,2.7,11.5,4.5
36063,NY,Niagara,5.8,28.7,16.2,37.0,78.1,9.8,11.3,7.0,82.5,89.3,12.7,70.5,7.7,13.7,65.2,21.1,11.3,28.2,22.8,13.4,12.4,18.0,6.6,36.1,11.7,8.2,7.5,30.2,26.3,75.7,16.2,14.3,39.5,14.3,3.8,7.2,37.6,3.7,15.9,4.7
36065,NY,Oneida,6.7,29.6,16.9,36.6,78.3,9.4,11.0,7.3,80.4,88.3,13.2,68.2,8.0,14.2,61.2,20.4,11.5,29.6,23.3,14.8,13.8,18.7,6.9,38.0,12.4,8.5,8.2,32.6,28.1,77.6,16.7,14.5,36.1,14.1,4.0,7.6,38.3,3.7,15.2,5.1
36067,NY,Onondaga,5.8,26.9,16.4,35.6,78.0,9.1,11.3,6.5,82.0,88.8,12.5,70.6,6.8,11.9,64.3,22.0,10.9,27.9,23.4,13.5,12.4,16.5,5.9,35.3,11.9,7.9,7.7,33.0,23.1,82.2,16.5,13.3,36.9,13.2,3.6,7.4,36.9,3.4,11.4,4.5
36069,NY,Ontario,5.4,29.3,16.6,34.1,78.6,10.3,10.6,6.8,81.5,90.1,11.5,72.6,6.8,11.5,67.0,20.3,10.5,26.5,21.0,10.8,9.5,15.6,6.5,36.8,9.7,7.2,6.3,32.5,22.0,76.8,15.2,12.6,30.7,12.8,3.3,5.8,37.8,3.4,7.0,4.1
36071,NY,Orange,8.6,24.1,15.1,31.9,76.0,7.6,10.5,5.8,79.4,88.3,12.8,64.7,6.1,12.0,66.3,17.8,11.2,26.9,24.5,16.3,13.7,18.3,5.6,34.3,14.9,7.7,8.8,31.6,26.0,80.3,16.0,12.6,32.2,13.2,3.7,8.4,37.7,3.2,11.7,5.1
36073,NY,Orleans,7.2,29.5,16.6,35.7,77.6,9.5,11.4,7.5,80.3,88.2,14.1,66.4,8.5,15.7,63.0,20.6,11.7,30.2,24.8,15.9,14.6,20.0,7.0,37.8,12.9,8.9,8.3,32.9,28.3,77.0,17.2,15.2,32.9,15.0,4.2,7.8,36.9,3.9,13.3,5.2
36075,NY,Oswego,6.4,28.6,17.5,35.2,77.0,9.2,11.3,7.2,80.3,87.2,14.3,69.4,8.3,15.7,61.5,21.9,11.2,29.9,23.0,14.5,14.0,19.0,6.7,36.7,12.2,8.9,8.2,32.3,28.5,77.0,18.0,14.4,36.4,14.7,4.1,7.6,39.2,3.7,13.5,5.0
36077,NY,Otsego,5.9,26.7,16.7,32.1,78.9,9.3,11.3,6.8,78.5,86.7,13.8,70.7,7.2,12.1,65.8,20.9,10.2,28.3,23.2,12.8,11.7,17.2,6.7,37.0,10.5,8.3,7.7,33.6,24.2,82.5,17.4,13.1,29.9,13.4,3.5,6.4,35.3,3.4,11.7,4.6
36079,NY,Putnam,6.3,25.6,17.2,30.4,77.9,9.3,9.9,5.8,80.7,90.9,10.2,73.0,5.3,9.6,69.5,17.6,9.7,22.9,21.6,10.4,7.8,14.2,5.6,37.7,9.9,6.0,5.8,30.8,21.6,79.7,13.7,10.8,27.5,11.6,2.9,5.5,36.0,2.9,6.3,3.8
36081,NY,Queens,10.6,20.4,13.5,33.6,78.6,6.1,8.9,6.0,81.1,89.6,11.9,62.5,5.4,10.9,61.6,13.7,14.3,28.9,31.9,22.0,15.4,20.6,5.2,41.2,17.5,7.5,9.8,38.2,31.0,78.4,13.6,14.4,24.0,12.8,3.9,8.4,36.5,3.5,12.0,6.0
36083,NY,Rensselaer,5.7,26.4,17.5,32.1,76.9,8.9,10.9,6.0,79.6,88.8,12.1,70.2,6.5,11.9,66.5,20.0,9.9,26.6,23.2,12.3,10.8,15.5,5.9,36.1,10.9,7.3,6.9,31.5,23.2,75.4,16.0,11.9,31.5,12.6,3.2,6.7,40.3,3.1,11.7,4.1
36085,NY,Richmond,7.6,24.4,13.9,34.1,77.9,7.6,10.2,5.8,81.8,89.9,11.7,68.8,6.0,12.1,66.3,15.3,11.9,26.5,27.8,15.7,12.7,17.9,5.5,41.2,13.5,7.1,7.9,34.2,26.5,76.4,14.6,13.0,30.3,12.8,3.5,7.4,40.6,3.2,11.7,4.8
36087,NY,Rockland,8.2,24.0,15.7,32.3,78.0,7.9,10.5,6.3,80.2,88.8,12.1,66.5,6.1,11.4,63.6,17.9,11.3,25.6,23.9,16.0,13.7,17.8,5.8,36.0,14.0,7.7,8.3,34.5,27.2,79.5,15.0,12.9,30.5,12.4,3.8,8.2,42.6,3.4,10.3,5.2
36089,NY,St. Lawrence,6.5,29.2,18.6,36.5,77.2,9.1,11.7,7.3,81.2,86.4,14.9,67.4,8.6,15.3,59.0,23.6,11.9,31.7,23.9,14.9,15.2,19.2,7.1,36.6,12.2,9.2,8.6,34.2,28.0,78.2,18.2,14.4,41.8,14.7,4.1,7.8,36.3,3.8,20.8,5.3
36091,NY,Saratoga,4.7,27.9,17.0,32.3,78.6,9.8,10.3,6.0,80.7,90.6,10.7,73.8,5.8,10.6,71.0,20.2,9.6,23.8,20.7,9.1,7.7,13.7,5.8,38.2,8.7,6.3,5.5,30.7,19.8,83.1,14.7,10.8,33.1,11.8,2.9,5.2,30.1,3.0,11.1,3.5
36093,NY,Schenectady,6.2,25.5,16.2,33.0,77.2,8.4,11.0,6.1,79.7,88.7,12.3,69.0,6.4,12.1,65.8,19.3,10.2,27.0,24.2,14.0,12.3,16.2,5.9,35.7,12.2,7.6,7.8,33.4,22.6,78.4,15.8,12.5,34.3,12.5,3.5,7.5,38.6,3.3,12.8,4.5
36095,NY,Schoharie,5.9,29.1,16.9,36.8,79.2,10.4,11.0,7.6,81.5,89.0,12.6,70.9,7.9,13.4,59.7,20.0,11.3,28.5,22.6,12.2,11.1,17.4,7.2,39.3,10.2,8.1,6.9,31.7,25.3,74.5,16.1,14.1,32.4,13.9,3.7,6.3,38.3,3.8,8.0,4.6
36097,NY,Schuyler,6.0,31.9,16.3,37.8,79.6,10.6,11.2,8.2,81.4,89.5,13.2,68.5,9.0,15.1,58.7,20.8,12.4,30.7,22.7,13.9,13.6,19.2,7.7,38.9,11.2,8.8,7.5,31.2,26.2,75.2,16.2,16.0,31.7,15.1,4.3,7.2,37.9,4.1,11.2,5.2
36099,NY,Seneca,7.2,29.5,16.4,36.4,78.2,10.0,11.2,7.8,81.0,88.3,13.9,69.7,8.7,15.3,61.6,21.2,11.6,30.7,24.6,15.1,14.2,19.8,7.3,38.4,12.2,8.9,8.0,33.3,28.4,74.7,16.8,15.3,34.7,15.0,4.2,7.4,36.1,4.0,17.1,5.2
36101,NY,Steuben,5.9,31.1,17.4,35.7,79.0,10.0,11.0,7.5,81.0,88.6,13.4,66.8,8.3,14.6,63.4,21.7,11.5,30.1,23.1,13.5,12.9,18.1,7.1,38.7,11.2,8.5,7.5,30.9,26.2,77.8,16.4,15.1,34.8,14.4,4.0,7.1,37.5,3.8,13.4,4.9
36103,NY,Suffolk,7.2,23.9,16.5,31.7,77.2,8.6,10.2,5.7,81.5,90.5,11.2,67.5,5.4,9.6,67.3,16.0,10.0,26.1,23.6,12.5,9.3,15.7,5.5,39.4,11.3,6.5,6.5,29.5,24.1,78.9,14.4,12.0,29.7,11.9,3.1,6.1,38.4,3.0,9.7,4.1
36105,NY,Sullivan,8.5,27.9,15.6,35.8,77.6,8.9,10.6,7.2,80.4,88.9,13.0,63.0,7.5,13.7,61.4,19.3,12.1,29.4,24.1,16.6,14.6,19.8,6.7,37.6,13.9,8.3,8.7,31.3,28.7,74.8,15.7,14.7,31.9,14.3,4.2,8.3,40.3,3.7,13.1,5.4
36107,NY,Tioga,5.8,30.2,16.3,36.9,79.2,10.5,11.0,7.6,81.3,89.5,12.8,69.5,8.1,13.9,65.7,21.0,11.3,29.2,22.2,12.7,11.7,17.6,7.2,39.6,10.7,8.3,7.0,30.1,26.1,79.3,16.0,14.5,30.5,14.3,3.9,6.5,37.8,3.8,17.6,4.7
36109,NY,Tompkins,4.7,21.3,18.4,26.1,72.0,7.6,10.5,4.8,76.5,86.1,11.7,73.6,4.8,9.0,63.8,22.5,7.6,23.2,22.2,10.7,8.5,13.3,4.9,29.7,9.1,6.5,6.8,34.6,17.9,81.0,16.1,9.1,24.6,10.5,2.5,5.4,34.7,2.4,13.4,3.5
36111,NY,Ulster,6.5,27.7,15.1,37.0,77.9,9.5,10.4,6.8,81.5,89.7,11.9,68.1,6.9,11.8,64.5,19.4,10.9,26.5,22.6,12.7,11.3,16.7,6.4,37.4,11.6,7.5,7.4,30.0,24.1,78.5,15.2,13.1,30.5,13.3,3.6,6.8,35.6,3.5,10.9,4.6
36113,NY,Warren,5.3,30.1,15.4,35.8,80.1,10.7,10.9,7.2,81.9,90.2,11.8,73.8,7.4,12.2,63.1,21.0,11.2,27.8,21.5,10.9,9.9,17.2,7.0,38.3,9.4,7.4,6.3,29.8,23.5,78.5,15.3,13.7,31.0,13.7,3.5,5.8,34.2,3.6,13.5,4.3
36115,NY,Washington,6.2,30.7,16.4,36.2,78.7,10.2,11.1,7.4,81.7,89.1,13.1,64.2,8.1,14.7,63.0,20.4,11.2,30.4,23.4,12.9,12.2,18.5,7.0,40.7,11.1,8.4,7.2,31.5,26.7,79.4,16.4,14.8,31.4,14.5,3.9,6.8,34.1,3.8,18.6,4.8
36117,NY,Wayne,6.2,29.1,16.4,34.0,78.8,10.1,11.1,7.3,80.8,89.4,12.7,70.4,7.7,13.9,66.0,20.9,11.2,28.9,23.0,13.1,11.7,17.7,6.9,38.0,11.2,8.1,7.1,32.5,26.0,79.9,16.1,14.3,37.4,14.1,3.8,6.8,37.0,3.7,10.2,4.7
36119,NY,Westchester,7.5,24.1,15.1,29.8,77.3,8.1,9.3,5.6,80.6,90.8,10.2,68.1,4.9,9.2,68.2,15.5,10.5,23.0,22.0,12.4,9.6,14.8,5.2,36.5,11.6,6.2,6.6,30.6,22.0,81.4,13.3,11.3,26.0,11.2,3.2,6.6,35.2,3.0,8.3,4.3
36121,NY,Wyoming,7.0,28.7,17.5,36.6,77.3,9.6,10.9,7.3,80.5,88.5,13.4,69.1,8.1,15.1,62.2,20.7,11.2,29.5,24.6,14.2,12.9,18.7,6.9,38.4,12.1,8.3,7.8,32.6,26.1,69.9,16.5,14.4,35.6,14.3,3.9,7.3,38.7,3.7,11.0,4.8
36123,NY,Yates,6.8,30.1,17.1,35.8,79.3,10.3,11.3,7.9,80.9,87.9,14.0,71.3,8.9,14.8,60.8,20.8,11.6,31.0,23.2,14.4,13.5,19.2,7.6,38.7,11.3,9.1,7.8,32.2,26.6,76.6,16.7,15.5,33.9,14.8,4.2,6.9,36.6,4.0,15.8,5.2
37001,NC,Alamance,11.7,28.0,14.1,36.5,77.4,7.9,10.9,6.7,80.0,87.0,15.7,66.2,7.4,13.9,60.1,24.0,12.2,33.0,22.7,16.4,13.3,20.1,7.5,35.0,13.1,8.8,8.9,33.4,24.4,79.5,17.2,14.7,38.5,13.2,4.2,8.6,35.5,3.8,14.5,5.7
37003,NC,Alexander,11.1,30.8,15.0,39.1,77.9,9.3,10.8,8.0,79.3,86.8,16.4,65.2,9.2,16.8,62.8,25.8,12.7,35.9,22.6,14.8,12.0,21.2,9.1,38.4,11.2,9.3,8.0,32.5,26.3,76.8,17.5,16.5,36.5,14.6,4.4,7.3,33.1,4.1,12.7,5.7
37005,NC,Alleghany,12.4,36.0,12.8,44.9,81.7,11.3,10.8,10.5,81.7,88.2,16.5,65.3,11.6,17.2,57.8,25.3,16.0,39.8,20.8,16.4,14.3,24.8,11.6,42.4,11.2,10.6,8.5,30.5,29.6,76.5,16.4,20.7,36.5,16.6,5.6,7.8,32.6,5.3,18.8,7.2
37007,NC,Anson,14.0,31.6,12.3,46.6,78.7,7.4,12.0,8.8,81.2,85.7,18.9,63.2,10.5,19.7,53.4,23.4,17.2,41.1,28.3,27.0,25.5,27.8,8.7,37.5,19.8,12.2,13.6,35.4,33.1,77.5,18.9,21.2,43.3,16.2,6.6,14.3,39.7,5.5,24.9,8.6
37009,NC,Ashe,10.2,34.8,13.5,42.9,81.1,11.3,10.6,9.4,81.4,88.8,15.3,67.6,10.0,15.5,63.3,25.2,14.0,36.9,20.2,13.1,11.0,21.6,10.7,41.7,9.5,9.3,7.2,30.6,26.3,73.8,16.2,18.0,36.2,15.1,4.6,6.5,32.0,4.6,17.6,5.9
37011,NC,Avery,10.8,31.5,15.1,39.9,78.3,9.9,10.6,8.4,79.7,86.9,15.8,66.1,9.2,15.8,62.6,25.2,12.9,35.7,21.2,13.9,11.3,21.0,9.6,38.9,10.4,9.1,7.7,30.6,25.4,75.2,16.8,16.4,37.1,14.5,4.4,7.0,32.1,4.2,13.5,5.6
37013,NC,Beaufort,10.9,34.3,12.9,45.0,81.4,9.9,11.2,9.2,82.3,88.8,15.9,68.5,10.0,16.1,59.5,23.9,15.6,37.5,22.3,17.4,15.1,22.9,9.7,40.5,12.8,9.9,9.0,32.5,28.3,77.8,16.5,19.4,36.8,15.2,5.3,8.9,33.8,5.0,17.2,6.7
37015,NC,Bertie,13.2,33.7,11.3,50.0,81.4,7.9,12.0,9.6,83.2,87.6,17.7,63.9,10.7,18.3,52.2,21.7,19.3,41.6,28.4,26.7,24.9,28.5,8.9,39.6,19.2,12.1,13.2,35.3,34.2,78.7,17.5,22.9,43.0,16.2,7.0,13.9,42.0,6.3,32.4,9.0
37017,NC,Bladen,12.0,33.0,12.4,46.3,81.0,8.9,11.6,9.1,82.3,87.9,16.8,64.3,10.0,16.8,56.9,24.2,16.6,39.1,24.0,20.8,19.0,25.2,9.3,39.8,15.4,10.8,10.8,33.7,31.3,78.1,17.4,20.1,41.3,15.6,5.8,11.0,36.7,5.3,19.9,7.6
37019,NC,Brunswick,7.9,35.7,12.9,41.6,83.2,12.3,10.4,8.8,84.3,91.5,12.5,75.2,8.5,12.4,67.0,23.4,13.5,33.1,18.7,10.1,7.9,17.9,9.7,42.1,7.8,7.6,5.7,28.3,22.5,79.4,14.0,16.0,32.8,13.3,3.9,5.3,33.9,4.3,12.2,4.8
37021,NC,Buncombe,9.0,27.6,15.3,36.1,77.6,9.7,10.3,6.7,79.1,88.5,13.6,66.3,6.9,12.3,69.5,24.7,10.9,30.5,20.0,11.4,9.1,16.7,8.0,35.5,9.1,7.4,6.6,29.9,20.3,76.4,15.3,13.4,31.3,12.2,3.4,6.1,26.9,3.4,7.1,4.5
37023,NC,Burke,11.6,32.0,14.2,40.4,78.9,9.5,10.9,8.6,80.3,86.9,16.7,64.9,9.8,17.0,61.9,26.1,13.8,36.9,22.6,16.2,13.6,22.6,9.6,38.3,11.8,9.8,8.5,32.8,28.4,76.9,17.3,17.7,36.8,15.1,4.8,7.9,33.7,4.4,20.4,6.3
37025,NC,Cabarrus,9.9,25.1,15.0,34.7,75.2,7.2,10.4,5.5,78.8,88.1,13.8,63.9,5.8,12.4,66.4,23.4,10.8,29.2,23.0,13.5,10.2,17.1,6.2,34.2,11.5,7.2,7.5,32.3,21.7,78.7,16.2,12.1,33.3,11.6,3.3,7.4,34.2,3.1,16.0,4.5
37027,NC,Caldwell,11.3,31.0,14.7,39.8,78.4,9.6,11.0,8.4,80.0,86.9,16.7,65.2,9.6,17.0,61.0,26.3,13.2,35.7,22.0,15.5,13.0,22.3,9.4,39.0,11.3,9.7,8.2,31.6,27.3,78.0,17.6,17.2,33.4,15.2,4.7,7.6,31.9,4.3,19.4,6.0
37029,NC,Camden,8.2,27.9,16.1,35.6,76.9,8.6,10.6,6.1,79.9,88.8,13.5,69.8,6.5,13.1,65.0,24.6,10.7,29.4,21.1,10.6,7.9,16.4,7.0,36.5,9.2,7.0,6.2,30.7,21.2,76.6,16.1,12.6,35.2,12.1,3.2,5.9,33.5,3.3,14.6,4.1
37031,NC,Carteret,8.0,32.5,14.3,40.5,81.1,11.3,10.4,8.1,82.3,90.3,13.0,73.6,8.1,12.7,67.2,24.1,12.5,31.9,19.1,10.1,7.8,17.8,9.1,40.3,8.0,7.6,5.9,29.1,22.1,78.9,14.7,15.3,34.0,13.3,3.7,5.4,31.3,4.0,12.7,4.7
37033,NC,Caswell,11.8,32.0,13.2,44.1,80.0,8.6,11.3,8.5,81.4,87.5,16.6,65.7,9.5,16.9,57.6,23.5,15.5,37.8,25.4,19.1,16.4,23.8,8.7,38.8,14.3,10.1,9.9,33.9,28.9,77.3,17.2,19.0,39.3,15.1,5.4,9.7,35.1,5.0,21.0,6.9
37035,NC,Catawba,10.9,28.6,14.8,37.4,77.0,8.9,10.7,7.1,78.9,87.3,15.3,62.7,7.8,14.7,62.2,25.7,12.1,32.9,22.7,14.3,11.1,19.5,8.2,38.0,11.1,8.4,7.8,33.1,24.3,74.5,16.7,14.9,37.4,13.4,4.0,7.2,31.0,3.7,13.7,5.3
37037,NC,Chatham,9.3,31.4,13.9,39.9,80.6,10.6,10.2,7.8,82.6,90.5,12.5,67.5,7.3,11.5,66.4,22.1,12.9,30.9,19.5,11.3,8.4,17.6,8.7,39.4,8.9,7.4,6.3,27.8,22.5,80.1,13.8,15.1,30.1,12.5,3.8,5.8,28.6,4.0,10.9,4.9
37039,NC,Cherokee,9.2,36.9,12.8,44.8,82.5,12.1,10.7,10.3,82.9,89.8,14.9,68.7,10.8,15.6,60.6,25.4,15.2,37.6,20.0,13.0,11.2,21.9,11.4,43.4,9.1,9.5,7.1,29.8,27.1,76.0,15.7,19.4,34.8,15.6,4.9,6.5,30.0,5.1,13.8,6.1
37041,NC,Chowan,11.2,34.3,11.9,47.1,81.5,9.6,11.5,9.5,82.8,88.5,16.4,68.4,10.5,16.8,59.5,23.5,17.0,39.3,23.6,19.5,17.9,24.8,9.8,40.9,13.9,10.7,10.0,32.9,30.2,76.9,16.7,20.8,40.4,15.8,5.8,10.0,35.8,5.5,14.6,7.4
37043,NC,Clay,8.5,36.2,12.6,44.3,83.0,12.7,10.5,9.9,83.0,90.5,13.8,70.1,10.0,13.8,64.7,24.7,14.3,36.3,19.1,11.0,9.1,20.1,11.2,42.8,8.0,8.6,6.2,29.2,25.5,78.5,14.7,18.2,35.3,14.7,4.4,5.5,30.5,4.8,17.4,5.5
37045,NC,Cleveland,10.9,30.5,14.0,41.1,78.0,8.6,11.5,7.8,80.2,86.7,16.8,61.8,9.1,16.4,56.4,25.9,13.6,36.5,23.1,17.6,15.3,22.1,8.5,38.1,13.3,9.9,9.4,33.4,27.5,76.0,17.8,17.2,38.6,14.6,4.9,9.2,35.2,4.4,14.4,6.2
37047,NC,Columbus,12.3,31.9,13.0,44.6,78.1,8.4,11.8,8.6,80.8,86.4,17.9,62.4,10.0,18.3,53.2,24.4,15.6,38.8,25.2,21.5,19.6,25.2,9.1,38.4,16.0,11.1,11.2,34.4,31.1,78.5,18.3,19.4,41.1,15.8,5.7,11.3,38.2,5.1,25.0,7.5
37049,NC,Craven,10.2,29.4,14.6,39.5,78.6,8.8,10.9,7.4,80.9,87.3,15.3,69.0,7.9,14.0,60.7,24.3,12.5,34.0,22.5,14.8,12.0,19.9,8.3,36.1,11.6,8.6,8.3,33.9,24.8,78.1,16.7,15.4,36.9,13.4,4.1,7.9,33.3,4.0,15.3,5.5
37051,NC,Cumberland,11.8,25.1,15.8,37.6,74.1,5.9,11.4,5.7,79.3,84.9,16.7,68.1,6.5,14.8,62.1,25.0,12.2,35.4,26.1,20.3,17.0,20.6,6.2,32.4,16.4,9.2,11.0,36.9,25.3,77.8,18.4,14.7,40.1,12.8,4.3,11.4,41.1,3.6,15.1,6.1
37053,NC,Currituck,8.1,28.1,16.4,35.2,77.3,9.1,10.4,6.3,80.0,89.1,13.4,68.9,6.7,13.2,67.6,24.7,10.7,29.7,20.5,10.2,7.7,16.3,7.3,36.6,8.8,7.0,6.0,29.8,21.6,81.0,15.8,12.7,34.5,12.2,3.2,5.7,31.0,3.2,10.1,4.1
37055,NC,Dare,7.3,30.4,14.4,38.0,80.3,11.0,10.1,7.1,81.9,90.8,11.9,69.7,7.0,11.4,72.3,24.1,11.2,29.0,18.3,8.6,6.4,15.5,8.2,39.0,7.1,6.6,5.1,28.5,20.2,79.4,14.2,13.1,31.6,12.0,3.2,4.7,27.0,3.5,7.6,4.0
37057,NC,Davidson,11.1,30.0,14.0,38.6,78.6,9.0,11.0,7.6,79.5,87.2,16.3,65.4,8.7,15.8,63.2,25.6,12.7,34.5,22.4,15.6,12.8,20.7,8.6,37.2,11.8,9.1,8.4,31.5,26.5,77.4,17.5,15.9,36.2,14.2,4.4,7.9,32.5,4.1,15.7,5.7
37059,NC,Davie,9.4,31.1,14.6,39.1,79.2,10.0,10.5,7.5,80.3,88.8,14.3,66.0,7.8,13.5,64.3,24.8,12.1,33.3,20.8,11.7,9.0,18.4,8.8,38.4,9.4,8.0,6.6,31.4,23.6,82.1,15.8,14.9,33.4,13.3,3.8,6.0,32.0,3.9,13.7,4.9
37061,NC,Duplin,15.8,30.5,13.2,42.9,79.4,8.2,11.2,8.4,80.4,86.6,17.4,63.7,9.4,16.3,56.4,23.4,15.5,38.9,24.5,21.4,18.2,25.5,8.9,38.4,16.2,10.6,11.0,33.6,29.9,75.4,17.3,19.2,39.4,15.4,5.7,10.7,34.2,4.9,18.5,7.6
37063,NC,Durham,9.6,21.8,15.4,32.9,75.1,6.3,10.8,5.0,80.4,87.4,13.2,66.6,5.1,10.7,67.7,22.9,10.5,28.0,22.2,14.2,11.0,16.5,5.5,32.3,12.1,7.0,8.1,32.3,21.6,80.5,15.3,11.5,36.1,10.7,3.3,7.8,33.4,3.0,11.2,4.6
37065,NC,Edgecombe,13.0,32.7,11.4,47.6,80.9,7.5,12.4,8.8,82.5,87.5,17.9,66.1,10.0,17.7,55.3,22.7,17.9,40.3,27.3,26.2,24.8,27.3,8.1,37.5,19.5,11.8,13.2,34.8,33.5,79.6,18.2,21.7,43.7,16.0,6.6,14.0,36.9,5.7,25.8,8.6
37067,NC,Forsyth,10.9,26.1,14.6,36.7,77.1,7.7,11.1,6.5,80.0,87.7,15.1,67.1,7.0,13.4,64.4,23.4,12.4,32.8,23.0,16.1,13.2,19.8,7.1,33.9,13.0,8.5,8.8,33.0,25.2,83.2,16.4,14.6,41.2,12.6,4.1,8.7,33.4,3.7,15.8,5.6
37069,NC,Franklin,11.1,28.6,14.5,38.6,77.2,8.0,11.0,6.8,80.2,87.8,15.4,64.6,7.6,14.8,61.7,24.5,12.8,33.9,23.9,16.4,13.2,20.1,7.4,36.7,13.2,8.6,8.8,33.7,25.0,75.8,16.8,15.4,38.8,13.3,4.3,8.7,36.7,3.9,16.8,5.6
37071,NC,Gaston,10.9,28.2,15.3,37.1,77.2,8.0,11.1,6.7,79.7,87.2,15.8,64.1,7.7,15.0,61.3,25.3,12.3,33.0,22.7,16.1,13.3,20.2,7.5,36.5,13.2,8.8,8.7,33.2,25.3,78.1,17.4,14.9,36.2,13.5,4.2,8.6,37.5,3.7,19.0,5.5
37073,NC,Gates,10.1,33.4,12.9,44.6,81.0,9.0,11.5,8.6,81.5,88.4,16.1,66.7,9.5,16.6,59.9,24.2,15.8,37.6,24.6,17.9,15.6,23.2,8.8,39.6,13.6,10.0,9.4,33.4,29.2,77.7,17.3,19.1,39.0,15.1,5.3,9.4,36.0,5.1,22.2,6.6
37075,NC,Graham,9.9,32.5,14.6,40.5,79.5,10.5,10.9,8.7,80.4,87.9,15.8,66.9,9.2,15.7,60.9,25.4,13.1,36.1,22.1,13.2,10.1,20.6,10.1,39.6,9.9,9.1,7.4,32.2,25.7,78.4,16.8,16.9,35.1,14.7,4.2,6.4,32.6,4.3,18.3,5.5
37077,NC,Granville,11.6,28.5,13.9,40.7,78.2,7.8,11.3,7.2,80.5,87.6,15.7,66.3,8.0,15.4,59.4,23.4,13.6,34.1,24.3,18.0,14.8,21.6,7.6,37.3,14.2,9.1,9.5,33.1,26.5,77.4,17.0,16.2,36.2,13.8,4.7,9.5,36.0,4.2,17.6,6.1
37079,NC,Greene,16.9,29.1,14.0,43.0,76.4,6.9,11.3,8.1,78.8,84.2,19.0,61.3,9.6,19.6,52.0,23.4,15.9,39.9,28.0,26.1,23.1,27.2,8.3,36.5,19.6,11.3,13.3,35.6,32.4,78.9,18.7,19.2,42.8,15.7,6.1,13.5,40.1,4.9,28.5,8.2
37081,NC,Guilford,10.3,26.3,13.7,36.9,76.9,7.1,11.2,6.1,80.6,87.3,15.1,64.5,6.5,13.0,61.7,24.2,12.2,33.1,24.2,16.9,13.9,18.7,6.7,34.4,14.1,8.4,9.3,33.8,23.7,79.4,16.8,13.7,38.0,12.4,4.0,9.3,35.3,3.6,13.4,5.5
37083,NC,Halifax,13.6,34.4,11.5,49.7,80.8,7.8,12.4,9.8,82.7,86.9,19.0,63.0,11.5,19.8,52.2,22.5,19.4,42.0,28.1,29.1,27.8,29.4,9.2,39.7,20.8,13.0,14.4,35.9,35.2,78.4,18.4,23.5,42.6,17.2,7.5,15.3,38.2,6.3,27.5,9.6
37085,NC,Harnett,12.1,26.3,16.0,37.7,74.6,7.0,11.0,6.2,79.0,86.2,16.4,66.4,7.1,15.3,60.3,26.0,11.8,33.8,23.9,17.2,14.2,20.5,6.9,34.5,14.0,8.8,9.4,33.6,25.9,76.9,18.1,14.4,36.9,13.1,4.1,9.4,37.3,3.5,14.5,5.6
37087,NC,Haywood,9.0,32.4,14.5,40.2,80.4,10.8,10.6,8.3,80.6,89.0,14.4,68.7,8.7,13.9,66.4,26.4,12.4,35.3,19.8,11.7,9.3,19.2,9.6,39.6,8.9,8.4,6.6,30.7,23.9,80.8,15.9,16.1,33.3,14.0,4.0,6.0,30.2,4.1,14.8,5.1
37089,NC,Henderson,9.9,31.7,13.4,38.8,80.8,10.8,10.3,8.2,81.5,89.6,13.5,67.2,8.2,12.7,66.9,23.8,12.5,32.9,19.3,11.4,8.8,18.9,9.5,39.7,8.9,7.9,6.4,28.9,23.2,77.1,14.9,15.6,30.3,13.4,3.9,5.9,32.3,4.1,12.1,5.1
37091,NC,Hertford,12.9,32.7,11.1,48.1,81.2,7.5,12.3,9.1,83.2,87.0,18.0,67.1,10.2,17.6,52.3,22.6,18.9,40.9,27.7,26.8,25.3,27.7,8.5,38.9,19.5,12.1,13.7,35.5,33.2,78.3,18.2,22.1,42.5,16.0,6.9,14.3,41.3,6.0,28.4,9.0
37093,NC,Hoke,13.0,26.1,14.5,38.2,74.5,5.7,11.7,6.0,79.3,85.6,17.5,62.5,7.0,16.5,57.0,24.7,13.3,34.8,25.8,22.6,19.1,22.8,6.4,33.5,18.3,9.7,11.9,35.6,28.0,77.7,19.0,15.3,38.5,13.9,4.8,12.5,39.9,3.8,22.2,6.6
37095,NC,Hyde,13.7,33.2,13.2,46.5,79.6,8.9,11.0,9.6,80.9,86.7,17.3,60.4,10.8,19.0,51.0,23.2,17.0,40.2,25.1,21.8,19.9,26.4,9.8,40.0,15.8,11.0,11.1,32.7,31.5,75.5,17.2,20.8,41.0,16.2,6.1,11.4,36.7,5.5,25.5,7.9
37097,NC,Iredell,9.1,27.1,15.6,36.4,76.7,8.5,10.5,6.2,80.2,88.3,13.9,65.0,6.6,12.9,64.4,24.4,10.7,30.8,21.4,12.1,9.1,17.1,7.2,36.6,10.0,7.3,6.8,31.2,21.6,78.2,15.9,13.0,32.8,12.2,3.4,6.5,30.4,3.3,11.8,4.5
37099,NC,Jackson,9.8,28.1,15.6,35.5,76.6,8.7,11.1,7.4,78.7,84.6,16.7,63.7,8.2,14.2,63.2,27.2,12.1,35.3,21.1,14.5,11.5,19.4,8.8,36.0,10.7,9.3,8.7,34.4,24.2,76.7,18.3,15.1,34.5,13.6,4.0,7.3,32.3,3.8,14.7,5.5
37101,NC,Johnston,11.4,25.7,15.2,35.1,75.5,7.3,10.8,5.9,79.3,87.4,15.1,64.9,6.6,14.2,61.4,24.3,11.6,32.1,22.6,15.2,11.7,18.7,6.7,34.9,12.7,8.0,8.3,32.1,23.6,81.5,16.9,13.5,35.1,12.7,3.8,8.2,35.3,3.3,14.6,5.1
37103,NC,Jones,11.8,34.5,12.4,46.3,81.3,9.1,11.6,9.4,81.9,87.6,17.2,67.5,10.8,18.1,56.7,24.7,17.0,39.8,23.8,20.9,19.5,25.8,9.6,40.4,14.9,11.1,10.6,32.5,30.9,79.7,17.6,21.0,40.0,16.3,6.1,10.8,35.4,5.5,17.3,7.7
37105,NC,Lee,13.8,28.8,14.9,38.4,77.5,7.9,10.9,7.2,79.6,86.8,16.6,64.7,8.0,15.5,58.2,24.4,13.5,35.6,24.2,18.4,14.7,22.5,8.0,37.8,14.7,9.4,9.7,34.1,27.4,75.2,17.5,16.3,37.8,14.2,4.7,9.4,38.4,4.0,16.2,6.3
37107,NC,Lenoir,13.9,33.3,11.9,46.9,80.6,8.1,12.2,9.5,82.2,86.6,18.8,64.4,11.1,19.3,54.5,24.2,17.8,41.8,25.5,25.6,24.5,28.6,9.2,39.0,18.6,12.4,12.9,34.0,34.2,77.3,18.5,22.4,42.4,16.9,6.9,13.4,39.8,5.8,24.3,8.9
37109,NC,Lincoln,9.4,29.5,15.7,37.6,78.4,9.4,10.6,7.0,79.7,88.5,14.4,65.8,7.6,14.0,63.0,25.1,11.5,31.5,21.1,11.9,9.2,17.9,8.0,37.7,9.7,7.8,6.7,31.3,22.9,78.9,16.2,14.1,35.0,13.0,3.7,6.3,33.5,3.6,12.0,4.7
37111,NC,McDowell,11.2,31.8,14.6,39.8,78.5,9.7,10.9,8.3,80.0,87.0,16.5,67.1,9.6,17.0,54.1,26.1,13.0,36.2,21.5,15.0,12.5,21.5,9.4,39.8,11.0,9.5,8.1,32.1,26.3,74.7,17.4,17.0,35.2,14.9,4.6,7.5,35.2,4.3,16.9,5.9
37113,NC,Macon,10.4,34.5,13.2,43.5,81.5,11.5,10.6,9.6,82.0,89.0,15.1,70.2,10.1,14.9,64.2,25.4,14.2,37.4,19.8,13.3,10.9,21.4,10.9,41.8,9.6,9.2,7.2,29.4,27.0,77.6,15.8,18.3,35.3,15.1,4.6,6.5,30.4,4.7,11.9,5.9
37115,NC,Madison,8.8,30.4,14.9,38.3,78.1,10.1,10.7,7.6,80.5,87.9,14.9,66.5,8.1,13.9,63.0,25.8,11.6,33.8,19.7,11.4,9.2,18.3,8.9,37.9,8.8,8.2,6.6,30.7,23.0,77.9,16.3,14.9,34.6,13.3,3.8,5.9,30.7,3.8,18.9,4.8
37117,NC,Martin,11.8,34.8,11.5,47.5,82.0,9.0,12.0,9.5,82.9,88.4,17.1,67.0,10.6,17.3,54.5,23.8,17.8,40.8,25.6,22.0,19.9,26.3,9.3,40.5,16.0,11.3,11.0,34.6,31.2,79.4,17.5,21.9,40.4,16.2,6.3,11.3,37.1,5.8,24.6,7.9
37119,NC,Mecklenburg,10.1,21.9,15.3,31.0,73.7,6.2,10.4,4.8,78.6,87.7,13.3,62.7,5.0,10.8,63.5,22.7,10.1,27.4,23.7,14.6,10.8,15.8,5.4,31.8,12.6,6.9,8.0,32.6,20.9,80.3,15.7,11.0,29.7,10.7,3.2,8.2,38.7,2.8,8.5,4.5
37121,NC,Mitchell,9.3,32.8,14.4,40.3,80.0,10.8,10.6,8.4,81.0,88.8,14.7,70.5,9.0,14.6,64.3,25.6,12.8,34.5,20.3,11.7,9.4,19.4,9.6,39.8,9.0,8.5,6.7,30.5,24.9,75.5,16.2,16.2,37.2,14.2,4.1,6.0,31.2,4.2,12.2,5.2
37123,NC,Montgomery,13.5,32.5,13.1,42.8,79.9,9.2,11.1,8.8,81.2,87.3,16.8,65.6,9.8,16.4,59.8,24.5,15.1,38.0,23.5,18.8,15.8,24.2,9.5,39.4,13.9,10.2,9.7,33.2,28.9,77.9,17.1,18.9,38.7,15.6,5.3,9.2,34.5,4.8,19.9,6.9
37125,NC,Moore,8.4,29.8,14.1,38.3,79.6,10.3,10.3,7.3,81.7,89.8,12.9,69.3,7.0,11.4,68.0,23.5,11.5,31.5,20.0,10.5,8.0,16.5,8.4,38.5,8.6,7.3,6.0,29.5,21.0,77.8,14.7,13.8,32.6,12.2,3.4,5.7,31.4,3.7,13.3,4.5
37127,NC,Nash,11.6,30.1,13.2,42.5,79.5,7.8,11.5,7.5,81.5,87.8,16.0,65.0,8.3,15.6,59.0,22.8,15.0,35.5,25.3,20.1,17.1,23.1,7.6,38.0,16.0,9.7,10.4,33.1,28.9,81.1,17.2,17.7,38.4,14.2,5.1,10.8,36.0,4.6,17.9,6.6
37129,NC,New Hanover,8.4,27.0,17.6,34.7,76.4,8.7,10.5,6.3,79.9,87.6,13.9,69.7,6.5,11.6,69.3,25.0,10.6,30.7,20.0,11.2,9.0,16.5,7.3,37.1,9.3,7.4,6.9,32.1,20.9,79.2,16.3,12.6,31.1,11.7,3.3,6.3,30.9,3.3,9.2,4.4
37131,NC,Northampton,11.7,37.3,10.2,52.0,83.8,9.4,12.0,10.6,85.0,89.6,16.7,68.7,11.2,17.2,56.0,21.9,20.3,42.5,26.5,23.9,22.4,28.1,9.9,41.3,17.1,11.9,11.8,33.6,33.6,77.6,16.5,24.4,42.7,16.5,7.1,12.4,38.1,6.7,23.1,8.9
37133,NC,Onslow,11.7,19.7,17.8,28.8,68.2,5.4,10.2,4.7,76.5,81.1,17.3,65.8,5.6,13.3,63.9,24.4,8.6,31.7,23.5,15.6,11.9,17.1,5.9,28.3,12.7,8.0,9.3,36.0,20.9,78.1,18.9,10.5,33.4,11.2,3.1,8.1,37.3,2.6,13.8,4.7
37135,NC,Orange,7.5,22.9,15.8,30.2,75.7,7.6,10.2,5.2,79.1,87.1,12.6,70.4,5.0,9.3,73.2,24.4,9.3,26.4,19.6,9.9,6.9,13.7,6.1,33.1,8.1,6.3,6.2,31.8,18.1,79.0,15.3,10.1,28.0,10.0,2.7,5.3,29.0,2.7,7.5,3.8
37137,NC,Pamlico,9.6,35.7,12.4,46.0,82.4,11.3,10.6,9.6,83.2,90.2,14.2,69.4,9.6,14.3,62.7,23.0,15.2,36.7,21.5,13.5,11.2,21.5,10.3,41.4,10.1,8.9,7.3,30.5,26.5,75.8,15.0,18.6,36.0,14.7,4.7,7.0,32.1,5.0,15.2,6.0
37139,NC,Pasquotank,10.0,27.9,14.2,39.3,77.7,7.8,11.3,6.7,81.1,87.5,15.3,66.7,7.2,13.9,61.2,23.7,13.0,33.4,24.1,16.6,13.8,20.1,7.2,36.0,13.6,8.8,9.1,33.3,25.2,78.2,17.1,15.3,38.3,13.0,4.3,9.2,35.4,4.0,15.7,5.6
37141,NC,Pender,9.6,28.8,16.1,37.3,77.3,8.7,10.7,6.8,79.6,88.3,14.5,66.1,7.3,14.3,62.6,24.8,11.8,31.5,21.9,12.9,10.3,18.2,7.6,35.8,10.6,7.9,7.2,31.5,22.1,79.1,16.5,14.3,36.3,13.0,3.8,7.0,32.2,3.6,10.9,4.9
37143,NC,Perquimans,9.9,34.7,12.7,44.9,82.1,10.6,11.1,9.2,82.9,89.6,15.0,72.1,9.7,15.2,64.3,23.7,15.3,36.6,22.4,15.0,12.7,21.9,9.9,41.0,11.3,9.4,8.0,31.4,27.4,78.9,15.9,18.7,37.3,14.8,4.9,7.7,32.4,5.0,16.4,6.2
37145,NC,Person,10.8,31.7,13.8,43.2,79.4,8.8,11.4,8.2,81.1,87.9,16.2,66.6,9.1,16.2,57.8,24.8,14.9,36.5,23.4,17.8,15.4,22.5,8.6,38.3,13.6,9.8,9.4,32.6,28.4,78.4,17.3,18.1,38.8,14.8,5.1,9.4,36.4,4.7,18.1,6.4
37147,NC,Pitt,10.2,25.2,14.8,34.7,76.1,6.5,11.5,6.0,79.3,84.9,16.5,67.3,6.7,13.8,64.0,25.2,12.0,32.6,23.9,18.3,15.8,19.3,6.5,32.8,14.9,9.2,10.3,35.0,25.2,78.5,18.2,14.1,39.0,12.4,4.2,10.3,34.8,3.6,19.9,5.8
37149,NC,Polk,8.8,35.6,12.6,43.8,82.8,12.5,10.5,9.5,82.9,90.7,13.5,71.1,9.4,13.0,71.9,23.8,14.1,35.9,19.0,11.0,8.8,20.0,10.9,42.2,8.1,8.6,6.2,28.8,25.1,78.4,14.5,18.0,35.2,14.3,4.3,5.5,27.4,4.7,8.2,5.5
37151,NC,Randolph,13.0,30.1,14.7,39.1,77.6,8.8,10.9,7.8,79.4,86.3,17.1,64.9,9.2,16.7,57.5,26.5,13.2,36.6,22.2,17.0,13.9,22.8,8.9,38.4,12.9,9.6,8.9,32.5,27.8,77.8,17.9,16.8,39.9,14.9,4.7,8.4,34.7,4.1,19.8,6.2
37153,NC,Richmond,13.4,31.8,12.7,43.9,78.5,7.9,12.1,8.8,80.7,85.5,19.0,63.6,10.6,19.5,56.9,25.9,16.4,40.8,25.4,24.8,23.3,27.1,9.1,37.7,18.3,12.0,12.8,34.4,32.1,79.1,19.1,20.5,42.9,16.4,6.4,13.3,36.4,5.2,26.3,8.3
37155,NC,Robeson,16.2,32.3,11.4,45.6,78.2,6.7,13.3,9.3,81.3,83.5,21.3,60.2,11.4,22.5,49.4,22.9,18.4,42.4,25.9,30.3,29.8,31.4,10.4,38.4,21.6,14.1,17.0,33.4,35.6,75.5,20.1,22.6,47.9,18.0,7.4,16.2,39.2,5.8,31.2,10.9
37157,NC,Rockingham,11.7,31.9,14.0,42.5,79.6,9.1,11.3,8.4,80.9,87.4,17.1,66.4,9.7,17.3,58.2,25.2,14.5,38.4,23.8,17.8,15.6,23.3,9.1,38.9,13.3,10.2,9.4,33.7,28.6,76.4,17.8,18.7,37.3,15.3,5.2,9.1,37.0,4.7,18.2,6.6
37159,NC,Rowan,11.7,29.3,14.6,37.7,76.8,8.3,11.0,7.3,79.6,86.7,16.5,63.6,8.4,15.9,61.2,24.7,12.7,36.2,22.2,16.6,14.1,21.3,8.2,36.7,13.1,9.3,9.0,32.3,27.3,75.7,17.5,16.1,37.4,14.3,4.5,8.7,30.8,4.0,19.2,5.9
37161,NC,Rutherford,11.2,32.4,13.7,41.7,79.4,9.8,11.3,8.9,80.1,87.0,16.9,67.0,10.3,17.3,57.6,26.7,14.4,38.2,22.0,16.8,14.7,23.2,9.8,39.0,12.2,10.3,8.9,31.8,28.8,77.6,17.7,18.5,38.1,15.6,5.2,8.5,33.1,4.7,19.7,6.6
37163,NC,Sampson,15.4,30.0,13.6,42.6,78.5,7.7,11.3,8.1,79.8,86.1,17.9,60.8,9.2,17.2,54.3,24.5,15.6,38.9,25.3,22.3,19.0,25.7,8.6,38.1,16.7,10.6,11.4,35.3,30.6,77.2,18.1,18.9,41.8,15.5,5.6,11.2,34.5,4.7,24.9,7.6
37165,NC,Scotland,14.2,30.7,12.8,46.1,77.3,7.3,12.4,9.0,80.6,84.5,20.1,60.3,10.9,21.3,51.2,24.3,17.4,42.5,27.0,28.3,27.4,29.2,9.2,38.1,20.8,12.8,14.9,36.8,33.7,75.8,19.7,21.5,45.2,16.9,6.9,15.5,40.2,5.6,22.0,9.2
37167,NC,Stanly,10.8,29.5,14.8,38.4,77.7,8.8,11.0,7.6,79.0,86.8,16.2,64.6,8.6,16.0,61.8,25.7,12.7,34.6,22.9,15.4,12.8,20.7,8.5,37.5,11.8,9.2,8.4,32.4,25.4,77.6,17.6,15.9,36.3,14.3,4.4,8.0,34.4,4.0,19.7,5.6
37169,NC,Stokes,9.8,33.3,14.2,41.0,79.7,10.2,10.9,8.4,80.8,88.1,15.8,67.9,9.4,16.2,61.9,26.3,13.2,35.8,21.0,13.4,11.2,20.9,9.5,40.4,10.1,9.2,7.4,32.1,26.3,75.7,16.9,17.0,37.1,14.7,4.4,6.9,31.7,4.3,15.5,5.6
37171,NC,Surry,12.5,32.1,13.8,40.4,78.9,9.7,11.2,8.7,80.1,86.8,17.2,64.4,10.1,17.1,58.2,27.0,13.7,38.9,21.7,16.8,14.1,23.5,9.8,40.0,12.1,10.1,8.8,32.0,28.8,76.1,17.7,18.4,40.9,15.5,5.0,8.0,32.7,4.5,17.3,6.5
37173,NC,Swain,11.4,31.5,14.2,41.7,77.4,9.0,12.1,8.7,80.1,85.9,18.5,62.0,10.3,19.8,56.9,26.7,15.2,40.5,23.8,20.6,17.2,25.1,10.5,39.2,14.7,11.2,11.4,34.0,28.0,74.0,19.2,19.4,40.7,16.5,5.3,10.4,34.9,4.8,19.3,7.5
37175,NC,Transylvania,7.9,34.4,13.4,42.3,81.6,12.2,10.3,9.0,83.1,90.4,13.0,69.8,8.5,12.0,69.7,24.2,12.9,33.5,18.5,9.9,7.9,18.1,10.3,40.9,7.6,7.9,5.8,28.7,22.3,78.5,14.5,16.1,33.7,13.4,3.9,5.2,29.3,4.3,11.5,4.9
37177,NC,Tyrrell,14.1,33.4,12.4,46.2,81.0,8.7,11.1,9.7,81.3,87.1,17.4,65.8,10.6,18.1,59.2,22.9,17.5,40.6,25.5,22.0,19.6,26.9,9.8,40.1,15.7,11.2,11.1,33.3,32.1,79.2,17.0,21.4,41.3,16.2,6.2,10.9,35.7,5.7,19.9,8.2
37179,NC,Union,9.3,24.6,15.6,33.6,75.5,7.6,10.3,5.5,79.7,88.4,13.3,65.1,5.7,11.9,69.3,24.1,10.5,27.8,21.2,12.0,8.5,16.3,6.3,35.8,10.0,6.8,6.7,30.8,21.6,73.7,15.8,11.5,33.4,11.6,3.2,6.3,31.6,2.9,14.1,4.2
37181,NC,Vance,13.2,31.1,11.9,45.1,79.8,7.5,12.0,8.3,82.4,87.2,17.6,66.2,9.4,17.3,55.6,23.1,16.8,38.7,26.4,24.8,22.9,25.9,8.0,37.7,18.8,11.3,12.6,35.3,31.3,80.7,18.1,19.8,42.6,15.4,6.1,13.3,39.7,5.2,20.6,8.0
37183,NC,Wake,7.9,21.5,14.8,32.2,74.0,6.9,10.1,4.7,80.2,89.1,11.9,66.0,4.6,9.6,70.7,23.1,9.5,24.0,20.5,10.3,7.4,13.8,5.4,33.9,9.0,5.8,6.1,31.4,18.0,80.4,14.7,9.8,29.3,9.5,2.7,5.8,31.5,2.6,7.1,3.7
37185,NC,Warren,12.7,35.7,10.8,50.4,82.5,8.8,11.9,10.5,83.8,88.3,17.6,66.2,11.5,18.6,53.6,22.2,20.0,42.8,26.6,25.7,24.2,28.8,10.2,40.7,18.0,12.2,12.8,34.1,33.8,80.2,17.2,23.9,43.9,16.8,7.1,13.4,38.5,6.5,21.8,9.2
37187,NC,Washington,12.8,37.9,10.4,51.8,83.3,9.4,12.2,11.1,84.2,88.5,18.0,65.6,12.4,19.0,54.7,23.4,20.6,44.3,26.1,25.8,25.3,29.7,10.5,41.7,18.3,12.9,12.9,34.3,35.0,79.3,17.7,25.2,43.6,17.6,7.5,13.6,37.7,6.8,26.5,9.5
37189,NC,Watauga,8.8,24.0,17.7,31.3,73.8,7.5,10.9,6.3,77.6,82.0,17.1,67.2,7.0,12.3,64.9,28.5,9.8,32.9,19.3,13.1,10.7,17.5,7.5,32.8,9.6,8.9,8.5,33.9,21.5,77.7,19.0,12.4,33.0,12.2,3.5,6.7,29.9,3.1,15.6,5.0
37191,NC,Wayne,13.0,28.6,14.4,41.1,77.8,7.4,11.5,7.4,80.1,85.9,17.1,63.3,8.4,16.2,59.5,24.2,14.2,36.7,25.1,20.9,18.0,23.2,7.8,35.9,15.9,10.1,11.0,32.9,28.3,77.5,17.9,17.3,39.5,14.4,5.1,10.9,34.7,4.4,18.5,6.8
37193,NC,Wilkes,11.8,32.7,14.1,41.5,79.5,10.1,11.0,9.0,80.3,87.0,17.0,63.9,10.4,17.1,59.0,26.8,13.9,37.9,22.4,16.1,13.6,23.0,10.2,40.2,11.5,10.2,8.5,33.2,28.0,76.1,17.5,18.4,38.0,15.7,5.0,7.7,32.7,4.7,22.7,6.4
37195,NC,Wilson,13.8,31.6,12.2,44.7,79.6,7.7,11.9,8.6,81.9,86.6,18.0,61.3,9.9,18.0,53.5,23.8,16.8,40.5,25.7,24.9,23.0,26.8,8.5,37.5,18.4,11.6,12.6,33.3,31.9,79.4,18.1,20.7,38.4,15.9,6.2,13.0,36.7,5.2,17.4,8.2
37197,NC,Yadkin,11.9,31.2,14.2,40.6,78.8,9.7,10.9,8.4,80.0,87.1,16.5,65.1,9.5,16.3,59.1,26.3,13.3,36.5,21.3,15.2,12.5,21.8,9.6,39.3,11.5,9.6,8.2,31.7,27.1,78.1,17.3,17.3,36.3,15.2,4.7,7.5,32.5,4.3,14.9,6.0
37199,NC,Yancey,10.4,33.6,13.9,41.4,80.4,10.9,10.8,9.1,80.9,88.1,15.7,66.6,10.0,15.9,62.6,26.1,13.7,36.9,20.7,13.5,11.4,21.5,10.4,40.3,9.8,9.4,7.3,30.7,26.5,78.1,16.6,17.9,35.6,15.1,4.6,6.6,30.9,4.5,21.4,5.8
38001,ND,Adams,8.0,34.5,16.2,41.2,83.2,11.7,10.0,9.7,78.2,85.9,12.9,68.3,9.2,15.3,61.0,19.1,14.1,34.7,21.1,12.0,8.1,20.9,11.8,40.6,8.7,8.9,6.6,27.9,29.0,80.4,13.2,17.4,34.8,14.5,4.5,5.8,31.6,4.8,13.1,5.7
38003,ND,Barnes,6.8,29.3,20.5,36.2,80.2,9.8,9.9,7.5,75.0,84.5,12.1,66.4,7.0,13.3,67.5,20.0,11.5,29.2,20.1,9.9,6.2,17.1,9.3,35.5,7.9,7.3,5.9,26.9,23.8,75.2,13.5,13.1,37.7,12.3,3.5,5.2,30.3,3.7,11.6,4.4
38005,ND,Benson,9.8,30.3,17.9,40.3,78.1,8.2,12.4,9.0,75.3,80.1,17.2,58.6,9.8,22.0,50.4,21.5,15.4,39.2,24.9,23.5,16.6,26.4,11.3,37.5,16.5,11.4,13.2,30.3,31.3,67.7,17.3,18.5,43.3,16.7,5.5,11.8,39.9,4.8,22.8,8.0
38007,ND,Billings,7.2,30.2,18.2,38.5,80.9,10.6,9.4,8.4,77.3,85.9,11.5,69.1,7.2,13.5,66.5,18.6,12.1,30.0,20.5,10.0,6.3,17.8,10.3,37.8,7.8,7.2,5.7,27.5,24.8,78.2,12.7,13.8,36.4,12.6,3.6,5.2,30.2,3.9,9.9,4.5
38009,ND,Bottineau,6.7,31.1,18.9,38.8,81.1,10.9,10.0,8.0,77.1,86.3,11.6,66.6,7.3,13.4,62.1,19.2,11.9,30.2,20.0,9.7,5.9,17.2,9.8,39.2,7.6,7.2,5.6,27.0,24.4,77.9,13.0,13.5,37.7,12.6,3.5,5.0,33.1,3.9,6.6,4.4
38011,ND,Bowman,7.9,30.5,18.6,36.7,80.9,10.7,9.9,7.8,76.6,85.9,12.1,66.4,7.4,13.6,62.3,19.2,11.4,29.7,20.4,9.9,6.0,17.6,9.7,37.7,7.8,7.5,5.6,27.9,24.5,73.0,13.1,13.8,36.3,12.7,3.5,4.9,33.7,3.8,12.1,4.5
38013,ND,Burke,6.9,29.9,19.3,37.2,80.1,10.5,9.7,7.3,76.5,86.3,11.3,66.7,6.7,13.1,68.5,19.3,11.1,28.4,20.3,8.7,5.0,16.5,9.1,38.2,7.4,6.7,5.2,27.6,22.6,78.2,12.8,12.6,37.3,12.2,3.2,4.6,30.2,3.5,8.2,4.0
38015,ND,Burleigh,6.3,25.7,20.5,30.8,77.4,8.9,9.8,5.9,75.2,84.6,11.4,68.7,5.6,11.8,70.4,19.1,9.3,27.5,19.2,8.5,5.2,14.3,7.7,34.5,7.3,6.2,5.4,28.1,18.4,77.7,13.1,10.9,35.2,10.7,2.8,4.9,29.8,2.9,7.6,3.7
38017,ND,Cass,6.3,21.3,22.0,27.5,73.7,6.7,9.8,4.8,74.3,81.8,12.0,64.3,4.5,11.2,65.8,23.8,7.9,22.9,19.6,9.4,5.8,13.6,6.1,31.0,8.1,6.3,5.9,30.3,17.6,82.2,13.9,8.4,33.8,9.6,2.5,5.1,31.1,2.4,9.1,3.4
38019,ND,Cavalier,6.6,32.2,18.6,39.7,82.1,11.7,9.7,8.5,79.1,87.3,11.2,67.5,7.2,12.4,66.6,19.0,11.8,30.2,20.2,8.5,5.0,17.0,10.4,40.5,7.0,7.0,5.1,27.4,23.9,79.5,12.4,14.1,39.5,12.6,3.5,4.4,30.2,4.0,6.8,4.3
38021,ND,Dickey,7.4,28.8,20.2,35.1,78.6,9.4,10.1,7.3,75.0,83.5,13.0,65.1,7.0,13.8,62.9,20.3,11.2,30.1,20.5,10.6,6.6,17.4,8.9,36.7,8.3,7.6,6.3,28.6,24.3,75.9,14.2,13.2,38.7,12.6,3.6,5.4,32.9,3.6,9.7,4.5
38023,ND,Divide,7.6,31.7,18.7,38.6,81.5,11.1,10.0,8.6,77.8,86.4,12.2,67.7,7.8,14.1,64.9,19.3,12.6,31.4,20.2,10.4,6.6,19.0,10.4,38.1,8.2,7.8,6.0,27.6,25.6,78.2,13.2,14.8,37.4,13.4,3.9,5.3,30.4,4.1,9.5,4.8
38025,ND,Dunn,7.8,27.3,19.7,35.2,78.3,9.0,10.1,7.1,74.9,84.1,12.7,65.9,6.8,14.8,64.1,19.7,11.5,29.9,22.6,11.3,6.8,17.7,9.1,35.8,9.3,7.4,6.6,28.8,24.0,75.6,14.1,12.9,36.7,12.5,3.5,5.9,30.9,3.6,11.0,4.5
38027,ND,Eddy,8.1,32.6,18.1,39.1,81.1,10.3,10.5,8.8,77.0,84.6,13.5,64.6,8.7,16.2,61.7,20.4,13.5,32.9,20.5,13.3,9.4,21.0,10.5,38.7,9.8,8.9,7.4,29.6,27.5,72.0,14.1,16.2,38.7,14.4,4.5,6.9,30.4,4.4,17.2,5.7
38029,ND,Emmons,7.5,33.1,17.4,40.8,82.9,11.8,10.1,9.5,78.6,86.3,12.7,70.1,8.8,14.7,66.1,19.0,13.5,33.6,20.7,10.8,7.0,20.3,11.4,40.0,7.9,8.4,6.0,27.9,26.0,76.0,13.1,16.3,38.1,14.0,4.2,5.2,30.4,4.6,9.8,5.2
38031,ND,Foster,6.6,31.2,19.2,37.8,80.9,10.8,10.0,7.8,77.1,86.3,11.7,68.8,7.2,13.3,65.9,19.8,11.8,29.2,19.6,9.3,5.9,17.2,9.6,38.4,7.6,7.3,5.6,27.9,24.4,76.9,13.1,13.6,35.7,12.7,3.6,5.1,31.0,3.8,9.1,4.4
38033,ND,Golden Valley,7.6,33.6,17.5,41.1,82.4,11.2,10.3,9.4,78.0,85.9,12.8,65.8,8.8,15.6,64.1,19.9,13.7,33.3,20.4,11.5,7.9,20.1,11.2,39.4,8.8,8.5,6.5,27.3,28.7,77.0,13.8,16.3,37.6,14.2,4.4,6.1,32.2,4.5,13.0,5.4
38035,ND,Grand Forks,7.1,22.7,24.1,28.2,73.9,7.0,10.4,5.4,73.0,79.7,13.4,64.5,5.3,11.3,64.1,23.0,9.1,27.3,20.6,10.7,6.6,15.7,7.0,32.1,8.8,7.1,6.8,31.4,21.5,78.6,15.3,9.9,35.2,11.0,2.8,5.8,32.6,2.7,14.4,4.0
38037,ND,Grant,8.0,36.4,16.2,44.5,83.7,12.2,10.3,11.0,78.9,86.3,13.3,64.6,10.3,16.4,58.5,19.6,15.2,36.1,20.4,12.6,9.2,22.8,13.0,40.2,8.9,9.6,6.9,27.4,30.9,74.6,13.4,19.0,41.3,15.5,5.0,6.2,30.7,5.3,13.4,6.3
38039,ND,Griggs,6.5,33.7,16.8,41.0,82.9,12.3,9.4,9.0,78.4,87.3,11.1,67.9,7.7,12.3,65.4,18.1,12.3,31.5,19.4,8.8,5.5,17.4,11.0,40.2,6.7,7.4,5.1,26.7,23.9,74.2,11.9,15.0,36.8,12.8,3.6,4.5,30.6,4.3,12.6,4.6
38041,ND,Hettinger,7.3,30.0,18.8,37.3,80.8,10.4,10.2,8.1,76.8,85.5,12.5,66.8,7.5,14.5,63.1,20.0,11.7,30.9,21.3,10.5,6.6,18.0,10.1,37.7,8.5,7.7,6.1,29.4,25.1,73.3,13.9,14.0,37.4,13.0,3.7,5.5,32.3,3.9,11.4,4.6
38043,ND,Kidder,7.4,33.4,18.4,39.7,82.5,11.4,9.9,8.9,78.0,86.5,12.2,64.2,8.1,14.5,62.7,19.7,12.8,32.2,20.1,10.2,6.6,18.9,10.9,40.0,8.0,7.9,5.8,26.8,26.9,73.4,13.2,15.3,39.9,13.7,3.9,5.3,32.6,4.3,15.0,4.9
38045,ND,LaMoure,7.3,32.4,18.1,38.2,82.5,11.4,9.9,8.8,77.8,86.2,12.1,67.9,8.0,13.8,66.8,18.8,12.5,31.3,20.4,9.8,6.2,18.5,10.8,39.0,7.5,7.8,5.7,27.1,25.8,76.8,12.9,15.1,34.4,13.3,3.9,4.9,29.8,4.2,16.2,4.8
38047,ND,Logan,8.1,33.0,17.1,40.5,82.6,11.4,10.2,9.6,77.3,85.1,13.2,65.1,8.9,14.9,60.1,19.7,13.2,34.6,20.3,11.7,7.8,20.5,11.7,38.6,8.6,8.8,6.6,29.1,27.9,77.2,13.6,16.7,39.8,14.3,4.4,5.7,32.0,4.6,11.3,5.6
38049,ND,McHenry,7.5,30.8,19.0,38.4,80.5,10.1,10.0,7.8,76.7,85.4,12.5,64.1,7.6,15.2,64.7,19.8,11.9,31.2,20.4,10.7,6.8,18.4,9.5,37.3,8.5,7.7,6.1,28.4,26.2,79.3,13.7,14.3,42.1,13.4,3.7,5.6,31.9,3.8,14.7,4.6
38051,ND,McIntosh,8.6,35.6,15.9,42.4,83.6,12.1,10.2,10.1,78.8,86.4,13.4,66.2,9.7,15.6,60.0,19.1,14.4,36.4,21.2,12.2,8.3,22.0,12.3,40.7,8.7,9.4,6.6,28.9,29.2,78.9,13.4,18.5,35.8,15.2,4.8,5.8,32.0,5.0,18.5,6.0
38053,ND,McKenzie,9.4,23.4,22.9,30.4,72.2,6.7,10.3,5.4,71.0,81.0,13.6,59.7,5.6,15.2,56.7,20.8,9.6,28.6,22.8,13.2,8.1,16.8,7.1,31.4,11.2,7.4,7.7,30.2,23.9,74.3,15.4,10.7,41.1,11.9,3.2,7.2,40.1,2.8,10.5,4.4
38055,ND,McLean,6.6,32.6,18.5,39.0,82.4,11.1,9.9,8.1,78.6,87.2,11.3,69.9,7.2,13.6,67.4,19.8,12.1,29.9,21.0,9.1,5.5,17.5,10.0,39.6,7.4,7.1,5.5,28.5,25.2,80.3,12.9,14.0,40.2,12.8,3.5,4.8,30.4,3.9,10.4,4.4
38057,ND,Mercer,7.5,31.0,18.5,38.2,80.8,10.2,10.3,8.2,76.6,85.5,12.7,62.8,7.9,15.1,64.5,19.9,12.2,31.8,20.5,11.2,7.3,19.2,9.9,38.6,8.7,7.9,6.4,27.2,25.3,75.1,13.7,14.5,39.8,13.6,4.0,5.8,31.5,4.0,9.7,4.8
38059,ND,Morton,7.1,26.4,21.6,32.6,77.1,8.8,10.2,6.2,75.2,83.9,11.9,66.1,5.9,13.5,64.7,21.0,9.6,26.5,20.2,9.9,6.0,15.7,7.7,35.5,8.6,6.7,5.9,28.1,22.5,75.7,14.1,11.1,38.6,11.3,3.0,5.5,33.7,3.0,7.4,3.9
38061,ND,Mountrail,10.1,26.4,20.2,34.7,75.0,7.3,11.2,6.9,72.9,81.1,15.2,59.1,7.3,19.2,60.8,20.5,12.8,33.6,24.5,17.9,11.5,21.5,8.9,34.6,14.2,9.0,10.0,30.8,29.8,72.9,16.3,14.3,42.2,14.1,4.2,9.2,35.5,3.7,15.7,5.9
38063,ND,Nelson,6.9,32.9,18.0,40.0,82.4,11.4,9.7,8.5,78.2,87.2,11.4,70.8,7.5,13.2,64.5,19.4,12.4,31.1,19.8,9.2,5.6,17.4,10.4,40.0,7.4,7.2,5.3,27.1,23.8,81.0,12.3,14.4,39.6,12.8,3.6,4.8,31.3,4.0,11.4,4.5
38065,ND,Oliver,6.4,30.7,18.8,37.3,81.7,11.0,9.8,7.9,77.8,86.9,11.2,67.0,7.0,13.1,64.5,19.0,11.7,28.9,20.6,8.5,5.0,16.5,9.6,38.7,7.0,6.8,5.1,27.2,24.0,76.9,12.8,13.1,34.6,12.4,3.3,4.5,32.2,3.8,8.9,4.1
38067,ND,Pembina,8.0,32.1,19.7,38.5,81.2,10.6,9.8,8.6,76.5,85.7,12.4,67.4,7.8,14.7,63.0,19.7,12.8,31.6,21.7,10.9,7.0,19.8,10.3,38.3,8.6,7.8,6.2,27.8,26.5,77.0,13.4,15.1,41.9,13.7,3.9,5.6,32.7,4.1,11.2,4.9
38069,ND,Pierce,7.0,31.3,19.0,36.9,81.2,10.6,10.1,8.0,77.7,85.9,12.0,64.5,7.5,14.2,65.6,20.2,12.1,30.8,20.1,10.7,6.7,18.3,9.8,37.7,8.2,7.6,6.1,27.3,25.8,75.5,13.4,14.4,40.7,13.1,3.7,5.5,31.5,3.9,11.6,4.7
38071,ND,Ramsey,7.7,30.0,17.7,36.8,80.0,9.9,10.2,8.1,76.9,83.9,13.3,64.5,7.9,15.4,65.4,20.5,12.3,30.8,21.0,12.3,8.5,19.3,10.0,38.4,9.7,8.4,7.3,26.5,26.0,75.8,14.3,14.3,40.8,13.5,4.1,6.6,31.1,4.0,11.9,5.3
38073,ND,Ransom,7.7,29.3,19.5,36.9,79.9,10.0,9.9,7.8,76.9,84.7,12.8,63.5,7.4,14.8,65.4,19.9,12.1,30.9,21.4,10.9,6.7,18.6,9.6,38.2,8.5,7.8,6.2,27.9,25.1,76.1,13.8,14.2,37.9,13.0,3.7,5.5,30.9,3.8,12.4,4.7
38075,ND,Renville,7.0,28.9,20.2,36.2,79.4,9.8,9.9,7.2,75.5,85.3,12.2,68.4,6.9,14.1,65.1,19.7,11.1,29.1,20.8,9.8,5.9,16.7,8.9,36.3,8.0,7.0,5.6,27.9,24.4,80.9,13.7,12.7,39.0,12.4,3.3,5.1,33.0,3.5,9.3,4.1
38077,ND,Richland,7.1,27.9,21.0,34.7,78.3,9.2,10.0,7.0,74.7,82.7,12.9,69.3,6.6,13.2,65.4,21.6,10.5,29.8,20.4,10.2,6.3,17.0,8.7,35.1,8.4,7.5,6.3,29.5,23.7,76.6,14.3,12.8,36.1,12.1,3.3,5.5,30.8,3.4,10.0,4.3
38079,ND,Rolette,10.8,30.1,18.1,40.3,76.3,6.9,13.8,8.5,74.4,78.9,19.1,54.9,9.7,25.9,47.8,22.0,17.9,41.7,28.3,30.5,21.5,29.9,11.4,35.7,21.5,13.0,17.3,33.1,34.5,69.0,19.2,20.2,50.2,18.2,6.1,15.3,39.9,5.0,24.5,9.6
38081,ND,Sargent,7.5,29.5,19.8,36.7,79.9,10.2,9.7,7.7,76.2,85.3,12.2,64.8,7.0,13.8,63.0,19.5,11.8,30.0,21.7,9.9,5.9,17.5,9.4,37.7,8.2,7.2,5.8,28.4,24.5,78.8,13.4,13.2,41.2,12.8,3.4,5.2,33.7,3.7,10.4,4.3
38083,ND,Sheridan,7.5,36.4,15.7,44.1,84.5,13.4,9.8,10.5,80.0,88.2,12.0,66.1,9.0,13.8,64.7,18.9,13.9,35.7,20.3,9.8,6.2,20.2,13.1,41.8,7.3,8.5,5.5,27.6,28.2,77.0,12.2,17.9,36.2,14.4,4.2,4.8,30.0,5.0,13.0,5.4
38085,ND,Sioux,13.3,29.9,17.3,41.3,75.4,5.9,14.7,9.9,73.5,74.2,23.7,47.1,12.2,32.9,36.9,23.9,20.2,47.7,30.1,42.7,34.6,36.8,13.0,33.9,28.6,17.1,24.2,35.0,39.1,61.5,22.2,24.3,49.1,21.4,8.5,22.5,45.3,6.0,28.5,13.5
38087,ND,Slope,6.9,35.9,16.4,44.4,84.2,12.6,9.8,10.3,79.1,87.8,11.9,68.4,9.4,15.2,66.0,18.6,14.6,33.3,19.9,10.6,7.0,20.3,12.1,42.1,7.6,8.2,5.9,26.7,27.0,75.1,12.4,17.3,38.3,14.6,4.5,5.3,30.7,4.9,13.7,5.3
38089,ND,Stark,8.5,24.2,22.0,31.7,75.2,7.8,9.8,6.0,73.6,81.8,13.0,65.6,6.0,14.1,62.4,19.7,9.5,28.5,21.5,11.4,7.1,16.9,7.7,35.0,9.7,7.3,6.6,28.3,23.5,74.0,14.6,11.2,37.4,11.7,3.2,6.0,31.8,3.0,12.5,4.2
38091,ND,Steele,7.1,32.0,18.5,38.8,81.5,11.1,9.8,8.7,77.3,86.3,12.0,67.0,7.9,14.2,67.1,19.5,12.7,31.4,19.9,10.2,6.6,18.3,10.4,39.6,7.9,7.6,5.8,27.6,24.9,75.9,13.1,14.5,35.0,13.2,3.9,5.3,30.7,4.1,12.5,4.7
38093,ND,Stutsman,7.9,28.9,20.9,33.7,78.8,9.4,10.3,7.3,73.8,82.9,13.3,66.2,7.3,15.3,63.8,20.6,10.9,31.0,20.4,11.4,7.5,18.4,9.0,34.9,9.0,7.9,6.7,29.2,24.7,78.1,14.7,13.8,39.7,13.0,3.7,5.9,29.8,3.6,13.0,4.7
38095,ND,Towner,8.6,35.4,16.5,43.3,82.6,11.3,10.5,10.1,78.5,85.8,13.6,63.6,9.9,16.9,57.8,20.0,15.0,35.3,21.5,13.4,9.6,22.4,11.8,41.0,9.7,9.3,7.3,29.0,30.3,77.2,14.0,18.0,43.9,15.3,4.9,6.7,31.5,4.9,8.7,6.1
38097,ND,Traill,6.8,28.0,20.6,34.3,78.9,9.7,9.7,6.8,75.4,85.2,11.8,65.2,6.2,12.3,65.6,19.5,10.5,28.6,19.4,8.9,5.4,15.4,8.5,35.3,7.5,6.8,5.5,27.1,22.5,80.8,13.4,12.2,38.2,11.9,3.1,4.9,31.4,3.3,8.9,4.0
38099,ND,Walsh,9.9,31.4,18.1,37.4,80.3,10.1,9.9,8.2,77.0,84.9,12.9,61.7,7.8,14.8,57.4,19.4,12.4,31.9,21.3,12.3,7.6,19.4,10.1,37.2,9.5,8.1,6.7,27.7,26.7,71.4,13.4,15.0,35.8,13.5,4.1,5.9,35.0,4.1,13.7,5.3
38101,ND,Ward,7.7,24.3,22.2,31.4,74.9,7.6,9.9,5.3,72.2,82.1,12.7,64.1,5.2,12.6,62.7,20.5,8.8,27.2,20.7,10.3,6.1,15.0,7.1,31.9,9.0,6.7,6.3,31.1,22.6,75.5,14.4,10.1,33.9,11.0,2.8,5.7,39.1,2.7,11.3,3.7
38103,ND,Wells,7.3,34.8,17.0,40.6,83.4,11.7,10.1,9.5,78.5,86.4,12.5,68.6,9.0,14.7,65.7,19.2,13.8,33.5,20.1,10.9,7.4,20.2,11.5,39.8,8.0,8.5,6.1,28.6,27.0,74.5,13.3,16.9,37.8,14.3,4.3,5.5,30.1,4.6,12.6,5.4
38105,ND,Williams,9.5,21.8,24.3,30.4,72.6,6.5,10.2,5.1,70.4,80.0,13.7,59.2,5.4,15.6,61.8,21.2,8.9,28.0,24.1,13.2,7.8,16.3,6.7,30.8,11.2,7.1,7.3,32.9,24.1,79.0,16.0,10.3,40.4,11.3,3.1,6.8,37.1,2.7,11.4,4.2
39001,OH,Adams,9.6,33.6,14.9,40.6,80.8,9.5,11.8,9.2,79.3,83.7,17.2,57.6,11.8,21.9,54.6,26.6,15.7,35.1,22.2,18.0,16.9,25.0,8.8,39.3,12.9,10.7,9.3,34.2,35.3,72.4,19.8,18.2,40.3,17.4,5.2,9.9,39.6,4.6,30.9,6.3
39003,OH,Allen,8.3,31.9,16.3,38.7,79.9,9.0,11.1,7.9,81.3,85.5,14.9,65.7,9.1,17.0,58.0,27.2,14.5,31.5,22.3,14.8,12.6,20.7,7.4,37.5,12.0,8.8,8.1,37.0,29.3,72.9,18.3,15.0,39.7,14.6,4.0,8.7,40.1,3.9,15.4,5.1
39005,OH,Ashland,8.2,32.8,16.5,40.4,79.8,9.8,11.0,8.2,79.8,85.3,15.0,65.6,9.6,17.7,60.4,26.0,13.9,32.9,20.6,13.7,11.7,21.3,8.0,38.3,10.4,8.9,7.5,33.6,30.7,75.8,18.0,15.7,38.3,15.7,4.1,7.7,33.7,4.0,12.5,5.1
39007,OH,Ashtabula,10.0,33.9,15.2,41.7,80.7,9.6,11.3,9.2,78.5,84.6,16.6,57.1,11.0,20.1,57.7,27.7,16.2,35.3,22.9,17.6,15.7,24.6,8.6,39.4,12.9,10.2,9.2,36.3,34.5,73.8,19.5,17.9,45.8,16.9,5.0,9.7,37.2,4.5,18.0,6.2
39009,OH,Athens,7.8,24.9,20.1,33.4,73.0,7.3,11.6,6.2,76.4,79.8,16.5,64.6,7.7,15.2,64.3,30.5,11.5,29.8,21.6,14.9,12.8,19.3,6.3,33.0,11.2,9.1,9.0,38.2,24.8,74.4,20.9,12.0,34.5,13.3,3.6,8.5,36.5,3.1,18.5,4.8
39011,OH,Auglaize,7.2,30.8,17.0,37.6,80.0,9.8,10.7,7.5,79.7,86.6,13.2,69.1,8.1,15.3,65.6,24.8,12.2,27.9,20.4,10.7,8.3,18.2,7.2,37.5,9.0,7.6,6.2,33.8,26.5,73.6,17.2,13.2,39.5,13.7,3.3,6.4,37.3,3.5,15.9,4.1
39013,OH,Belmont,8.2,33.8,16.3,41.4,80.7,10.0,11.1,8.6,80.0,85.9,14.7,64.1,9.8,18.1,58.6,26.0,14.5,32.9,21.1,13.9,12.0,22.1,8.1,41.1,10.9,8.8,7.6,33.9,32.1,74.0,18.1,15.9,40.9,16.2,4.2,8.1,39.0,4.1,15.7,5.2
39015,OH,Brown,8.7,34.2,15.1,42.2,80.6,9.7,11.4,8.7,80.4,85.3,15.9,65.6,10.4,19.7,58.0,27.3,14.5,34.8,22.2,15.6,13.5,22.6,8.2,40.2,11.5,9.6,8.1,34.8,34.1,75.0,18.9,17.4,41.6,16.1,4.5,8.5,40.3,4.2,21.6,5.5
39017,OH,Butler,7.9,27.4,17.9,35.3,77.8,8.2,10.8,6.6,80.3,85.2,13.8,63.2,7.2,14.6,61.4,25.7,12.5,27.4,21.8,13.5,10.5,18.8,6.3,35.0,11.0,7.6,7.5,36.0,27.8,78.8,17.8,12.2,39.0,13.3,3.4,7.7,37.5,3.3,16.4,4.4
39019,OH,Carroll,8.4,35.5,15.7,41.1,81.6,10.4,11.1,9.1,80.5,86.1,15.2,65.7,10.5,19.0,56.6,25.5,14.9,35.3,21.5,14.0,11.8,22.3,8.8,40.6,10.4,9.2,7.4,34.8,32.4,76.3,18.3,16.9,38.9,16.4,4.4,7.7,40.4,4.4,18.1,5.4
39021,OH,Champaign,7.6,31.7,16.5,38.0,79.9,9.7,11.0,7.5,79.4,86.3,14.1,65.9,8.5,16.4,62.3,25.5,12.7,30.4,21.0,11.9,9.5,18.7,7.4,37.5,9.7,7.9,6.7,34.4,27.5,76.5,17.7,14.2,43.2,14.4,3.6,6.8,41.4,3.6,13.8,4.4
39023,OH,Clark,8.9,32.9,14.5,41.6,80.4,9.6,11.4,8.4,80.3,85.7,15.4,61.5,9.9,17.9,59.3,26.7,15.0,34.2,22.1,15.7,13.4,22.4,7.9,40.2,12.0,9.5,8.4,34.8,33.5,73.1,18.8,16.7,42.2,15.8,4.5,8.9,38.8,4.2,19.4,5.5
39025,OH,Clermont,7.2,30.1,17.5,36.2,78.5,9.5,10.6,7.0,79.3,86.8,13.1,68.9,7.6,15.6,64.1,25.7,12.6,29.2,19.7,11.2,8.7,17.5,6.8,36.9,9.3,7.3,6.3,33.6,25.3,74.3,17.2,12.9,34.7,13.3,3.3,6.5,37.5,3.3,12.4,4.1
39027,OH,Clinton,8.1,32.2,16.6,38.1,79.9,9.5,11.3,8.0,79.4,85.0,15.1,66.0,9.3,17.7,58.1,26.2,13.5,32.3,20.7,14.1,12.0,20.9,7.7,37.7,11.0,9.0,7.8,35.7,30.3,74.4,18.4,15.3,39.7,15.0,4.1,8.2,41.2,3.9,15.0,5.1
39029,OH,Columbiana,8.6,34.1,16.8,42.1,80.5,10.1,11.2,8.8,79.4,85.8,14.8,67.3,10.3,18.5,59.8,25.1,15.2,32.6,20.7,14.7,12.6,22.2,8.4,38.4,11.2,9.1,7.7,32.9,32.0,73.1,17.9,16.8,41.1,16.4,4.4,8.3,41.4,4.3,15.8,5.4
39031,OH,Coshocton,9.4,35.4,16.0,41.3,80.6,9.8,11.3,9.1,79.4,84.5,16.5,60.9,11.1,20.1,59.1,27.7,15.3,34.2,21.9,16.2,15.0,23.4,8.6,40.0,12.0,10.2,8.7,35.9,32.3,71.0,18.9,17.4,41.5,16.8,4.8,9.0,38.6,4.5,15.4,6.0
39033,OH,Crawford,8.7,33.7,15.6,40.0,81.0,10.0,11.1,8.8,79.1,85.4,15.6,64.5,10.3,18.3,57.1,26.9,14.6,33.9,21.3,14.6,12.7,21.5,8.4,38.2,10.9,9.4,7.8,34.4,32.2,66.8,18.6,16.8,39.5,15.8,4.4,8.1,40.0,4.2,14.2,5.4
39035,OH,Cuyahoga,8.4,28.7,17.5,38.5,78.8,8.1,11.6,6.9,80.1,87.4,13.2,66.2,7.7,14.8,64.4,23.9,13.4,30.2,22.6,16.7,14.0,20.0,6.4,38.2,13.3,8.4,8.7,37.3,24.7,78.7,16.1,14.9,35.3,13.5,4.1,10.1,37.7,4.0,13.9,5.3
39037,OH,Darke,8.3,32.9,16.0,39.7,80.8,10.0,11.0,8.5,79.8,85.6,15.2,61.6,9.7,17.7,60.8,26.6,14.3,32.7,21.2,13.6,11.6,21.5,8.2,39.8,10.4,9.0,7.4,34.6,30.0,76.4,18.3,15.6,36.4,15.6,4.1,7.6,33.7,4.1,17.4,5.1
39039,OH,Defiance,9.2,30.8,16.5,37.2,79.6,9.4,10.6,7.6,79.4,86.0,13.9,66.4,8.2,15.9,61.7,25.0,13.3,30.4,21.5,12.9,9.9,19.3,7.5,36.7,10.5,7.9,7.1,33.8,27.8,76.2,17.2,14.0,35.3,14.3,3.6,7.2,37.5,3.6,12.9,4.7
39041,OH,Delaware,5.0,26.2,18.5,31.3,78.9,8.8,9.5,5.0,81.6,89.0,9.5,69.7,4.9,10.1,74.0,21.0,10.1,19.6,17.6,7.5,5.1,12.0,5.2,34.2,6.8,5.0,4.6,30.7,17.7,83.7,13.5,8.6,31.5,9.8,2.3,4.8,32.2,2.5,8.5,2.9
39043,OH,Erie,7.7,33.3,15.6,41.6,80.0,10.4,10.9,8.3,82.0,87.6,13.3,65.9,8.9,14.9,66.8,24.5,14.4,29.6,20.4,12.8,10.5,18.7,7.9,39.0,10.3,8.1,7.0,33.2,28.0,80.4,16.8,14.8,40.1,14.3,3.9,7.5,35.2,4.0,11.8,4.8
39045,OH,Fairfield,7.1,30.0,16.1,36.3,77.7,8.8,10.8,6.6,79.8,86.9,13.0,65.5,7.2,14.4,62.5,25.3,12.2,27.4,21.0,11.7,9.5,17.4,6.4,37.2,10.0,7.2,6.7,32.8,24.4,71.9,16.6,12.3,35.6,12.9,3.3,7.2,40.3,3.3,13.8,4.1
39047,OH,Fayette,9.4,31.5,16.2,41.6,78.8,9.1,11.4,8.2,78.2,84.3,16.2,58.6,10.2,19.9,56.8,26.8,14.3,33.4,22.4,16.2,14.2,22.4,8.1,40.6,12.2,9.7,8.5,35.3,32.3,70.7,19.2,16.1,41.3,16.1,4.5,8.9,39.5,4.1,16.7,5.6
39049,OH,Franklin,8.4,24.5,17.8,32.9,76.2,6.8,11.2,5.6,79.6,85.3,13.9,62.8,6.3,13.9,65.2,25.8,11.8,26.0,22.9,15.5,12.3,18.3,5.1,33.5,12.5,7.5,8.5,38.6,23.7,78.1,18.1,11.6,33.7,12.8,3.4,9.3,36.6,3.1,14.6,4.5
39051,OH,Fulton,8.5,32.2,16.2,37.8,80.5,9.6,10.5,7.4,79.5,86.6,13.7,66.8,8.1,15.1,59.7,24.7,13.3,29.6,20.8,12.1,9.2,18.5,7.3,39.0,10.0,7.7,6.6,33.5,27.3,74.9,17.1,13.8,37.0,13.9,3.5,6.9,36.7,3.6,10.4,4.5
39053,OH,Gallia,9.3,35.1,15.3,41.5,80.4,9.8,11.5,9.2,79.7,84.3,16.4,65.6,11.0,20.8,57.2,28.3,15.3,36.1,22.5,16.5,15.0,24.1,8.6,40.2,12.3,10.2,8.8,35.1,35.2,71.9,19.6,17.7,36.6,17.3,4.8,9.2,38.2,4.4,21.2,5.9
39055,OH,Geauga,6.4,30.9,16.6,37.5,81.5,10.8,10.3,7.4,80.9,88.4,11.7,67.6,7.6,12.8,67.9,23.3,12.4,25.6,18.5,9.0,6.8,16.4,7.2,37.8,7.6,6.8,5.3,31.7,23.2,80.0,15.2,12.6,32.6,12.8,3.1,5.3,33.9,3.5,11.0,3.9
39057,OH,Greene,6.5,28.9,16.4,35.4,79.1,9.0,10.8,6.4,79.6,86.7,12.4,69.3,6.6,12.3,66.8,24.2,11.2,25.7,19.6,10.3,7.9,15.8,6.3,36.7,8.9,6.8,6.2,33.2,22.6,77.6,16.3,11.4,37.8,12.1,3.0,6.3,37.0,3.1,12.5,3.8
39059,OH,Guernsey,9.1,34.0,15.3,40.2,80.4,9.9,11.3,8.9,79.5,84.7,16.1,65.6,10.6,19.0,55.8,27.3,14.8,34.1,21.7,15.5,13.6,23.4,8.4,40.1,11.7,9.7,8.2,35.9,32.5,74.8,19.1,16.8,38.3,16.1,4.6,8.5,40.1,4.3,18.0,5.6
39061,OH,Hamilton,7.7,27.7,17.0,36.3,79.2,7.8,11.4,6.5,79.7,86.2,13.1,66.3,7.1,13.9,59.8,25.4,13.2,26.9,21.5,14.6,12.4,18.4,6.0,34.3,12.3,7.8,8.1,33.3,24.4,79.0,17.3,12.6,35.6,12.2,3.7,9.1,38.8,3.5,18.5,4.7
39063,OH,Hancock,7.5,28.7,16.9,36.2,80.0,9.1,10.6,6.9,79.2,86.0,13.2,63.5,7.5,14.5,64.6,25.1,12.5,27.9,19.9,11.3,9.1,18.0,6.9,36.2,9.5,7.5,6.6,34.1,26.7,77.3,17.4,12.9,39.3,13.3,3.3,6.7,37.4,3.3,13.7,4.2
39065,OH,Hardin,8.7,29.8,16.8,38.1,77.5,8.4,11.2,7.5,77.8,82.1,16.7,61.3,9.1,17.7,53.6,27.1,12.9,32.9,21.5,15.3,13.0,20.9,7.3,36.0,11.4,9.4,8.6,36.5,30.4,72.6,19.9,14.7,40.3,15.2,4.0,8.5,40.3,3.6,23.1,5.2
39067,OH,Harrison,8.6,35.1,15.1,43.0,81.2,10.2,11.3,9.1,79.5,85.9,15.3,64.6,10.6,19.0,59.1,26.8,15.6,33.8,21.5,14.5,12.8,22.6,8.6,41.3,11.0,9.5,7.8,34.4,31.6,74.2,18.7,17.3,41.4,16.2,4.5,8.1,39.0,4.4,20.1,5.5
39069,OH,Henry,8.5,30.3,16.8,38.1,79.7,9.7,10.8,7.6,79.9,86.5,13.9,66.1,8.3,15.8,61.7,24.8,13.1,29.9,21.0,12.3,9.7,19.1,7.4,37.8,10.2,7.9,6.8,34.7,28.0,78.1,17.2,14.1,38.6,14.4,3.6,7.0,38.3,3.7,16.1,4.6
39071,OH,Highland,9.0,33.8,15.8,40.1,80.1,9.7,11.4,8.5,78.5,84.8,16.1,63.2,10.4,19.5,57.4,27.4,14.7,34.1,21.4,15.2,13.4,22.8,8.2,39.6,11.7,9.6,8.2,33.4,32.7,75.4,19.2,16.6,41.3,16.2,4.4,8.4,41.5,4.2,18.4,5.5
39073,OH,Hocking,8.7,35.8,15.3,42.5,81.1,10.2,11.4,9.2,80.1,84.9,16.2,66.0,10.9,20.5,55.0,27.1,15.7,36.0,22.1,15.9,14.4,23.1,8.7,38.8,11.6,9.9,8.3,34.3,33.4,71.0,19.3,17.7,36.1,16.7,4.8,8.9,43.7,4.4,18.5,5.8
39075,OH,Holmes,12.3,29.6,17.4,35.3,76.6,8.1,12.0,7.8,75.1,80.0,19.5,57.7,10.7,21.5,52.8,29.3,12.7,36.5,24.9,18.5,15.1,25.2,7.8,36.1,13.3,10.9,9.5,38.7,33.9,69.5,21.5,16.4,38.2,17.0,4.6,8.7,38.0,3.9,26.5,5.9
39077,OH,Huron,9.0,32.3,16.3,37.7,79.8,9.3,11.1,7.7,79.7,85.4,14.8,64.0,9.0,17.2,64.8,25.7,13.5,31.9,20.5,13.6,11.2,20.2,7.6,36.5,10.8,8.6,7.4,33.8,30.3,74.2,18.0,14.8,35.0,15.0,3.9,7.6,38.1,3.8,16.7,4.9
39079,OH,Jackson,9.1,33.5,15.9,42.7,78.5,9.3,11.5,8.4,78.9,84.1,16.5,62.5,10.5,20.1,56.6,28.9,14.9,34.7,21.7,16.3,14.7,24.2,8.1,41.3,11.9,10.0,8.6,36.8,33.8,70.6,20.0,16.7,44.9,16.9,4.5,8.9,40.9,4.1,25.6,5.7
39081,OH,Jefferson,8.0,34.7,14.8,41.9,81.0,10.1,11.7,8.7,80.3,85.9,15.3,66.7,10.1,17.6,62.5,27.8,15.1,34.3,21.1,14.4,12.6,22.0,8.2,38.4,10.9,9.2,7.8,36.1,31.3,72.7,18.7,16.7,42.5,16.1,4.3,8.1,41.9,4.2,20.0,5.3
39083,OH,Knox,7.6,30.9,17.0,37.5,80.0,9.6,11.0,7.5,78.2,85.3,14.2,65.9,8.5,15.5,64.4,25.7,12.6,29.6,19.7,12.2,9.6,18.4,7.4,37.6,9.5,8.1,6.8,33.7,27.6,72.3,17.7,13.6,37.1,13.8,3.6,6.8,32.8,3.6,14.1,4.4
39085,OH,Lake,7.1,32.0,16.6,37.9,81.1,10.2,10.7,7.3,81.3,88.0,12.7,67.4,7.7,14.5,65.8,24.6,12.9,28.5,19.3,10.7,8.4,17.8,7.1,36.3,9.0,7.3,6.1,31.1,25.4,78.2,16.2,13.0,36.9,13.9,3.3,6.3,38.9,3.5,12.2,4.1
39087,OH,Lawrence,8.6,34.4,14.6,42.9,80.4,9.5,11.7,8.6,80.3,85.2,16.5,59.9,10.6,19.6,56.2,27.4,15.1,37.0,21.8,16.1,14.4,23.7,8.4,39.9,12.1,9.7,8.4,37.8,32.4,70.0,19.6,17.2,41.6,16.3,4.6,9.0,41.9,4.3,23.0,5.6
39089,OH,Licking,7.2,30.1,15.3,35.5,78.7,9.1,10.9,6.8,79.2,86.1,13.5,64.2,7.6,15.4,63.4,25.8,12.9,28.8,20.5,11.7,9.3,17.5,6.6,37.1,9.7,7.5,6.6,34.2,24.1,76.2,17.1,13.0,37.5,13.3,3.4,6.9,37.5,3.4,14.8,4.2
39091,OH,Logan,7.8,32.6,15.8,39.0,80.3,9.6,11.0,8.0,79.6,86.1,14.4,66.0,9.2,17.5,59.8,25.4,14.0,30.8,20.7,13.0,10.8,20.2,7.6,37.9,10.3,8.4,7.2,33.6,29.2,74.1,17.9,15.0,39.3,15.0,3.9,7.5,36.9,3.9,17.5,4.8
39093,OH,Lorain,8.6,32.0,15.7,38.8,80.6,9.3,11.0,7.6,80.2,86.8,13.6,65.4,8.2,15.0,63.3,25.2,14.2,30.5,20.7,13.7,10.9,19.5,7.2,38.7,11.1,8.0,7.3,32.4,29.0,74.4,17.4,14.6,36.8,14.5,3.8,7.9,38.9,3.7,8.5,4.8
39095,OH,Lucas,9.0,30.6,15.3,37.2,79.9,8.2,11.3,7.5,80.8,85.8,14.8,65.3,8.6,16.4,61.0,26.2,14.0,31.4,22.6,17.0,14.7,21.7,6.8,35.8,13.8,9.0,9.1,37.0,29.8,74.2,18.3,15.2,36.1,14.6,4.3,10.2,40.9,3.9,17.0,5.4
39097,OH,Madison,8.4,28.7,17.9,37.5,77.6,8.6,10.6,6.8,78.8,85.4,14.1,63.1,7.8,16.5,59.8,24.7,12.4,28.3,21.7,12.9,10.2,18.6,6.6,36.2,10.8,7.7,7.2,33.6,26.9,70.8,17.6,13.0,37.3,13.6,3.5,7.6,39.0,3.4,16.8,4.4
39099,OH,Mahoning,9.1,34.2,14.6,40.2,81.7,9.7,11.0,8.4,79.4,86.1,14.7,68.2,9.5,16.9,61.5,24.5,14.8,32.1,21.6,15.9,13.8,21.6,7.9,37.8,12.3,9.3,8.5,34.2,28.2,78.2,17.6,16.2,38.6,15.3,4.5,9.3,40.9,4.3,20.2,5.7
39101,OH,Marion,9.5,32.8,16.4,41.3,78.8,9.1,10.9,8.3,79.1,84.3,16.1,62.2,10.0,19.6,57.0,27.3,14.8,34.8,22.7,16.1,14.1,22.6,7.8,38.8,12.4,9.5,8.6,35.7,33.8,73.7,18.7,16.5,44.2,16.1,4.4,9.2,42.9,4.1,19.1,5.5
39103,OH,Medina,6.2,30.5,17.4,37.1,80.3,10.2,10.5,6.8,80.3,88.0,11.7,68.4,7.0,13.1,66.9,23.9,11.9,25.9,19.5,9.0,6.9,16.0,6.7,38.3,7.9,6.5,5.4,32.7,24.2,76.6,15.8,11.8,36.3,12.7,3.0,5.6,35.1,3.2,9.9,3.7
39105,OH,Meigs,9.6,36.5,15.3,45.1,81.1,10.0,11.6,10.3,79.8,84.4,17.6,59.8,12.9,22.5,54.3,27.7,17.3,37.5,21.8,18.7,18.2,27.2,9.5,40.8,13.1,11.2,9.6,34.5,39.1,74.4,20.3,20.0,44.5,18.5,5.6,10.4,40.3,5.0,21.0,6.8
39107,OH,Mercer,7.2,29.7,18.3,37.8,79.6,9.7,10.4,7.3,79.0,86.4,13.4,66.5,7.9,15.0,63.7,24.9,12.1,28.7,20.6,10.8,8.1,17.4,7.2,38.0,8.9,7.4,6.1,34.0,27.5,77.2,17.1,12.9,36.3,13.4,3.2,6.2,37.4,3.5,20.4,4.1
39109,OH,Miami,7.2,30.9,16.9,37.2,80.1,9.7,10.8,7.3,79.2,86.7,13.2,66.4,8.0,15.3,66.0,25.3,12.7,29.3,20.7,11.3,9.0,17.7,7.1,37.4,9.4,7.6,6.4,33.5,26.1,71.1,16.9,13.6,33.6,13.8,3.4,6.7,36.6,3.5,17.5,4.2
39111,OH,Monroe,8.7,36.7,15.2,43.3,82.1,10.5,11.2,9.9,80.4,85.7,16.0,61.5,11.6,20.0,57.2,26.6,16.1,35.8,21.6,15.5,14.3,23.6,9.5,40.7,11.4,10.1,8.2,34.3,34.0,71.1,18.5,18.2,40.4,16.9,4.9,8.6,36.8,4.8,22.7,6.0
39113,OH,Montgomery,7.9,29.1,15.5,37.0,78.9,8.5,11.5,7.2,80.8,85.9,14.2,65.1,8.1,15.2,60.0,25.9,14.5,31.0,21.0,15.1,13.1,21.0,6.7,33.6,12.5,8.5,8.5,36.3,29.3,76.9,18.0,14.7,37.0,14.0,4.0,9.3,39.5,3.9,17.0,5.1
39115,OH,Morgan,8.8,34.9,15.1,43.1,81.7,10.2,11.5,9.4,80.8,85.7,16.0,61.7,11.1,19.5,60.7,26.5,16.0,34.5,21.4,15.5,14.1,23.4,8.9,40.7,11.7,10.0,8.4,34.1,33.5,72.9,18.5,17.6,41.1,16.7,4.8,8.8,39.2,4.6,20.4,5.9
39117,OH,Morrow,8.0,31.9,16.4,38.2,79.9,9.7,11.1,7.8,80.0,86.1,14.4,62.2,9.2,17.8,57.4,25.4,13.8,31.6,20.9,12.7,10.7,20.4,7.6,38.3,10.2,8.4,7.0,33.1,29.8,73.1,18.1,14.9,40.0,15.2,3.9,7.4,36.6,3.8,14.2,4.7
39119,OH,Muskingum,8.2,31.9,15.3,39.9,80.6,9.4,11.5,8.0,81.4,85.0,15.4,65.4,9.6,18.1,60.8,27.8,14.4,31.4,20.7,14.3,13.1,21.3,7.6,40.3,11.2,9.1,8.0,33.8,29.9,74.9,18.9,15.2,43.9,15.3,4.1,8.5,40.6,3.9,23.0,5.2
39121,OH,Noble,8.8,37.8,14.5,47.9,84.6,12.2,10.2,11.9,81.8,87.8,14.3,66.7,11.8,18.5,57.6,23.4,18.0,35.9,21.5,13.6,11.2,24.4,10.9,43.7,9.6,9.2,7.1,32.8,33.6,73.3,16.3,19.2,41.6,17.2,4.9,7.0,38.1,5.4,25.3,5.9
39123,OH,Ottawa,7.0,34.8,15.4,41.9,82.8,11.6,10.5,8.5,81.2,89.2,12.2,69.4,8.5,14.0,66.7,23.6,13.8,29.3,19.4,9.7,7.5,18.1,8.2,42.5,8.0,7.2,5.6,32.7,28.4,76.6,15.5,14.4,38.0,14.3,3.5,5.6,35.3,3.9,12.4,4.3
39125,OH,Paulding,8.7,32.9,16.3,40.0,79.9,9.8,10.9,8.1,79.7,86.0,14.5,63.3,9.2,17.2,59.8,25.7,14.1,32.0,21.1,13.4,10.8,20.4,7.9,39.4,10.4,8.4,7.2,34.7,30.8,75.8,17.8,15.1,41.3,15.0,3.9,7.4,38.5,3.9,17.4,4.9
39127,OH,Perry,8.8,31.8,15.9,40.5,80.0,9.4,11.2,8.3,79.2,84.9,15.9,63.5,10.1,19.3,58.1,27.0,14.3,32.2,20.9,14.8,13.2,21.8,8.0,39.1,11.2,9.3,7.9,33.4,32.1,72.4,18.8,16.0,38.6,15.9,4.3,8.3,41.0,4.0,16.3,5.3
39129,OH,Pickaway,8.5,28.9,17.1,38.7,77.0,8.5,11.0,7.1,78.5,84.4,14.9,62.5,8.5,17.9,62.7,26.9,12.6,29.8,21.9,13.7,11.3,20.0,6.9,36.4,11.1,8.2,7.5,35.1,29.4,70.2,18.5,13.6,39.8,14.4,3.7,8.0,41.1,3.5,16.0,4.6
39131,OH,Pike,10.2,34.5,15.4,43.7,80.0,9.5,11.9,9.6,79.7,83.4,18.2,58.3,12.5,22.9,56.3,29.2,16.2,38.4,22.3,19.4,18.9,25.8,9.2,39.2,13.6,11.5,10.1,35.7,36.6,69.5,21.0,19.4,43.2,18.1,5.5,10.6,37.5,4.8,22.7,6.9
39133,OH,Portage,7.1,28.6,16.4,34.7,78.9,8.7,10.8,6.8,79.1,84.7,14.3,64.3,7.6,14.5,64.9,24.6,11.8,28.8,20.4,12.0,9.6,18.0,6.7,35.6,9.6,7.9,7.1,35.5,25.0,72.7,17.8,12.7,32.9,13.1,3.3,6.9,38.3,3.3,20.7,4.3
39135,OH,Preble,7.5,32.8,16.6,39.0,80.6,9.9,10.9,7.9,79.5,86.5,14.3,67.0,9.1,17.0,61.4,26.0,13.4,31.1,20.7,12.1,10.0,19.7,7.7,37.8,9.6,8.2,6.7,33.7,30.3,74.6,17.9,14.6,39.7,14.8,3.7,7.0,36.8,3.8,15.8,4.6
39137,OH,Putnam,7.3,30.5,18.9,36.6,80.1,9.8,10.5,7.0,80.3,87.4,12.7,67.9,7.4,14.0,68.1,24.2,12.3,27.9,19.7,10.1,7.6,16.9,6.9,36.7,8.6,7.0,5.8,33.3,24.7,82.0,16.4,12.8,43.7,13.4,3.2,6.0,33.0,3.3,10.6,3.9
39139,OH,Richland,9.2,31.0,14.9,38.9,79.5,9.2,11.0,8.3,78.6,84.8,15.3,61.9,9.7,18.0,61.2,26.2,14.5,31.6,22.4,15.5,14.0,21.7,7.8,37.8,12.3,9.3,8.5,32.9,30.2,71.8,18.8,15.9,39.0,15.6,4.3,9.3,40.4,4.1,13.6,5.5
39141,OH,Ross,9.3,32.2,15.0,40.7,78.8,9.0,11.6,8.1,78.0,84.2,16.0,63.1,10.0,19.8,55.3,27.9,15.0,31.5,22.6,16.3,14.5,22.3,7.8,37.9,12.5,9.3,8.6,36.6,30.8,71.3,19.2,15.1,44.3,15.7,4.5,9.2,39.4,4.1,20.9,5.6
39143,OH,Sandusky,9.2,33.5,15.4,39.7,80.5,9.4,10.7,8.0,80.1,86.1,14.3,62.6,8.8,16.6,60.3,25.0,14.4,30.7,21.5,13.9,11.4,21.0,7.8,38.4,11.1,8.4,7.6,34.3,29.3,75.2,17.6,15.0,40.7,15.1,4.0,8.0,40.0,3.9,18.4,5.1
39145,OH,Scioto,9.5,33.5,14.0,43.6,79.6,9.3,11.6,9.0,80.9,83.8,17.5,59.6,11.4,20.8,55.3,29.3,15.3,37.9,22.0,18.3,17.2,24.9,8.5,38.7,13.0,10.6,9.6,36.5,35.9,70.1,21.0,18.2,44.7,17.6,5.0,10.1,43.0,4.4,21.3,6.2
39147,OH,Seneca,8.2,31.4,17.8,36.0,79.7,9.2,10.8,7.4,78.5,85.3,14.3,64.1,8.5,16.4,58.7,25.4,13.2,29.9,21.3,12.8,10.4,19.6,7.3,36.7,10.3,8.3,7.3,34.7,29.3,72.6,18.0,14.1,35.8,14.5,3.7,7.3,36.4,3.6,14.9,4.7
39149,OH,Shelby,8.0,31.4,16.3,38.2,79.5,9.3,11.0,7.7,78.7,85.3,14.6,63.5,8.8,17.0,61.4,25.6,13.3,31.2,21.0,13.1,10.9,19.8,7.5,37.2,10.4,8.4,7.3,34.9,29.3,74.7,18.1,14.5,39.6,14.8,3.8,7.5,38.3,3.7,15.3,4.8
39151,OH,Stark,7.8,32.1,15.9,38.5,80.3,9.4,11.2,7.9,79.1,86.2,14.2,64.8,8.8,17.1,65.2,25.1,13.7,31.4,20.8,13.2,11.5,20.5,7.5,38.6,10.7,8.4,7.4,34.8,29.1,72.3,17.7,14.8,40.4,14.6,3.9,7.9,34.6,3.9,19.2,4.9
39153,OH,Summit,7.4,31.2,15.1,37.5,80.2,9.2,11.2,7.0,81.2,86.6,13.3,68.7,7.9,14.6,65.4,25.8,13.7,30.7,20.9,13.7,11.2,19.4,6.8,37.3,11.2,7.8,7.4,33.7,26.2,71.7,17.2,14.1,37.6,13.9,3.7,8.1,37.6,3.6,10.1,4.7
39155,OH,Trumbull,8.7,35.1,15.0,40.2,81.5,9.8,11.3,8.9,80.5,85.7,15.2,61.3,10.2,18.4,56.9,25.6,15.5,32.7,21.9,16.1,14.5,22.0,8.4,39.2,12.0,9.5,8.4,33.1,31.3,77.3,18.5,16.7,39.7,15.7,4.6,8.9,40.0,4.4,15.7,5.8
39157,OH,Tuscarawas,9.1,30.7,16.4,39.9,80.1,9.7,11.2,8.2,79.7,85.2,14.8,64.4,9.7,17.5,57.3,24.9,13.6,30.7,21.6,14.3,12.0,20.4,8.1,36.4,10.9,8.9,7.6,35.0,29.9,74.7,18.4,15.2,43.4,15.0,4.1,7.8,40.5,4.0,17.4,5.2
39159,OH,Union,6.3,26.0,18.0,32.0,76.6,8.0,10.4,5.2,79.3,87.4,11.7,62.0,5.7,12.6,70.4,24.2,10.2,23.0,19.9,9.5,6.9,14.1,5.3,34.6,8.6,6.1,5.6,32.0,23.2,78.8,16.1,9.6,39.8,11.4,2.5,5.9,34.8,2.6,7.6,3.2
39161,OH,Van Wert,8.1,31.2,16.6,38.8,79.9,9.8,10.8,7.8,79.4,86.0,14.1,63.3,8.8,16.5,63.4,25.7,13.2,30.7,20.9,12.2,10.0,19.8,7.8,36.7,9.9,8.2,6.9,34.2,29.3,75.3,17.8,14.5,37.3,14.4,3.7,7.1,35.6,3.7,11.3,4.6
39163,OH,Vinton,9.5,33.8,16.1,41.2,80.6,9.5,11.7,8.9,79.1,84.3,16.9,60.4,11.4,21.2,52.1,28.1,15.4,34.0,21.9,17.0,15.7,23.8,8.4,39.9,12.3,10.3,8.8,35.0,33.0,68.6,19.6,17.3,40.3,17.1,4.9,9.3,38.8,4.4,21.3,6.0
39165,OH,Warren,6.0,26.7,17.5,32.2,79.4,8.8,9.9,5.8,79.7,87.9,11.1,66.9,5.8,12.2,69.1,22.7,11.0,23.3,19.1,9.0,6.4,14.5,5.8,35.2,7.9,5.9,5.3,29.7,20.4,79.1,15.2,10.1,32.6,11.4,2.6,5.5,34.9,2.8,11.3,3.3
39167,OH,Washington,7.7,34.3,16.6,41.2,80.4,10.4,10.9,8.6,80.9,86.2,14.4,64.1,9.6,17.0,61.8,25.8,13.8,32.0,19.1,12.6,10.9,20.0,8.2,37.8,10.1,8.7,7.2,31.6,29.9,73.7,17.6,15.8,43.7,15.1,4.1,7.4,37.1,4.1,18.1,5.0
39169,OH,Wayne,8.5,30.4,18.0,37.1,78.8,9.4,11.0,7.6,78.6,84.7,14.7,67.3,8.7,16.3,63.1,25.4,12.9,30.5,21.1,13.0,10.4,19.7,7.5,37.1,9.9,8.4,7.2,34.9,27.3,73.0,17.8,14.1,37.5,14.4,3.7,7.0,32.7,3.7,13.4,4.7
39171,OH,Williams,9.0,32.3,16.3,39.9,79.9,9.7,11.1,8.3,79.0,85.4,14.9,65.8,9.5,17.8,61.3,25.8,14.4,32.0,21.4,13.9,11.6,20.8,8.1,38.5,10.9,8.9,7.6,34.3,31.6,76.7,18.2,15.5,40.6,15.3,4.1,7.9,37.1,4.0,15.5,5.1
39173,OH,Wood,7.0,26.6,18.3,33.1,77.4,8.2,10.6,6.1,79.2,84.4,13.7,64.6,6.6,12.7,66.8,27.6,10.7,28.3,19.4,11.2,8.4,16.6,6.0,33.7,9.1,7.2,6.6,34.8,22.9,76.8,17.4,11.4,37.4,12.2,3.0,6.4,36.0,2.9,10.1,3.9
39175,OH,Wyandot,7.4,31.9,16.6,39.1,79.6,10.1,10.7,7.6,79.8,86.6,13.3,63.6,8.4,15.5,64.6,24.6,13.0,29.4,21.0,11.1,8.7,18.2,7.5,37.1,9.0,7.7,6.3,33.6,27.1,77.1,17.0,14.0,35.6,14.0,3.5,6.4,36.9,3.6,16.4,4.3
40001,OK,Adair,13.5,32.2,12.7,44.0,76.7,7.7,13.6,9.6,77.8,81.7,22.3,53.7,11.7,25.8,46.6,26.3,17.5,47.6,29.4,30.4,26.4,30.6,12.4,40.1,20.7,13.9,15.6,36.2,40.8,60.9,21.2,23.8,46.2,19.1,6.4,16.1,40.5,5.3,28.0,9.7
40003,OK,Alfalfa,11.2,29.8,14.7,42.7,77.5,9.0,10.4,8.3,77.9,85.7,15.9,57.1,8.5,17.9,59.5,22.6,13.5,38.1,25.1,15.7,12.7,21.3,10.3,40.1,12.1,8.8,8.0,30.7,31.7,70.7,16.2,17.3,40.6,14.5,4.3,9.1,34.6,4.0,16.7,5.6
40005,OK,Atoka,12.7,31.3,13.9,42.7,76.7,8.4,11.7,8.9,76.6,82.6,19.5,59.2,10.3,21.3,48.7,24.8,14.6,43.1,26.6,22.0,19.4,25.2,11.1,39.4,15.6,11.5,11.3,33.1,34.7,66.1,18.8,20.3,40.3,16.5,5.3,12.0,38.2,4.6,19.5,7.4
40007,OK,Beaver,15.2,29.9,13.1,41.3,78.3,9.1,10.5,8.4,79.1,85.5,16.6,61.3,8.5,15.3,59.7,22.9,13.9,39.7,24.2,17.8,13.5,22.7,10.5,41.0,13.4,9.4,8.7,31.8,33.9,70.6,16.2,18.6,38.4,15.1,4.5,9.0,34.9,4.1,13.1,6.5
40009,OK,Beckham,14.8,28.2,14.5,40.9,75.3,7.6,11.2,7.9,76.2,81.3,19.3,55.8,9.5,20.0,53.5,24.3,13.3,41.7,27.0,22.2,19.5,24.4,9.9,38.0,16.1,10.8,11.0,34.1,35.0,65.2,18.7,18.8,40.0,15.6,5.0,11.8,38.5,4.0,18.3,7.0
40011,OK,Blaine,12.1,31.5,12.9,43.1,79.1,9.2,11.3,8.6,79.6,85.4,17.3,60.2,9.4,17.6,53.9,24.6,14.3,41.3,25.1,17.9,14.6,22.7,10.6,41.4,13.0,10.1,9.0,31.9,33.2,69.3,17.4,19.3,38.3,15.6,4.7,9.4,36.7,4.3,21.6,6.5
40013,OK,Bryan,11.5,29.3,13.6,40.3,76.5,8.2,12.2,8.1,78.5,83.2,19.0,60.4,9.4,19.0,54.7,27.0,13.4,40.4,25.1,20.3,17.6,23.7,10.2,40.0,14.7,10.8,10.6,32.1,34.1,66.2,18.9,18.8,40.0,16.0,4.8,11.2,39.3,4.2,15.2,6.8
40015,OK,Caddo,15.8,28.6,14.5,41.6,74.7,7.3,11.5,8.2,76.6,81.2,19.8,54.3,9.5,21.5,47.5,24.2,14.9,44.2,27.7,24.7,20.6,25.9,10.5,36.9,17.9,11.3,12.5,34.2,37.4,65.4,19.0,20.1,40.2,16.5,5.2,13.2,40.8,4.3,25.8,7.8
40017,OK,Canadian,9.4,25.7,16.5,35.6,73.6,7.4,10.7,5.6,78.2,85.5,14.7,62.1,5.9,13.4,64.7,24.8,10.4,32.5,22.7,13.7,10.1,16.8,7.5,36.6,11.2,7.4,7.2,32.0,26.8,69.3,17.3,13.1,39.0,12.2,3.1,7.8,35.9,2.8,12.4,4.3
40019,OK,Carter,11.1,30.7,13.3,41.3,76.7,8.1,11.7,7.7,78.7,84.5,18.1,59.0,8.8,18.0,55.5,25.5,13.7,40.0,25.5,19.5,16.4,22.1,9.5,39.2,14.3,10.2,9.9,33.5,34.6,67.5,18.4,18.0,39.7,15.1,4.6,10.7,38.4,4.0,20.5,6.4
40021,OK,Cherokee,10.8,29.0,13.8,40.6,77.0,7.9,12.7,8.1,78.8,82.8,19.4,56.7,8.9,18.9,52.5,25.3,14.3,42.3,25.9,22.1,18.2,24.1,10.5,37.2,15.9,11.1,12.3,34.2,31.6,65.2,19.6,18.7,42.9,16.1,4.7,12.1,40.7,4.2,20.7,7.3
40023,OK,Choctaw,11.9,34.0,12.1,46.1,79.9,9.0,12.6,9.9,79.7,84.4,19.8,57.8,11.5,21.5,50.0,25.3,17.2,45.2,27.2,24.5,22.3,27.8,11.8,41.1,17.1,12.5,12.3,34.2,38.6,65.6,19.3,23.3,45.4,18.0,6.0,13.2,37.0,5.3,23.7,8.4
40025,OK,Cimarron,13.0,31.5,12.6,41.9,81.1,10.6,10.1,8.7,80.5,88.0,14.5,65.5,8.1,13.0,62.8,21.5,13.7,38.3,22.7,14.0,10.1,20.5,11.0,42.2,10.5,8.4,6.9,30.3,31.7,75.1,14.4,18.1,37.6,14.1,4.0,6.9,33.0,4.1,12.0,5.7
40027,OK,Cleveland,9.4,24.4,13.6,34.2,74.6,7.4,11.0,5.9,77.3,83.9,15.9,60.3,6.4,13.2,61.0,25.5,10.9,35.2,23.5,15.2,11.1,17.9,8.1,37.0,11.6,8.2,8.1,33.2,26.6,69.9,17.5,13.5,36.3,12.3,3.3,8.5,35.1,3.0,9.6,4.8
40029,OK,Coal,12.6,35.1,12.6,45.5,79.0,9.2,12.8,10.4,79.0,83.1,20.9,55.7,12.4,23.1,48.7,27.5,17.2,47.5,26.5,25.3,23.2,28.5,12.7,42.3,16.7,13.2,12.8,34.2,39.2,65.6,20.0,23.9,42.6,18.7,6.3,13.3,40.0,5.4,24.9,8.9
40031,OK,Comanche,12.1,26.9,14.3,37.5,73.9,6.7,11.3,6.6,78.0,82.8,18.4,59.4,7.5,17.6,54.4,25.1,12.8,39.5,26.3,21.2,17.4,21.9,8.3,35.7,16.1,9.7,10.7,33.2,33.1,72.6,18.9,16.8,43.0,14.3,4.3,11.8,43.3,3.6,21.2,6.3
40033,OK,Cotton,11.3,32.9,13.3,44.2,79.5,9.3,11.8,9.2,79.2,85.0,18.3,60.0,10.5,19.3,52.5,25.6,15.4,42.6,24.4,19.6,17.3,24.3,11.2,41.9,13.7,11.0,9.9,32.6,35.0,67.5,18.0,21.0,43.1,16.7,5.3,10.4,38.2,4.7,23.2,7.1
40035,OK,Craig,12.0,32.7,13.2,44.7,77.8,8.7,12.4,9.6,78.7,83.4,20.2,56.7,11.2,22.2,48.3,26.0,15.9,44.9,26.5,23.7,21.2,26.7,11.9,41.4,16.5,12.4,12.2,34.2,36.1,66.3,19.7,22.3,41.8,17.7,5.8,12.9,38.8,5.1,28.1,8.2
40037,OK,Creek,10.1,31.1,13.7,39.5,77.5,9.0,11.7,8.0,79.2,85.1,17.5,56.8,8.9,18.4,57.2,24.9,13.4,40.8,24.1,17.2,14.3,21.6,10.3,40.8,12.9,9.8,8.9,31.3,31.3,71.4,17.9,17.8,39.8,15.1,4.4,9.6,39.2,4.1,22.6,6.0
40039,OK,Custer,12.0,25.7,15.1,35.1,74.6,7.3,11.1,6.9,76.0,81.3,18.0,58.9,7.5,15.4,58.4,25.9,11.8,39.7,24.0,18.7,15.2,21.0,8.9,34.3,13.9,9.7,9.9,33.9,31.4,68.3,18.4,15.9,41.0,13.8,4.1,9.9,37.8,3.4,16.6,6.1
40041,OK,Delaware,10.8,36.5,12.0,47.1,81.0,10.1,12.1,10.4,80.3,85.9,18.5,58.3,11.5,20.5,52.4,25.4,16.7,45.2,25.1,21.1,18.4,26.2,12.9,45.2,14.5,11.6,10.9,32.8,35.9,64.6,18.5,23.1,37.8,17.8,5.6,11.2,36.0,5.3,15.5,7.9
40043,OK,Dewey,10.1,30.6,13.9,41.8,78.5,9.2,11.3,8.3,78.8,85.1,17.1,60.3,9.2,17.5,55.4,24.8,13.5,39.5,24.1,16.6,14.0,21.5,10.4,40.5,12.0,9.8,8.6,31.8,32.5,69.7,17.5,18.4,38.2,15.2,4.4,8.9,35.4,4.1,14.8,6.0
40045,OK,Ellis,10.6,33.0,13.0,43.7,80.2,10.3,11.0,9.1,79.8,86.6,16.2,59.4,9.5,16.4,58.0,24.2,14.1,40.6,23.4,15.1,12.4,21.7,11.3,42.6,11.0,9.6,7.7,31.4,33.2,68.5,16.5,19.3,39.6,15.2,4.4,8.0,34.8,4.4,24.3,6.0
40047,OK,Garfield,12.3,26.6,14.0,38.9,75.7,8.1,11.0,7.3,78.1,83.6,16.9,59.3,8.2,16.9,55.6,22.9,12.6,36.7,25.3,17.8,14.3,21.2,9.5,40.2,13.5,9.3,9.0,32.0,32.0,68.0,16.9,16.4,41.7,13.9,4.2,9.6,36.2,3.7,23.1,5.8
40049,OK,Garvin,12.0,30.6,13.7,41.7,77.4,8.6,11.7,8.2,78.4,84.1,18.4,59.4,9.6,19.2,53.3,25.9,14.1,41.2,25.4,19.8,16.8,23.3,10.5,39.2,14.1,10.8,9.9,32.5,34.4,69.4,18.7,19.1,38.6,15.7,4.8,10.6,38.4,4.2,17.2,6.7
40051,OK,Grady,10.0,28.3,14.8,39.3,77.3,8.3,11.1,7.1,78.0,85.1,16.5,60.2,7.9,16.3,59.1,23.9,12.0,36.9,23.7,15.3,12.2,19.4,9.1,38.6,11.6,8.8,8.0,30.9,29.3,68.2,17.7,15.7,38.4,13.9,3.8,8.4,35.5,3.6,15.1,5.2
40053,OK,Grant,9.6,32.6,13.2,42.4,79.7,10.0,11.0,8.8,79.9,86.3,16.3,58.3,9.2,16.9,52.7,24.2,13.5,39.3,23.3,15.0,12.7,21.1,10.9,41.2,11.0,9.5,7.7,31.1,32.5,68.7,16.8,18.7,36.3,15.1,4.4,8.2,36.3,4.3,15.0,5.8
40055,OK,Greer,12.9,28.6,15.0,40.8,75.7,8.1,10.8,7.6,76.8,83.4,17.6,57.6,8.4,17.9,51.1,23.9,13.0,40.5,26.4,18.3,14.6,22.3,9.6,38.4,14.0,9.6,9.3,33.7,33.1,67.3,17.6,17.8,42.1,14.9,4.4,9.9,38.5,3.9,20.8,6.1
40057,OK,Harmon,16.7,32.2,11.9,44.7,79.5,8.5,11.1,9.4,79.7,84.9,18.5,55.1,10.1,17.8,54.8,23.2,17.0,44.1,25.5,24.0,20.4,27.4,11.2,42.0,17.1,11.3,11.4,32.5,39.3,67.0,17.2,22.4,42.4,17.1,5.9,12.3,36.9,4.8,22.7,8.5
40059,OK,Harper,13.8,31.7,13.4,41.9,78.9,9.3,10.7,8.5,79.0,86.1,16.4,60.0,9.0,16.2,58.1,23.3,14.0,39.5,23.2,17.4,13.9,22.4,10.5,41.2,13.0,9.4,8.5,31.1,33.3,66.2,16.2,18.8,39.4,15.3,4.6,9.1,36.9,4.1,15.8,6.3
40061,OK,Haskell,11.6,32.6,12.8,44.1,78.8,9.2,12.2,9.5,79.2,84.2,19.2,57.9,10.8,20.7,49.3,25.4,15.4,44.0,25.9,21.3,18.8,25.7,11.9,41.4,14.8,11.6,10.9,32.3,36.3,64.1,18.8,21.7,42.2,17.2,5.4,11.4,40.7,4.9,26.6,7.6
40063,OK,Hughes,13.3,30.7,13.8,43.0,76.2,8.2,11.9,9.0,77.4,82.1,20.0,55.2,10.5,21.8,48.8,25.3,15.1,44.7,27.6,24.2,21.0,26.1,11.3,39.5,17.2,11.8,12.4,34.2,36.5,60.0,19.3,21.1,41.9,16.9,5.5,13.1,38.3,4.7,21.9,7.9
40065,OK,Jackson,13.9,27.0,14.2,39.1,75.8,7.5,11.0,7.3,77.4,83.3,17.6,60.3,7.9,16.1,55.8,24.6,13.2,39.8,24.9,19.9,16.1,22.2,9.3,37.8,15.0,9.7,9.9,32.6,34.4,70.2,17.5,17.2,40.4,14.6,4.5,10.7,41.1,3.7,13.3,6.5
40067,OK,Jefferson,13.0,33.5,12.7,45.6,79.5,9.3,11.7,10.1,79.1,84.2,19.3,58.5,11.6,20.9,51.5,25.4,16.3,44.7,24.9,22.0,20.0,26.9,12.2,42.7,14.9,11.9,10.7,32.2,38.3,66.6,18.5,22.7,41.2,17.7,5.9,11.4,36.9,5.1,21.7,8.0
40069,OK,Johnston,11.7,32.1,13.4,42.3,77.5,8.6,12.4,9.3,78.2,82.6,20.3,57.4,10.8,21.0,49.9,26.9,15.3,45.4,25.3,22.5,20.6,26.2,11.4,39.7,15.6,12.1,11.8,33.0,36.9,67.7,19.8,21.5,39.4,17.4,5.6,12.4,36.8,4.8,25.4,7.9
40071,OK,Kay,11.2,31.6,14.1,41.4,77.8,9.0,11.8,8.6,77.8,84.3,18.1,59.7,9.6,18.7,56.9,26.5,14.1,41.5,24.8,18.9,16.4,23.2,10.7,40.0,13.6,10.6,9.8,32.3,32.1,65.9,18.6,19.3,42.6,15.8,4.8,10.4,35.6,4.3,20.4,6.6
40073,OK,Kingfisher,12.1,28.3,15.2,38.1,76.7,8.4,10.8,7.2,77.4,85.0,16.3,63.2,7.7,15.6,58.3,23.6,11.9,36.1,24.6,15.7,12.2,20.2,9.1,39.2,12.3,8.7,8.0,31.8,33.6,66.4,17.0,16.1,37.1,14.0,3.8,8.4,35.8,3.6,13.6,5.4
40075,OK,Kiowa,12.9,34.1,12.3,45.4,79.6,9.4,11.8,10.1,79.5,84.6,19.0,55.1,11.4,19.9,50.3,25.4,16.6,43.7,24.1,21.9,20.3,26.5,12.0,42.0,15.2,11.8,10.9,31.6,36.4,63.1,18.4,22.4,42.7,17.5,5.9,11.9,40.7,5.1,21.6,8.0
40077,OK,Latimer,12.2,34.6,12.4,45.1,79.1,9.2,12.6,10.6,78.4,83.2,20.8,61.0,12.1,22.4,48.6,26.2,17.0,47.3,26.7,24.9,22.2,28.4,13.1,42.2,16.8,13.1,12.8,34.0,37.9,66.4,19.9,24.1,42.3,18.7,6.2,13.2,37.2,5.5,22.7,8.8
40079,OK,Le Flore,12.7,31.3,13.5,42.5,77.8,8.4,12.3,9.1,78.5,82.7,20.0,55.6,10.8,21.9,48.3,25.9,15.1,43.9,26.7,22.6,20.4,26.2,11.1,40.8,15.8,11.8,11.5,34.0,37.9,66.6,19.8,21.3,40.3,17.3,5.5,12.2,38.3,4.7,18.9,7.7
40081,OK,Lincoln,10.3,32.3,14.1,43.3,79.0,9.2,11.7,8.6,78.7,84.7,18.2,58.7,9.8,18.9,53.9,25.5,14.1,41.5,24.6,18.2,15.6,22.9,10.7,40.8,13.1,10.4,9.2,32.7,33.3,67.2,18.0,19.6,44.1,15.9,4.7,9.9,38.1,4.3,14.0,6.4
40083,OK,Logan,9.4,28.6,14.5,39.8,76.8,8.4,11.2,6.9,78.9,86.0,15.6,64.0,7.4,15.3,59.6,24.5,12.0,35.3,23.1,14.9,12.1,18.8,8.7,39.1,11.6,8.5,7.9,31.8,28.8,69.6,16.9,15.7,40.2,13.3,3.8,8.5,34.9,3.5,13.5,5.1
40085,OK,Love,13.7,30.4,13.7,41.6,77.8,8.6,11.4,8.5,78.3,84.4,18.2,55.3,9.3,18.5,56.7,24.8,14.4,40.8,25.0,20.0,16.3,24.1,10.5,39.8,14.6,10.4,9.8,32.9,35.0,70.7,18.0,19.2,38.8,15.9,4.9,10.4,36.1,4.3,21.8,6.8
40087,OK,McClain,9.8,27.8,14.8,38.8,75.2,8.2,11.1,6.6,77.7,85.7,15.7,59.6,7.1,15.4,60.0,25.2,11.3,35.9,24.3,14.2,10.9,18.5,8.5,38.6,11.4,8.3,7.5,33.2,28.6,72.6,17.1,15.1,38.5,13.5,3.6,7.9,37.7,3.3,12.4,4.9
40089,OK,McCurtain,12.4,31.4,13.2,42.6,77.5,8.3,12.5,8.9,78.5,83.2,19.9,55.3,10.5,21.2,47.7,25.5,15.5,43.8,26.5,23.9,21.6,26.3,10.9,39.7,17.0,12.0,12.2,34.3,36.5,67.5,19.5,21.5,42.6,17.0,5.6,13.0,38.6,4.8,20.4,7.8
40091,OK,McIntosh,11.3,37.2,12.0,49.1,81.1,10.1,12.4,11.1,80.8,85.3,19.8,57.5,12.4,21.8,51.2,26.1,17.7,48.2,25.7,22.7,20.7,28.1,13.2,43.9,15.4,12.6,11.5,33.5,39.8,63.7,18.9,25.0,44.8,18.6,6.2,12.1,36.5,5.6,19.4,8.5
40093,OK,Major,11.0,31.9,13.5,40.8,79.3,9.7,11.0,8.4,78.5,85.8,16.6,63.1,9.1,16.9,59.1,24.2,13.3,38.8,23.7,15.3,12.4,21.1,10.5,40.8,11.4,9.4,7.8,31.9,33.9,69.9,16.9,18.4,41.9,15.1,4.3,8.1,33.4,4.1,18.6,5.8
40095,OK,Marshall,13.6,32.9,12.8,43.9,79.8,9.5,11.6,9.6,79.6,85.3,18.3,57.0,10.5,18.7,52.0,24.6,15.7,44.0,25.4,20.6,17.1,25.6,12.0,42.0,14.6,11.0,10.1,32.8,37.3,65.9,17.8,21.8,39.4,16.9,5.4,10.6,37.9,4.8,19.4,7.5
40097,OK,Mayes,10.5,32.0,13.4,43.2,76.8,8.7,12.4,8.7,78.8,84.4,19.0,56.8,10.0,20.3,52.1,25.1,14.6,43.4,25.8,20.7,17.7,24.0,11.0,41.3,15.0,11.0,10.9,32.3,34.9,68.8,19.0,20.2,41.8,16.7,5.0,11.5,37.4,4.5,21.1,7.0
40099,OK,Murray,11.0,31.9,13.1,43.0,79.0,9.3,11.7,8.7,79.7,85.6,17.7,61.6,9.5,17.9,56.3,24.5,14.3,41.5,25.2,18.0,14.5,23.1,11.0,40.2,13.1,10.2,9.2,31.9,34.9,67.7,17.5,19.5,41.4,15.9,4.6,9.4,36.1,4.4,13.8,6.5
40101,OK,Muskogee,12.1,30.8,13.4,42.6,76.7,7.9,12.6,8.5,78.9,83.2,20.2,58.9,10.1,20.7,53.9,26.1,15.2,45.6,26.7,23.6,21.5,26.5,10.5,38.7,17.1,12.0,12.6,34.5,35.8,67.0,20.1,21.5,41.5,17.1,5.5,13.5,39.6,4.6,21.0,7.8
40103,OK,Noble,9.4,32.1,13.5,41.7,79.1,9.7,11.5,8.2,80.1,86.3,16.4,62.2,8.8,16.8,59.9,25.3,13.3,40.3,23.9,15.3,12.3,21.2,10.5,40.9,11.4,9.5,8.1,31.7,33.3,69.4,17.3,18.6,41.6,15.2,4.3,8.5,36.9,4.1,16.2,5.7
40105,OK,Nowata,10.2,33.0,13.4,43.5,78.4,9.1,12.3,9.0,79.6,85.0,18.5,57.9,10.2,20.3,54.9,25.7,15.2,42.6,25.4,20.2,17.5,24.3,11.2,40.4,14.6,11.1,10.6,32.5,35.1,64.7,18.7,20.8,40.5,16.7,5.1,11.3,39.0,4.7,19.3,7.1
40107,OK,Okfuskee,13.5,32.1,12.9,46.0,77.6,8.2,12.5,10.1,78.0,82.1,21.2,54.0,12.1,24.4,47.2,25.7,17.3,46.5,27.7,27.5,25.8,29.1,12.2,41.0,18.8,13.4,13.9,34.2,39.0,64.8,19.9,23.9,45.8,18.4,6.6,15.1,38.8,5.4,25.0,9.2
40109,OK,Oklahoma,12.5,26.8,14.6,37.1,76.4,6.9,11.5,6.7,78.1,84.4,16.9,59.1,7.0,14.3,58.8,25.0,12.6,37.8,25.4,18.7,15.0,20.2,7.7,36.5,15.3,9.1,9.7,32.0,29.2,74.6,17.4,16.6,37.7,13.3,4.1,10.8,36.0,3.5,15.3,5.9
40111,OK,Okmulgee,11.1,32.4,12.8,43.8,77.1,8.4,12.7,8.6,78.6,83.8,19.5,59.2,9.9,20.0,52.4,25.7,15.4,44.2,26.4,21.8,19.3,25.2,10.6,40.2,16.0,11.5,11.4,33.3,37.2,64.9,19.5,20.8,45.0,16.5,5.2,12.2,38.2,4.6,21.2,7.3
40113,OK,Osage,10.1,32.2,13.3,45.6,79.3,9.1,12.1,8.7,80.4,86.1,17.1,62.7,9.2,17.9,55.4,24.0,14.4,41.0,25.9,18.2,15.4,22.3,10.4,39.6,13.9,10.1,9.5,33.0,31.9,67.1,17.4,19.2,46.4,15.3,4.7,10.4,36.5,4.5,17.7,6.5
40115,OK,Ottawa,11.8,30.9,13.5,41.0,77.8,8.5,12.6,9.1,78.1,82.6,20.3,58.1,10.7,21.3,49.9,27.0,15.2,43.6,25.5,22.8,20.5,25.5,11.3,39.7,16.1,12.1,12.1,33.1,36.3,68.1,19.8,20.8,41.7,17.1,5.5,12.6,39.9,4.7,24.7,7.8
40117,OK,Pawnee,10.7,32.0,13.3,42.1,78.4,9.2,11.9,8.8,79.0,84.9,18.0,59.9,9.9,19.3,57.7,26.0,14.3,41.4,25.3,18.6,15.7,23.3,11.0,40.4,13.4,10.5,9.6,32.7,33.3,69.5,18.2,19.6,39.7,16.0,4.8,10.0,37.1,4.4,21.0,6.6
40119,OK,Payne,9.4,21.4,16.4,30.6,71.0,6.3,11.5,5.7,75.3,78.5,18.3,59.6,6.7,14.0,57.3,26.0,9.8,36.4,23.9,17.4,14.0,17.9,7.8,32.2,12.3,9.4,10.0,33.9,27.1,66.8,19.1,12.9,33.9,12.3,3.5,9.5,37.3,2.9,11.9,5.4
40121,OK,Pittsburg,11.2,32.2,13.4,43.5,77.6,9.0,11.8,8.9,79.1,84.2,18.2,58.8,9.9,19.2,52.3,25.0,14.3,41.3,25.2,20.0,17.0,23.8,11.3,40.3,14.2,10.8,10.3,32.6,33.8,68.8,18.2,19.9,40.1,16.2,5.0,10.9,42.1,4.5,21.2,7.0
40123,OK,Pontotoc,9.8,28.1,14.5,40.2,75.4,8.3,11.8,7.4,78.6,84.7,16.9,60.2,7.9,16.5,53.6,25.3,12.3,37.2,24.8,17.0,13.5,20.3,9.5,38.1,12.8,9.4,9.3,33.4,29.7,66.5,17.9,16.9,39.9,14.3,4.0,9.5,36.5,3.8,11.1,5.7
40125,OK,Pottawatomie,10.3,30.8,13.6,40.9,75.7,8.2,12.3,7.5,79.5,84.3,18.4,58.5,8.9,18.1,54.4,25.9,13.0,40.3,25.0,18.7,15.9,22.5,9.7,39.5,13.8,10.3,9.8,34.1,32.2,66.1,19.2,18.4,41.2,15.2,4.5,10.4,37.6,3.9,21.4,6.2
40127,OK,Pushmataha,12.2,35.6,12.3,46.9,79.8,9.6,12.4,11.0,79.5,84.1,20.5,58.1,12.8,23.6,48.4,27.0,17.7,48.2,25.6,24.1,22.7,28.4,13.4,43.3,16.0,13.2,12.2,33.7,39.6,67.6,19.2,25.1,39.1,18.9,6.5,12.8,36.9,5.6,20.5,8.9
40129,OK,Roger Mills,10.0,33.6,12.9,43.8,80.1,10.2,11.2,9.3,80.2,86.1,16.7,62.0,9.9,17.4,56.9,24.6,14.6,40.7,22.4,16.5,14.6,22.2,11.4,42.0,11.7,10.1,8.6,30.4,33.5,69.2,17.1,19.7,40.3,15.6,4.7,9.2,35.4,4.5,11.8,6.4
40131,OK,Rogers,9.0,27.5,14.4,37.8,76.4,8.6,11.4,7.2,78.0,85.8,16.2,63.6,7.6,15.7,60.6,24.6,12.4,37.1,24.1,14.6,11.3,18.6,9.2,38.2,11.5,8.7,8.1,31.9,28.5,70.5,16.9,15.9,40.1,13.9,3.7,8.2,34.2,3.6,12.5,5.1
40133,OK,Seminole,12.3,32.6,13.0,44.4,77.8,8.5,12.7,9.6,79.1,82.8,21.1,55.1,11.4,22.5,49.9,27.6,16.1,46.6,27.2,25.4,23.0,27.6,11.7,41.8,17.3,12.9,12.8,36.1,37.9,65.5,20.3,22.9,45.0,18.2,6.1,13.7,39.6,5.0,25.8,8.5
40135,OK,Sequoyah,12.2,33.0,12.9,44.7,78.0,8.7,12.8,9.7,79.2,83.3,20.8,57.5,11.5,22.8,49.2,26.8,16.6,47.0,27.0,24.7,22.4,27.7,12.2,41.0,17.0,12.8,12.7,33.7,37.4,65.5,20.3,23.0,47.1,18.4,6.0,13.3,37.0,5.1,28.3,8.5
40137,OK,Stephens,11.3,32.3,13.4,43.7,78.3,9.3,11.6,8.8,79.6,84.9,17.6,61.3,9.8,18.6,56.3,25.4,14.2,41.8,24.0,18.6,15.9,23.8,10.9,40.5,13.0,10.3,9.2,31.8,34.3,68.0,17.9,20.0,39.1,16.0,4.8,9.8,33.7,4.4,20.8,6.5
40139,OK,Texas,21.5,24.1,13.8,37.5,74.3,6.2,10.3,7.0,75.0,81.8,18.6,51.5,7.2,16.0,51.4,22.2,13.7,40.5,27.9,25.4,18.8,25.2,8.8,37.5,18.9,9.9,11.7,34.8,37.4,67.7,16.9,17.8,44.1,15.1,4.9,12.1,36.4,3.5,16.3,7.7
40141,OK,Tillman,15.9,31.6,12.4,43.6,79.6,8.8,11.1,9.2,79.2,85.0,18.3,57.9,9.8,18.1,51.9,23.4,16.2,43.4,25.6,21.6,17.6,26.0,11.2,41.8,15.5,10.8,10.3,32.9,37.4,68.3,17.2,21.8,44.0,16.6,5.4,10.8,38.7,4.7,20.5,7.8
40143,OK,Tulsa,11.6,24.8,13.4,35.6,76.1,7.3,11.2,6.6,76.6,84.8,16.7,61.6,7.2,14.7,59.0,27.2,11.7,37.7,26.1,18.0,14.6,20.2,8.3,35.2,14.3,9.1,9.4,35.1,30.8,73.7,17.9,15.7,35.7,13.5,4.0,10.4,35.0,3.4,15.2,5.6
40145,OK,Wagoner,9.4,28.3,14.8,38.7,76.9,8.4,11.2,6.8,78.1,86.0,15.8,60.1,7.4,15.5,60.0,24.5,11.9,36.4,24.2,14.8,11.8,18.7,8.9,37.3,11.9,8.3,7.9,32.0,28.4,70.3,16.7,15.5,36.1,13.5,3.6,8.5,38.8,3.5,9.7,5.0
40147,OK,Washington,10.0,31.6,13.3,39.6,78.1,9.2,11.6,8.2,78.9,85.5,17.0,61.9,8.8,16.9,54.8,26.5,13.2,40.2,23.8,16.7,14.3,21.2,10.3,39.0,12.4,9.7,8.9,32.1,30.9,67.1,17.2,18.6,42.4,14.6,4.4,9.4,39.9,4.1,22.2,6.1
40149,OK,Washita,10.9,31.4,13.9,40.5,78.8,9.4,11.2,8.4,78.8,85.3,17.1,61.4,9.3,17.5,56.0,24.9,13.4,39.7,23.8,16.6,13.9,21.8,10.4,40.7,12.1,9.7,8.3,32.0,32.5,67.5,17.2,18.3,39.5,15.1,4.4,8.9,36.4,4.1,20.5,6.0
40151,OK,Woods,10.1,27.0,15.3,36.1,75.3,8.2,10.9,7.2,77.2,82.1,17.1,63.2,7.6,14.7,58.1,26.0,11.1,38.0,23.6,15.3,12.5,19.3,9.3,37.5,11.3,9.1,8.6,33.5,29.1,70.6,17.9,15.2,36.6,13.4,3.7,8.4,36.6,3.5,14.9,5.3
40153,OK,Woodward,12.2,27.8,14.6,39.5,76.2,8.3,10.9,7.5,77.0,84.2,16.9,57.1,8.2,16.9,53.8,24.1,12.1,37.6,24.8,17.1,13.8,20.8,9.6,37.9,12.9,9.2,8.6,32.1,30.7,64.6,17.4,16.4,41.5,14.3,4.1,9.1,36.7,3.7,19.4,5.8
41001,OR,Baker,7.7,34.8,14.0,38.7,76.6,11.5,11.9,9.0,76.2,85.8,14.7,67.6,9.1,13.8,62.2,25.7,13.6,34.1,,14.8,,21.0,9.6,38.1,,8.8,,,21.3,73.6,16.7,16.9,37.7,15.7,4.2,,31.3,4.4,12.0,5.2
41003,OR,Benton,6.7,25.1,17.5,27.4,70.2,8.0,11.6,5.7,71.5,80.4,14.8,66.3,5.7,9.6,67.6,26.7,9.3,28.5,,14.8,,16.2,6.4,31.3,,7.4,,,16.2,78.7,18.0,10.8,25.9,12.0,2.9,,25.2,2.8,13.2,4.1
41005,OR,Clackamas,6.7,27.4,14.6,32.1,72.3,9.7,11.6,6.1,73.9,86.0,12.6,66.3,6.0,10.5,70.7,27.5,10.5,26.9,,14.8,,16.8,6.7,33.2,,6.8,,,19.7,78.2,16.5,11.9,34.0,13.1,2.9,,31.7,3.1,8.0,3.8
41007,OR,Clatsop,8.2,32.8,14.7,37.1,75.1,10.8,12.1,8.0,75.4,85.4,14.6,65.5,8.3,13.2,67.5,26.4,12.6,32.9,,14.8,,20.3,8.6,36.9,,8.4,,,21.5,74.2,17.0,15.6,34.8,15.2,3.9,,29.2,4.0,8.6,4.9
41009,OR,Columbia,8.1,31.4,15.4,34.9,72.9,9.8,12.2,7.2,72.3,84.2,15.3,64.7,7.9,14.3,62.9,27.3,12.1,30.3,,14.8,,20.2,7.6,34.5,,8.4,,,22.1,76.1,18.0,14.3,33.5,14.9,3.7,,33.1,3.7,11.2,4.7
41011,OR,Coos,8.6,36.4,14.0,40.7,76.6,11.5,12.4,9.4,76.3,85.3,16.0,66.6,9.9,15.2,63.8,26.4,14.2,37.2,,14.8,,23.6,9.7,38.1,,9.9,,,24.1,75.5,17.4,18.8,34.1,17.2,4.6,,30.7,4.7,13.2,5.9
41013,OR,Crook,7.9,33.4,15.6,37.7,75.8,10.9,12.0,7.9,74.9,85.8,14.5,66.1,8.1,13.0,63.8,26.7,12.5,32.0,,14.8,,19.7,8.5,36.4,,8.2,,,21.2,78.6,17.1,15.0,36.1,14.8,3.7,,30.8,3.9,13.5,4.7
41015,OR,Curry,8.1,38.9,12.5,43.6,79.2,13.3,12.1,10.5,77.6,88.1,14.2,72.5,10.5,13.4,59.1,25.3,15.7,36.8,,14.8,,23.1,10.9,40.8,,9.3,,,23.8,77.9,16.1,19.5,38.4,16.9,4.7,,30.4,5.2,11.1,5.9
41017,OR,Deschutes,6.8,28.9,16.7,33.0,73.0,10.1,11.6,6.4,75.1,85.8,13.0,64.7,6.4,10.6,72.0,24.8,10.2,27.3,,14.8,,16.1,7.0,34.6,,7.0,,,16.6,79.0,15.7,12.0,27.2,12.7,3.0,,24.8,3.2,13.0,3.9
41019,OR,Douglas,8.6,34.6,13.8,39.4,75.5,11.3,12.8,9.1,76.0,84.7,16.3,61.2,9.7,14.5,60.1,27.2,14.3,36.5,,14.8,,23.4,9.7,39.2,,9.6,,,25.8,77.1,17.8,17.9,37.6,16.7,4.5,,33.3,4.5,14.7,5.7
41021,OR,Gilliam,9.1,37.0,13.3,41.1,77.5,12.1,12.3,9.8,76.1,85.7,15.8,63.8,10.4,14.8,66.0,26.2,14.8,37.2,,14.8,,23.9,10.5,39.4,,9.9,,,25.5,77.2,17.2,19.2,35.4,17.1,4.8,,29.2,4.9,20.4,6.0
41023,OR,Grant,8.0,36.9,13.1,41.0,78.0,12.3,12.1,10.0,75.9,86.0,15.3,65.7,10.2,14.4,62.7,25.7,14.6,37.2,,14.8,,22.8,10.8,39.2,,9.6,,,24.7,75.8,16.9,18.7,33.6,16.7,4.6,,31.0,4.9,13.9,5.8
41025,OR,Harney,8.9,35.6,13.9,42.0,76.5,11.2,12.6,9.8,74.5,84.3,16.8,63.1,10.6,16.2,59.7,27.1,15.0,38.5,,14.8,,24.5,10.5,38.5,,10.5,,,26.5,74.3,18.5,19.3,38.8,17.5,5.0,,33.7,4.9,16.7,6.4
41027,OR,Hood River,11.3,27.1,16.3,32.1,72.4,8.8,11.3,6.4,72.4,84.6,14.2,63.7,6.4,11.4,66.3,23.9,11.3,29.1,,14.8,,19.2,7.0,34.0,,7.5,,,20.7,79.8,16.1,13.1,31.5,13.8,3.5,,29.2,3.2,12.4,4.8
41029,OR,Jackson,9.3,30.6,14.6,36.1,72.9,10.2,12.1,7.5,75.5,84.7,14.7,62.3,8.0,12.9,60.7,26.3,12.7,31.2,,14.8,,19.7,8.2,35.0,,8.5,,,21.8,76.5,18.0,14.7,32.8,14.8,3.9,,34.2,3.8,18.1,5.0
41031,OR,Jefferson,11.2,30.4,15.4,35.5,72.7,9.1,12.1,7.6,72.7,83.0,16.2,63.1,8.0,14.6,61.4,25.5,13.4,34.0,,14.8,,22.3,8.4,34.9,,9.0,,,23.3,76.1,18.1,15.6,35.5,15.6,4.1,,33.6,3.9,14.6,5.8
41033,OR,Josephine,9.6,36.1,13.4,39.0,77.0,11.4,12.4,9.5,75.2,84.4,16.5,61.4,10.4,15.5,58.4,27.0,14.8,37.7,,14.8,,24.2,10.1,38.8,,10.3,,,25.7,73.9,18.1,19.1,33.8,17.5,4.9,,31.4,4.9,16.6,6.3
41035,OR,Klamath,10.3,32.4,14.6,40.0,73.9,9.9,12.5,8.6,73.6,83.0,16.9,63.2,9.4,15.1,59.8,27.3,14.1,36.2,,14.8,,23.5,8.9,36.7,,9.8,,,26.3,75.6,18.7,17.4,37.9,16.6,4.6,,33.2,4.3,18.0,6.0
41037,OR,Lake,10.0,34.4,14.2,40.6,76.0,10.7,12.0,9.4,74.8,84.1,16.2,62.7,10.0,15.6,58.3,26.2,14.7,36.4,,14.8,,24.0,10.0,37.7,,9.8,,,25.7,70.3,17.5,18.1,37.7,16.8,4.8,,32.1,4.7,12.1,6.2
41039,OR,Lane,8.1,29.2,14.6,33.3,72.7,9.5,12.2,6.8,72.2,81.7,15.5,59.8,7.5,12.2,62.9,27.4,10.8,31.4,,14.8,,19.0,7.4,35.4,,8.5,,,19.2,76.5,18.8,13.6,34.3,14.1,3.6,,30.1,3.6,10.4,4.8
41041,OR,Lincoln,8.3,36.2,13.1,41.6,78.1,12.4,12.4,9.5,77.1,87.2,14.2,66.2,9.8,13.6,63.2,26.5,14.9,34.4,,14.8,,22.7,9.8,39.7,,9.1,,,23.6,76.0,16.5,17.8,35.7,17.0,4.5,,32.2,4.7,16.1,5.6
41043,OR,Linn,8.9,31.7,16.5,34.4,72.8,9.3,12.5,7.1,73.4,83.0,15.9,64.0,8.0,14.2,63.7,30.5,12.0,33.0,,14.8,,21.1,7.8,33.1,,8.8,,,22.6,75.0,18.8,15.1,40.1,15.2,3.9,,33.9,3.7,9.8,5.0
41045,OR,Malheur,15.7,28.3,15.7,36.3,70.7,8.0,11.7,7.8,70.6,79.6,18.2,56.8,8.6,15.9,52.7,24.8,13.9,36.4,,14.8,,25.7,8.4,34.7,,10.2,,,28.3,71.6,18.9,17.0,41.2,16.7,4.9,,35.1,4.0,26.8,6.9
41047,OR,Marion,12.3,27.1,16.0,33.3,70.3,8.0,12.2,6.5,72.4,82.2,16.4,63.9,7.2,12.4,59.7,27.2,12.5,32.9,,14.8,,21.6,7.3,34.4,,8.8,,,22.2,74.6,18.4,14.5,43.4,14.8,3.9,,34.2,3.5,11.6,5.5
41049,OR,Morrow,17.8,29.1,14.5,35.5,71.9,7.9,12.1,7.9,71.1,80.2,19.0,56.9,8.9,16.0,55.1,25.9,14.5,37.7,,14.8,,27.5,8.6,34.3,,10.7,,,27.9,71.6,19.3,17.9,39.2,17.5,5.2,,34.8,4.1,27.1,7.5
41051,OR,Multnomah,7.5,22.3,17.1,28.5,68.2,7.2,11.7,5.2,70.7,84.4,14.4,63.5,5.3,12.0,64.7,29.9,9.5,28.0,,14.8,,17.3,5.7,32.9,,7.3,,,17.6,78.4,18.1,10.5,28.9,12.3,3.0,,28.7,2.7,13.0,4.1
41053,OR,Polk,8.9,28.7,14.8,31.5,72.3,9.0,12.4,6.6,71.4,82.8,15.3,65.9,7.0,11.8,60.6,27.0,10.9,29.4,,14.8,,18.7,7.2,33.7,,8.2,,,20.2,76.4,17.6,13.0,32.5,13.6,3.5,,33.3,3.4,11.5,4.7
41055,OR,Sherman,9.0,35.3,13.9,40.2,76.1,11.3,12.2,9.4,75.3,85.0,16.1,64.4,9.9,15.3,60.5,26.4,14.2,36.1,,14.8,,23.4,10.1,38.5,,9.8,,,24.7,76.0,17.8,18.1,36.6,16.9,4.7,,30.1,4.7,13.2,5.9
41057,OR,Tillamook,8.7,33.3,14.3,37.6,76.9,11.4,11.9,8.6,75.9,86.1,14.6,66.7,9.0,13.2,64.5,25.4,13.5,32.7,,14.8,,20.9,9.2,37.5,,8.6,,,22.1,78.4,16.6,16.4,32.1,15.5,4.1,,29.2,4.3,16.9,5.2
41059,OR,Umatilla,13.6,28.0,16.4,32.7,71.2,8.0,12.0,7.0,72.1,80.8,17.1,60.7,7.8,14.6,58.3,23.5,12.5,34.4,,14.8,,23.4,7.9,32.6,,9.3,,,25.0,77.2,18.4,15.3,37.7,15.7,4.2,,33.0,3.6,12.7,6.0
41061,OR,Union,8.1,31.6,16.0,35.9,73.9,9.9,12.2,7.8,73.5,82.7,16.0,64.5,8.4,13.7,62.6,27.3,12.2,33.5,,14.8,,20.6,8.5,34.8,,9.0,,,21.7,74.8,18.6,15.2,35.8,15.0,3.9,,31.5,3.9,15.5,5.1
41063,OR,Wallowa,6.6,34.5,14.5,38.5,77.0,12.1,11.7,8.3,77.1,87.7,13.2,66.5,8.2,11.8,68.4,25.6,12.6,31.4,,14.8,,19.0,9.0,38.5,,7.8,,,20.4,76.1,15.6,15.2,34.2,14.5,3.6,,29.6,4.1,7.8,4.5
41065,OR,Wasco,11.4,30.8,15.5,35.4,74.1,9.5,12.1,7.9,72.9,83.2,16.4,61.6,8.6,14.5,62.0,26.4,13.3,34.2,,14.8,,22.4,8.6,36.0,,9.3,,,23.6,76.3,17.9,16.2,37.9,15.9,4.3,,29.9,4.0,20.8,5.8
41067,OR,Washington,7.8,22.4,14.6,29.9,68.1,7.6,11.2,5.0,70.3,84.1,12.9,62.1,5.0,9.7,68.6,24.9,9.9,25.7,,14.8,,17.3,5.5,33.6,,6.5,,,17.7,82.4,16.1,10.2,32.4,12.4,2.7,,29.2,2.6,11.2,3.8
41069,OR,Wheeler,8.5,40.5,11.8,45.2,80.1,13.7,12.2,11.3,78.5,87.6,15.2,66.3,11.4,14.1,60.5,25.3,16.5,38.9,,14.8,,24.5,12.0,41.4,,10.4,,,25.8,77.8,16.2,21.2,35.8,17.8,5.2,,30.6,5.6,13.1,6.5
41071,OR,Yamhill,9.4,27.5,15.5,33.2,72.1,8.8,11.8,6.4,72.5,83.7,14.8,62.7,6.8,11.8,63.9,24.8,11.2,29.4,,14.8,,19.4,7.2,32.8,,7.9,,,20.8,74.1,16.9,13.2,37.0,13.9,3.4,,33.4,3.3,17.1,4.6
44001,RI,Bristol,5.0,26.6,18.2,32.4,77.5,10.1,10.7,6.0,86.1,90.4,11.4,76.0,5.9,10.1,75.5,23.4,9.8,23.6,19.1,8.3,7.1,13.7,6.4,35.0,7.4,6.2,5.1,30.8,18.8,83.5,14.5,10.2,25.6,11.3,2.7,4.9,31.8,2.9,7.9,3.4
44003,RI,Kent,6.3,28.4,16.8,36.8,77.4,9.4,11.7,6.4,85.6,90.0,13.1,76.2,7.0,12.7,73.1,24.7,11.8,27.4,20.1,11.1,10.1,16.6,6.8,35.2,9.7,7.2,6.4,33.9,23.7,84.3,15.8,11.9,33.0,12.8,3.2,6.3,34.6,3.3,11.4,4.0
44005,RI,Newport,5.4,28.7,17.6,35.1,79.1,11.2,10.6,6.9,85.4,90.7,10.9,76.7,6.3,9.2,77.0,22.4,10.3,23.7,17.3,8.7,7.7,14.5,7.0,37.9,7.7,6.4,5.2,29.9,20.1,82.2,13.9,11.4,27.4,11.6,2.9,5.0,27.4,3.3,4.8,3.7
44007,RI,Providence,10.1,23.7,16.4,33.0,76.8,7.2,12.4,6.2,83.1,88.4,15.2,70.6,6.7,12.2,68.3,23.1,11.6,29.8,24.3,19.0,16.4,19.1,6.3,33.3,16.4,8.6,9.4,37.6,28.7,82.1,17.9,13.2,33.4,14.0,3.8,9.7,37.3,3.2,17.2,5.3
44009,RI,Washington,4.9,26.9,17.3,33.1,78.9,10.2,10.8,6.4,85.5,89.9,11.5,78.4,6.3,9.5,77.7,22.1,9.0,23.8,17.8,8.4,7.5,13.1,6.8,34.3,7.2,6.5,5.3,28.9,17.8,80.6,14.4,10.2,27.0,11.3,2.8,4.9,30.4,3.1,11.9,3.6
45001,SC,Abbeville,12.5,33.2,13.6,43.7,82.5,9.3,10.3,8.6,81.9,86.2,16.1,67.6,9.9,16.0,60.3,23.2,16.9,36.7,25.0,20.6,13.3,24.1,8.5,41.4,14.4,10.6,9.8,32.9,31.0,78.4,17.6,19.4,37.6,16.5,5.4,9.9,36.9,5.0,23.3,6.9
45003,SC,Aiken,11.8,29.2,15.5,38.9,81.8,9.2,9.8,7.1,81.6,87.6,13.8,68.3,7.5,13.4,59.9,22.7,13.9,30.5,24.2,16.4,9.9,20.4,7.3,37.3,12.7,8.6,8.2,31.1,26.5,80.2,15.6,15.4,34.4,14.0,4.2,8.3,37.1,4.1,17.0,5.6
45005,SC,Allendale,17.6,32.9,12.0,50.1,82.3,6.9,11.0,9.1,82.4,85.2,18.4,65.6,10.7,19.0,49.2,19.6,21.6,41.6,32.7,34.6,25.6,31.4,7.6,39.6,24.5,13.3,15.7,37.5,38.4,75.9,18.3,24.1,46.7,17.8,7.7,17.6,44.7,6.4,17.8,10.1
45007,SC,Anderson,12.2,31.5,14.6,38.0,80.0,9.1,10.2,7.2,78.7,86.2,15.0,69.2,8.2,14.2,61.3,25.9,13.3,34.4,23.9,17.0,10.0,21.0,7.6,38.7,12.7,9.2,8.1,34.3,26.4,76.8,17.7,16.2,36.3,15.0,4.3,8.5,34.2,4.0,17.9,5.5
45009,SC,Bamberg,14.1,33.1,12.3,47.1,83.1,8.0,10.9,8.7,83.2,86.3,17.2,66.4,9.9,16.3,54.0,20.1,19.5,39.6,29.6,27.6,18.7,27.3,7.7,39.9,19.4,12.1,12.9,36.2,32.7,78.4,17.7,21.9,42.0,16.7,6.6,13.4,39.8,5.9,27.4,8.5
45011,SC,Barnwell,15.9,31.7,13.0,45.7,82.0,8.2,11.0,9.2,81.4,84.6,18.8,64.6,11.6,19.5,54.1,22.4,19.4,40.5,27.9,30.5,22.4,29.4,8.5,40.2,21.0,13.3,14.0,35.0,36.2,76.6,18.9,23.1,44.2,17.9,7.2,15.2,43.9,5.9,21.1,9.3
45013,SC,Beaufort,10.6,30.3,16.8,38.2,83.9,11.4,8.5,7.5,82.6,89.1,11.5,73.0,7.0,9.6,68.4,18.0,12.7,27.7,18.9,12.2,6.3,15.2,8.2,40.5,9.1,7.2,6.2,26.4,19.9,80.8,13.1,13.7,29.6,12.6,3.6,5.9,30.4,4.0,7.7,4.8
45015,SC,Berkeley,11.6,25.5,16.0,36.4,78.2,7.4,9.5,5.6,79.7,86.2,14.2,70.7,6.2,12.9,65.2,22.4,12.9,31.3,24.0,16.7,8.6,18.4,6.2,36.7,12.9,7.9,8.1,31.6,25.6,79.3,16.7,13.9,37.9,13.0,3.6,8.3,36.8,3.3,8.5,4.8
45017,SC,Calhoun,11.6,33.1,13.4,45.3,83.3,9.3,10.1,8.2,83.5,88.6,14.4,69.8,8.8,14.1,58.0,21.2,17.3,34.5,25.1,19.6,12.2,22.7,7.9,40.1,14.4,9.7,9.1,31.3,29.1,78.0,15.8,18.9,40.7,15.3,5.2,9.7,37.0,5.0,15.7,6.6
45019,SC,Charleston,9.5,25.2,21.4,32.3,79.5,8.4,8.8,5.5,79.4,88.1,12.0,74.4,5.7,10.5,70.6,21.3,11.4,25.7,21.3,12.5,7.1,15.4,5.9,36.1,10.3,6.8,6.7,29.8,20.3,77.1,14.4,12.1,30.0,11.4,3.2,6.9,30.0,3.2,9.9,4.3
45021,SC,Cherokee,14.0,30.5,15.8,39.8,79.8,8.5,10.3,7.7,79.2,84.9,17.0,66.1,9.4,17.3,57.4,24.1,15.0,36.4,24.8,21.5,13.8,24.0,7.9,39.1,15.4,10.7,10.3,33.9,31.4,73.7,18.7,17.8,38.8,16.2,5.2,10.5,39.1,4.4,18.3,6.7
45023,SC,Chester,13.8,31.5,14.0,43.8,81.1,8.4,10.7,8.3,80.7,85.6,17.0,66.2,9.9,17.8,56.1,23.0,16.9,36.4,26.7,24.2,16.3,25.5,8.0,40.6,17.3,11.2,11.3,35.3,32.8,74.5,18.5,19.5,37.9,16.6,5.9,12.1,38.1,5.1,19.1,7.5
45025,SC,Chesterfield,15.5,32.2,13.9,44.6,81.8,8.3,10.4,8.5,81.1,85.3,17.7,63.7,10.3,18.1,57.6,23.1,18.1,39.6,26.8,26.7,17.8,27.1,8.3,40.7,18.1,11.8,11.7,33.7,34.6,73.9,18.4,20.9,45.2,17.6,6.2,12.5,38.9,5.2,21.9,8.0
45027,SC,Clarendon,14.3,34.2,12.6,48.1,83.1,9.0,10.7,9.3,83.4,86.7,16.8,67.2,10.5,16.9,55.7,22.0,19.6,39.6,27.6,26.0,17.6,27.6,8.7,39.8,18.0,11.8,11.8,35.0,33.7,77.6,17.5,22.1,38.0,17.1,6.5,12.5,36.3,5.8,21.5,8.3
45029,SC,Colleton,13.8,32.8,13.2,44.1,82.0,8.6,10.8,8.4,80.9,86.0,16.7,64.7,10.0,17.6,55.3,22.6,17.3,35.8,26.4,24.7,16.4,25.9,8.1,37.9,17.6,11.2,11.3,32.9,33.2,74.5,17.8,20.1,39.3,16.7,5.9,12.2,38.1,5.2,24.6,7.6
45031,SC,Darlington,13.1,31.9,14.2,44.6,81.4,8.1,10.7,8.0,83.3,86.2,16.6,66.6,9.4,16.4,57.9,22.9,17.6,35.7,25.8,24.6,16.7,25.4,7.5,39.6,17.7,11.0,11.3,34.3,30.3,73.4,17.8,19.4,45.6,16.2,5.7,12.5,37.6,5.0,22.6,7.4
45033,SC,Dillon,16.6,32.8,13.0,47.4,81.2,7.5,11.4,9.1,81.0,83.8,19.8,64.2,11.8,21.0,42.7,22.8,20.3,41.9,29.5,33.8,26.0,31.6,8.4,39.1,23.3,14.2,15.8,36.9,35.8,74.2,20.2,23.6,45.3,18.5,7.7,17.3,39.9,6.0,31.6,10.0
45035,SC,Dorchester,11.2,24.7,16.7,35.3,78.9,7.8,9.6,5.9,80.4,87.1,13.4,66.5,6.5,13.2,65.0,21.7,12.8,28.0,23.2,15.6,8.9,18.4,6.1,35.5,12.9,8.0,8.1,31.6,24.6,73.5,16.2,13.3,35.4,13.2,3.7,8.4,37.4,3.4,12.5,4.9
45037,SC,Edgefield,14.9,29.1,15.4,40.3,80.4,8.2,9.7,7.7,80.6,85.5,15.9,66.8,8.8,16.3,55.8,20.6,16.2,33.9,25.8,21.9,13.8,23.6,7.6,38.6,16.0,10.0,10.3,33.5,29.0,76.2,17.1,17.4,39.9,15.5,5.2,10.8,38.0,4.6,16.6,6.8
45039,SC,Fairfield,13.6,33.7,12.2,49.1,83.9,8.6,10.7,9.1,83.5,87.8,16.2,68.0,10.3,17.2,51.7,20.6,20.5,37.7,27.7,26.9,18.7,27.4,8.1,43.0,19.2,11.6,12.2,33.4,33.4,77.3,17.2,22.3,45.7,17.0,6.7,13.5,39.7,5.9,21.7,8.4
45041,SC,Florence,12.2,28.4,14.1,42.6,80.9,7.7,10.3,7.0,82.3,86.9,15.9,69.0,8.1,14.8,58.1,22.7,15.5,35.0,26.2,21.7,14.3,23.1,6.7,40.0,16.8,10.0,10.5,35.3,30.1,78.6,17.6,17.3,40.6,14.9,5.1,11.4,37.4,4.5,16.6,6.6
45043,SC,Georgetown,9.8,32.5,13.1,44.1,84.8,11.5,9.3,8.6,84.1,90.3,12.4,75.4,8.6,11.9,63.9,19.8,16.9,32.1,21.6,14.4,8.8,19.9,8.7,39.1,11.0,8.6,7.2,27.8,25.2,79.3,14.0,17.5,31.8,14.4,4.5,7.5,34.3,4.8,16.4,5.6
45045,SC,Greenville,11.4,25.0,15.6,35.6,79.4,8.3,9.4,6.1,78.8,87.0,13.3,69.3,6.4,11.3,69.0,21.8,12.2,29.0,21.3,14.8,7.9,17.5,6.4,36.3,11.6,7.5,7.3,30.5,23.2,80.8,16.0,13.2,32.5,12.8,3.5,7.5,32.1,3.3,13.0,4.7
45047,SC,Greenwood,12.6,31.6,14.1,40.8,81.0,8.6,10.1,7.5,81.9,86.3,15.5,67.3,8.6,15.0,58.4,23.6,15.4,34.1,25.1,21.3,13.6,22.6,7.8,37.2,15.3,10.0,10.0,33.4,28.5,77.5,17.1,17.3,36.8,15.0,5.0,10.7,39.4,4.5,19.8,6.6
45049,SC,Hampton,16.6,30.7,13.5,46.7,81.3,7.3,10.6,8.6,81.3,84.9,17.9,63.0,10.1,19.1,50.6,21.1,20.2,38.4,29.8,30.2,21.1,29.1,7.7,39.8,21.6,12.2,13.7,34.8,35.1,72.2,18.4,21.5,41.6,16.9,6.7,15.2,43.2,5.6,18.5,8.7
45051,SC,Horry,11.9,33.1,14.7,42.0,83.9,11.1,9.2,8.1,82.6,88.2,14.1,71.8,9.0,14.6,63.7,21.5,14.9,32.2,21.9,14.8,8.5,20.8,8.5,43.5,10.8,8.7,7.2,29.1,25.0,75.2,16.6,16.8,32.3,15.8,4.3,7.0,34.6,4.3,11.4,5.6
45053,SC,Jasper,14.8,31.7,13.7,43.3,82.6,9.4,9.7,8.3,82.2,87.8,14.7,70.3,8.9,14.0,57.6,20.6,17.0,35.4,24.6,21.1,12.9,23.6,8.1,41.9,15.3,9.6,9.8,31.3,30.2,77.6,15.8,18.5,35.0,15.5,5.2,10.2,35.8,4.8,18.2,6.9
45055,SC,Kershaw,11.9,29.4,14.9,40.1,80.7,8.8,9.8,7.0,81.0,86.8,14.8,67.7,7.9,14.5,62.2,21.9,14.8,31.6,25.3,18.4,10.8,20.6,7.1,40.3,13.8,9.0,8.7,32.2,27.5,78.1,16.7,16.0,36.6,14.7,4.4,9.1,38.8,4.1,14.7,5.7
45057,SC,Lancaster,11.4,29.9,15.0,37.3,81.0,9.6,9.4,7.1,81.4,88.3,13.6,67.5,7.5,12.6,64.0,22.1,14.1,31.8,24.1,15.8,8.9,19.6,7.6,40.5,12.1,8.4,7.6,31.1,26.5,73.8,15.8,15.5,36.1,14.2,4.1,7.9,37.7,3.9,16.0,5.3
45059,SC,Laurens,14.0,31.4,14.0,40.5,80.8,8.6,10.1,7.7,80.6,85.2,16.7,66.8,9.0,16.5,60.6,23.4,15.6,38.0,24.4,21.2,13.2,25.3,7.9,39.2,15.3,10.5,10.1,33.3,31.9,79.9,17.9,18.3,36.3,16.0,5.2,10.2,34.4,4.5,18.4,6.7
45061,SC,Lee,15.9,31.9,12.6,48.3,81.8,7.2,11.0,8.6,82.4,85.1,18.2,63.8,10.4,18.6,47.8,21.1,20.1,39.3,29.6,31.6,22.9,29.6,7.5,39.5,22.7,12.8,14.6,35.0,36.2,73.8,18.6,22.3,43.7,17.2,7.2,16.1,42.5,5.9,22.0,9.2
45063,SC,Lexington,10.7,27.8,15.3,37.1,79.1,8.6,9.2,6.2,81.9,87.5,13.4,69.9,6.9,13.0,64.5,24.4,12.3,28.8,21.6,14.7,8.3,18.8,6.8,37.6,11.7,7.9,7.4,29.2,25.9,74.1,16.2,13.8,36.2,13.2,3.7,7.6,34.4,3.5,9.9,4.8
45065,SC,McCormick,12.2,39.2,11.4,51.5,86.8,12.2,9.6,11.1,85.5,90.7,13.7,73.3,11.0,14.6,62.6,18.8,20.6,38.3,24.7,18.6,11.9,24.9,10.7,47.7,13.0,10.1,8.6,29.5,30.6,75.3,13.9,22.6,36.9,16.6,5.9,9.0,35.4,6.3,15.6,7.4
45067,SC,Marion,16.1,34.4,11.8,49.6,82.9,7.7,11.3,9.5,83.4,85.5,18.6,62.1,11.8,20.1,50.1,21.6,22.0,41.3,29.1,33.4,25.6,31.7,8.1,39.4,23.2,13.7,15.0,35.6,36.8,76.1,19.1,24.8,45.3,18.7,7.8,16.8,38.8,6.4,22.7,10.0
45069,SC,Marlboro,17.6,31.9,13.0,49.1,81.0,7.3,11.0,9.0,80.9,83.9,19.4,63.6,11.4,21.0,46.6,21.8,20.5,42.7,32.0,33.5,24.7,32.0,8.4,40.8,23.4,13.5,15.5,37.5,38.8,74.7,19.4,23.8,41.0,18.6,7.5,17.0,43.6,6.0,31.0,9.8
45071,SC,Newberry,13.2,30.3,15.4,42.4,82.2,8.8,9.8,7.8,81.3,86.3,15.3,66.7,8.7,15.3,60.5,22.1,16.1,32.9,26.0,19.9,12.4,22.2,7.8,40.0,14.3,9.8,9.6,31.8,30.8,78.7,17.0,17.4,38.1,15.2,5.0,9.7,35.7,4.5,16.8,6.5
45073,SC,Oconee,12.0,34.1,16.0,39.8,82.5,10.7,9.8,8.7,81.6,87.3,14.7,69.8,9.9,14.7,61.6,25.0,15.3,33.8,21.3,16.1,9.8,22.5,9.1,41.8,11.1,9.6,7.8,29.7,28.6,76.8,15.8,17.7,38.2,16.1,4.8,7.5,35.3,4.6,18.6,6.0
45075,SC,Orangeburg,14.5,32.5,12.6,47.3,82.5,7.5,11.0,8.4,83.9,86.2,17.3,67.9,9.6,16.4,55.8,21.4,19.0,38.5,29.3,29.4,20.5,27.5,7.4,39.3,20.5,12.0,13.5,33.0,33.9,74.3,18.0,21.4,42.2,16.3,6.6,14.4,39.5,5.7,20.4,8.6
45077,SC,Pickens,11.6,26.4,17.1,34.9,76.2,8.4,9.7,6.7,77.7,82.9,16.1,66.5,7.8,13.5,59.4,25.4,12.1,32.3,22.5,17.0,9.3,20.1,7.3,35.6,11.9,9.2,8.6,33.6,25.6,68.5,18.0,14.2,35.4,14.1,3.9,7.6,35.9,3.6,17.2,5.4
45079,SC,Richland,11.1,25.4,16.3,36.5,76.5,6.3,9.9,5.4,80.7,85.7,14.4,71.0,5.8,11.2,63.5,22.3,13.0,29.9,25.4,18.1,11.8,19.2,5.2,34.3,15.7,8.6,9.9,34.8,21.7,80.0,16.6,13.9,34.7,12.6,4.1,10.7,41.6,3.5,12.8,5.6
45081,SC,Saluda,16.1,31.9,14.4,42.4,82.4,9.1,9.8,8.5,81.0,86.4,16.0,64.3,9.6,15.9,58.2,21.4,16.8,38.0,25.2,21.5,13.5,25.4,8.6,41.5,15.6,10.4,10.0,33.1,32.2,75.3,16.5,20.0,43.6,16.4,5.5,10.2,39.9,4.9,14.3,7.3
45083,SC,Spartanburg,13.0,28.3,15.8,38.2,79.3,8.0,9.7,6.5,78.8,85.6,15.7,68.4,7.5,14.2,61.4,24.1,13.5,33.9,25.8,18.3,11.0,20.9,6.8,38.5,14.2,8.9,8.9,33.2,27.4,80.4,17.3,15.6,37.9,14.3,4.2,9.1,37.9,3.7,12.3,5.6
45085,SC,Sumter,12.7,29.0,13.8,41.6,80.5,7.3,10.5,7.0,81.9,86.0,15.7,67.4,8.0,15.0,59.3,21.0,15.8,32.8,26.3,23.0,15.4,22.4,6.6,37.3,17.7,10.0,11.2,34.5,27.4,77.9,17.4,17.0,42.7,14.7,5.2,12.1,41.9,4.6,18.3,6.8
45087,SC,Union,14.8,34.8,13.8,47.4,82.4,9.0,10.9,9.4,81.4,85.2,18.5,66.0,11.9,19.2,51.9,23.4,19.1,41.5,26.3,26.3,19.2,29.0,9.1,42.2,18.3,12.7,12.2,33.6,34.0,75.1,18.8,23.0,44.0,18.3,6.8,13.0,39.4,5.8,17.1,8.6
45089,SC,Williamsburg,15.5,32.0,11.7,49.9,83.3,7.5,10.9,8.6,83.3,86.6,17.0,66.0,10.0,17.5,51.4,20.0,20.4,41.0,30.0,30.1,21.5,29.3,7.6,39.7,21.7,12.1,13.3,36.2,34.9,77.5,17.9,22.4,45.0,16.8,6.9,15.1,39.1,6.0,18.8,8.9
45091,SC,York,9.7,25.2,16.2,35.5,78.9,8.2,9.3,5.3,78.7,88.2,12.7,65.6,6.0,11.3,64.7,21.9,11.8,26.7,23.1,14.0,7.1,16.7,6.0,35.8,11.1,7.0,6.8,29.8,23.3,80.5,15.9,12.4,37.3,12.1,3.3,7.1,33.9,3.1,11.1,4.3
46003,SD,Aurora,9.9,28.0,18.0,34.7,77.4,10.0,10.0,7.6,76.7,85.6,13.7,68.7,7.4,15.4,69.1,20.1,12.2,31.4,,14.8,,17.9,9.1,35.6,,7.9,,,25.2,78.8,14.9,14.0,36.4,13.0,3.7,,28.9,3.8,9.9,4.8
46005,SD,Beadle,12.3,26.6,16.0,34.9,77.4,9.1,10.0,7.8,76.0,83.9,14.9,62.6,8.1,16.9,60.1,20.4,13.4,33.1,,14.8,,20.9,9.2,36.4,,9.0,,,29.7,77.5,15.4,15.2,35.4,14.1,4.4,,31.3,4.0,20.5,5.9
46007,SD,Bennett,13.7,28.9,15.8,38.9,76.1,7.9,13.2,9.8,75.0,78.8,21.1,58.0,11.5,28.0,54.1,22.4,18.7,43.3,,14.8,,30.4,12.0,35.5,,14.6,,,35.1,69.6,20.4,21.8,42.4,19.1,7.1,,31.3,5.7,31.4,10.8
46009,SD,Bon Homme,10.4,27.9,19.2,36.7,76.3,9.7,9.8,8.1,75.1,83.3,14.6,60.1,8.0,17.7,65.4,19.6,12.8,33.3,,14.8,,19.9,9.9,35.0,,8.6,,,26.7,76.8,15.3,14.8,37.0,13.7,4.1,,29.7,4.1,12.8,5.4
46011,SD,Brookings,7.3,18.8,21.9,25.5,72.3,7.2,9.8,5.0,74.0,80.4,14.0,68.5,4.9,10.7,71.6,23.5,8.5,25.5,,14.8,,13.6,6.3,28.3,,6.9,,,18.4,78.4,15.9,8.7,35.7,10.0,2.6,,30.0,2.5,11.5,3.7
46013,SD,Brown,8.2,27.8,17.0,31.7,77.9,9.3,9.7,6.5,78.2,85.1,12.9,68.0,6.3,14.1,71.2,20.2,11.2,30.2,,14.8,,16.3,8.2,33.1,,7.2,,,24.4,80.0,14.8,12.8,35.1,12.0,3.2,,29.6,3.3,9.8,4.2
46015,SD,Brule,8.9,29.9,16.8,37.0,78.7,10.4,10.5,8.2,77.7,85.9,14.2,62.4,8.1,16.4,64.2,20.3,13.2,33.5,,14.8,,19.4,9.7,37.3,,8.7,,,26.2,75.4,15.2,15.6,38.2,14.0,4.1,,29.5,4.2,17.5,5.4
46017,SD,Buffalo,14.6,25.8,17.0,35.6,71.5,5.6,14.0,8.0,73.1,75.7,23.3,50.6,9.9,31.7,42.6,22.6,17.5,44.8,,14.8,,31.4,10.9,30.5,,14.9,,,36.4,68.2,23.1,19.9,48.5,18.9,6.5,,38.8,4.9,23.8,11.0
46019,SD,Butte,9.9,28.8,18.1,35.8,77.4,9.9,10.4,7.9,75.9,84.7,14.6,64.4,8.1,16.8,67.6,21.3,12.5,31.9,,14.8,,19.2,9.3,35.2,,8.5,,,27.7,75.6,15.7,14.6,35.7,13.6,4.0,,31.2,4.0,14.7,5.1
46021,SD,Campbell,8.2,32.9,15.0,40.0,82.4,13.0,9.5,9.4,80.1,89.2,11.7,68.3,8.1,13.7,69.6,18.4,13.8,32.2,,14.8,,18.1,11.0,39.6,,7.6,,,25.7,76.1,12.6,15.8,33.0,13.4,3.8,,27.8,4.5,11.6,4.8
46023,SD,Charles Mix,10.3,30.0,16.9,38.3,78.1,9.7,11.3,9.0,77.1,83.7,16.2,60.0,9.3,20.4,63.5,20.9,15.3,36.7,,14.8,,23.0,10.8,35.8,,10.4,,,30.0,72.9,16.8,17.8,40.4,15.5,5.0,,31.9,4.7,21.2,6.9
46025,SD,Clark,10.4,29.4,17.5,36.6,79.4,11.0,9.8,8.6,76.6,86.0,13.8,66.1,8.4,16.5,67.7,19.9,13.1,33.1,,14.8,,19.2,10.2,37.1,,8.3,,,27.3,79.8,14.6,15.5,34.1,13.9,4.0,,29.2,4.3,14.2,5.1
46027,SD,Clay,8.1,18.3,21.0,24.5,69.7,6.4,10.5,4.9,72.0,77.9,15.6,66.0,5.1,12.4,66.0,24.3,8.1,28.0,,14.8,,14.6,6.3,27.4,,7.9,,,21.7,73.5,17.8,9.2,34.7,10.5,2.7,,31.4,2.5,15.1,4.1
46029,SD,Codington,8.7,27.5,18.7,33.2,77.2,10.0,10.2,7.4,77.5,84.6,14.3,66.1,7.3,16.2,67.6,21.3,12.1,31.2,,14.8,,18.7,8.9,34.3,,8.1,,,26.5,81.0,15.2,13.4,35.9,12.9,3.7,,30.6,3.8,10.4,4.8
46031,SD,Corson,14.0,30.5,15.6,40.1,76.1,7.6,13.3,10.4,75.1,78.2,22.4,51.3,12.5,29.6,51.5,23.8,19.9,45.5,,14.8,,32.6,12.7,35.2,,15.6,,,37.3,72.6,21.2,23.3,43.5,20.0,7.7,,35.5,6.0,30.3,11.9
46033,SD,Custer,7.0,33.8,15.1,40.3,82.4,13.0,9.8,8.9,80.9,90.3,11.2,66.4,7.9,13.9,70.4,18.8,13.9,31.0,,14.8,,17.2,10.2,41.1,,7.1,,,25.1,77.3,12.4,15.2,33.9,13.2,3.7,,27.8,4.3,12.0,4.5
46035,SD,Davison,9.3,27.8,17.7,35.6,77.6,10.0,10.0,7.5,75.9,84.8,13.8,64.7,7.5,15.6,65.0,20.4,12.2,31.4,,14.8,,18.1,9.2,35.2,,8.2,,,25.4,75.6,15.2,14.1,38.0,13.1,3.8,,29.8,3.8,13.1,4.9
46037,SD,Day,8.8,32.1,15.8,39.2,81.1,11.7,10.4,9.5,78.7,86.9,13.8,66.8,9.0,16.6,67.6,19.7,14.7,34.1,,14.8,,20.0,11.0,37.6,,8.8,,,26.8,78.2,14.6,16.7,34.8,14.6,4.4,,28.7,4.7,14.9,5.6
46039,SD,Deuel,8.2,28.3,17.9,34.6,78.7,10.6,9.9,7.6,77.3,86.7,12.9,65.0,7.3,14.8,67.2,20.1,11.9,30.7,,14.8,,16.8,9.1,35.7,,7.5,,,23.9,79.7,14.4,13.5,33.3,12.6,3.5,,29.4,3.8,13.3,4.4
46041,SD,Dewey,13.4,26.8,17.9,38.1,72.0,6.4,13.7,8.3,72.6,77.7,21.8,55.9,10.3,29.5,50.5,22.1,18.0,41.4,,14.8,,29.9,10.9,33.0,,14.1,,,36.3,70.3,21.1,19.6,43.6,18.1,6.6,,36.3,5.1,22.7,10.5
46043,SD,Douglas,9.3,30.9,16.7,38.2,80.0,11.4,10.1,8.9,78.2,86.1,13.8,66.6,8.5,15.8,68.0,20.5,13.6,33.4,,14.8,,19.3,10.6,37.9,,8.7,,,26.3,75.8,14.7,16.1,35.1,13.9,4.2,,28.7,4.4,11.0,5.4
46045,SD,Edmunds,7.6,30.0,17.0,36.5,79.8,11.3,9.9,8.1,78.5,87.6,12.5,64.4,7.6,14.7,69.2,19.8,12.4,30.7,,14.8,,17.0,9.5,37.3,,7.6,,,23.1,76.4,13.9,14.1,33.7,12.9,3.7,,29.0,4.0,7.5,4.6
46047,SD,Fall River,8.9,34.8,14.9,43.1,81.7,12.1,10.4,10.5,79.9,87.9,13.9,65.7,10.2,17.4,65.8,20.0,16.4,36.8,,14.8,,21.8,11.8,41.1,,9.3,,,30.5,75.4,14.3,18.8,38.0,15.5,5.1,,31.7,5.2,16.6,6.3
46049,SD,Faulk,9.3,31.6,16.4,38.6,80.1,11.1,10.3,9.5,77.8,85.3,14.7,65.2,9.4,17.2,64.7,21.1,14.4,35.3,,14.8,,20.8,11.1,37.7,,9.4,,,27.8,73.2,15.4,17.0,36.3,14.8,4.7,,30.4,4.7,17.2,5.9
46051,SD,Grant,9.4,29.6,17.1,36.5,79.8,11.2,9.7,8.2,78.2,87.1,12.9,66.6,7.7,14.7,71.3,19.4,12.8,31.3,,14.8,,17.9,9.8,36.7,,7.8,,,26.5,79.8,13.8,14.6,37.3,13.3,3.8,,27.9,4.1,9.9,4.9
46053,SD,Gregory,9.0,31.2,16.4,38.9,80.3,11.6,10.2,9.2,78.6,86.7,13.8,65.3,8.8,16.2,63.8,20.1,14.1,34.5,,14.8,,20.0,10.9,38.1,,8.9,,,27.0,75.3,14.8,16.8,35.9,14.4,4.3,,29.9,4.6,11.2,5.5
46055,SD,Haakon,8.5,30.7,16.2,38.0,80.6,11.7,10.1,9.1,77.8,86.8,13.4,64.3,8.5,15.7,67.6,19.9,13.5,32.7,,14.8,,18.6,10.7,37.7,,8.4,,,26.8,75.5,14.4,15.7,33.7,13.7,4.0,,27.3,4.5,14.0,5.1
46057,SD,Hamlin,9.1,23.9,19.2,30.3,75.3,8.7,9.9,6.2,74.5,83.9,13.4,67.2,6.1,14.6,69.8,20.1,10.1,28.2,,14.8,,15.8,7.6,33.3,,7.1,,,23.2,77.9,15.2,11.4,34.6,11.9,3.1,,31.0,3.1,10.3,4.1
46059,SD,Hand,7.1,29.5,17.2,35.7,80.0,11.6,9.7,7.9,78.5,87.8,11.9,68.0,7.0,13.0,70.7,19.6,11.9,29.8,,14.8,,15.8,9.5,37.0,,7.1,,,22.8,77.6,13.6,13.4,33.9,12.3,3.4,,30.0,3.8,11.9,4.2
46061,SD,Hanson,8.3,26.7,18.8,33.9,76.5,9.1,10.4,6.9,76.1,85.0,14.0,67.5,7.4,16.8,70.3,21.8,12.1,29.7,,14.8,,17.7,7.9,35.3,,7.8,,,24.2,78.5,15.8,13.0,36.6,13.1,3.8,,30.6,3.5,12.4,4.5
46063,SD,Harding,7.5,27.1,18.0,34.0,78.3,10.5,9.6,7.0,77.3,87.5,11.8,67.8,6.3,13.3,73.3,19.7,11.2,28.1,,14.8,,15.1,8.4,35.3,,6.6,,,21.4,76.9,13.7,11.9,35.3,11.7,3.1,,28.4,3.4,12.3,3.8
46065,SD,Hughes,7.3,25.5,18.6,32.0,76.5,9.6,10.2,6.3,76.7,86.7,12.2,66.2,5.9,13.7,72.1,20.3,10.8,27.7,,14.8,,15.1,7.8,33.5,,6.8,,,21.9,76.6,14.4,11.6,34.0,11.6,3.0,,27.3,3.2,5.6,4.0
46067,SD,Hutchinson,8.0,28.5,17.4,35.3,78.9,10.8,10.0,7.7,77.2,86.7,12.8,66.6,7.3,14.6,69.1,20.3,12.1,30.0,,14.8,,17.1,9.2,35.5,,7.6,,,24.0,73.8,14.4,13.7,34.4,12.7,3.6,,28.3,3.8,11.5,4.5
46069,SD,Hyde,9.1,30.6,16.7,37.4,79.5,11.0,10.5,8.8,77.9,86.2,14.0,66.2,8.4,16.3,69.3,20.6,13.6,33.6,,14.8,,19.4,10.4,37.3,,8.6,,,26.1,78.0,15.1,15.7,35.3,14.1,4.1,,29.6,4.4,12.2,5.3
46071,SD,Jackson,13.9,28.9,15.6,40.2,76.0,8.0,13.2,10.3,74.4,78.1,21.8,56.8,12.3,28.5,51.1,22.3,18.6,43.4,,14.8,,31.3,12.5,35.4,,15.3,,,35.2,65.9,20.9,22.4,40.9,19.5,7.6,,34.8,6.0,26.8,11.1
46073,SD,Jerauld,8.9,32.1,15.7,39.2,81.5,12.4,9.6,8.9,79.5,88.4,12.2,68.1,8.1,14.5,68.4,18.7,13.8,32.4,,14.8,,18.3,10.6,38.9,,7.8,,,26.2,79.7,13.2,15.7,35.6,13.5,3.8,,29.3,4.4,11.0,4.9
46075,SD,Jones,8.1,32.8,15.6,41.0,81.5,12.2,10.1,9.5,79.7,88.1,13.0,67.1,8.8,16.2,72.0,19.6,14.7,33.7,,14.8,,19.3,11.0,39.2,,8.4,,,27.2,77.4,14.0,16.5,35.4,14.2,4.2,,27.3,4.6,13.5,5.4
46077,SD,Kingsbury,8.5,28.9,17.3,35.5,79.3,10.9,9.9,7.9,77.3,86.6,13.0,68.2,7.4,14.7,70.0,20.1,12.1,30.7,,14.8,,17.2,9.4,36.6,,7.6,,,24.6,80.6,14.3,13.9,35.6,12.9,3.5,,27.4,3.9,12.1,4.5
46079,SD,Lake,7.7,28.1,17.9,35.8,78.8,10.7,9.7,7.5,78.0,86.7,12.0,71.1,6.8,13.2,73.3,19.4,12.0,28.5,,14.8,,15.8,8.7,36.3,,6.9,,,22.5,78.6,13.6,12.7,32.5,12.1,3.3,,30.5,3.6,12.0,4.2
46081,SD,Lawrence,8.0,29.0,18.3,33.0,78.3,10.8,10.0,7.6,75.7,86.3,13.0,67.5,7.1,14.2,69.7,20.4,11.4,30.4,,14.8,,16.4,8.9,35.8,,7.4,,,23.5,76.0,14.0,13.7,32.7,12.6,3.6,,28.8,3.8,13.1,4.5
46083,SD,Lincoln,6.7,22.0,20.4,28.9,75.2,8.8,9.5,5.1,77.4,85.9,11.4,69.8,4.8,11.6,76.4,19.7,8.8,23.8,,14.8,,12.3,6.5,31.1,,5.7,,,17.6,79.6,13.6,9.0,34.9,9.7,2.4,,26.6,2.6,11.9,3.2
46085,SD,Lyman,10.8,29.5,17.0,38.7,77.6,9.2,11.3,9.2,76.5,82.7,16.8,60.5,9.5,21.4,57.3,20.8,15.8,37.7,,14.8,,24.1,11.0,35.9,,10.6,,,30.1,71.6,17.1,18.0,40.1,15.8,5.2,,33.1,4.8,24.3,7.3
46087,SD,McCook,7.9,26.6,18.8,32.8,77.2,9.9,9.7,6.7,76.6,86.6,12.4,66.5,6.4,14.0,69.8,20.5,11.0,28.0,,14.8,,15.7,8.1,34.3,,6.9,,,22.9,77.5,14.2,12.1,36.1,12.0,3.2,,29.0,3.4,9.7,4.0
46089,SD,McPherson,10.2,33.6,15.0,40.9,82.0,12.5,10.0,10.3,79.1,87.0,14.1,65.7,9.7,16.2,69.4,19.3,14.8,36.9,,14.8,,21.3,12.1,39.3,,9.4,,,29.2,77.2,14.0,18.4,34.9,15.0,4.7,,27.8,5.1,13.0,5.9
46091,SD,Marshall,9.2,29.5,17.4,36.0,78.8,10.7,9.8,7.8,77.4,87.1,12.7,65.3,7.3,15.2,71.0,19.1,12.7,30.6,,14.8,,17.3,9.3,36.8,,7.4,,,24.7,79.3,14.1,13.9,35.9,13.0,3.6,,29.2,3.9,10.0,4.6
46093,SD,Meade,8.4,25.5,19.1,31.3,74.2,8.8,10.3,6.1,75.3,84.6,13.3,63.6,6.0,14.1,71.0,22.6,9.5,29.2,,14.8,,15.4,7.5,34.0,,7.1,,,21.4,75.8,15.8,11.5,30.4,11.6,3.0,,27.9,3.0,13.5,3.9
46095,SD,Mellette,14.6,31.4,14.9,42.5,77.3,8.3,13.2,11.5,75.5,78.6,22.3,51.6,13.7,30.2,50.9,22.8,21.1,46.8,,14.8,,32.7,13.9,35.5,,16.0,,,38.5,67.1,20.7,24.6,45.6,20.3,8.3,,37.3,6.6,42.4,12.2
46097,SD,Miner,8.7,30.3,16.8,37.7,80.1,11.1,9.9,8.6,77.9,86.4,13.6,68.3,8.2,15.9,68.1,19.9,13.3,32.8,,14.8,,18.7,10.2,37.8,,8.2,,,26.6,78.6,14.6,15.3,35.7,13.7,4.0,,29.4,4.3,15.4,5.0
46099,SD,Minnehaha,8.8,22.9,19.9,31.7,72.9,8.0,9.7,5.5,76.6,85.0,13.2,65.7,5.6,14.2,73.4,22.3,10.6,27.4,,14.8,,15.8,6.6,33.3,,7.0,,,23.3,75.8,15.7,10.9,37.4,11.0,3.0,,28.1,2.8,6.9,3.9
46101,SD,Moody,8.1,27.3,17.6,34.1,78.1,10.1,10.1,7.2,77.4,86.7,12.6,66.7,6.7,14.5,68.3,19.3,12.1,29.5,,14.8,,16.9,8.8,35.1,,7.3,,,23.8,78.7,14.2,13.2,33.6,12.5,3.4,,31.0,3.7,10.5,4.6
46102,SD,Oglala Lakota,19.1,26.7,15.5,38.9,69.3,5.1,15.0,9.7,71.0,71.6,28.2,43.0,13.6,39.8,40.0,24.3,21.1,51.3,,14.8,,39.7,12.8,29.5,,20.5,,,40.1,58.5,25.7,25.8,47.0,22.5,9.9,,40.6,6.3,44.4,16.6
46103,SD,Pennington,8.5,26.8,20.2,34.6,77.3,9.4,10.2,7.0,76.3,85.7,13.0,67.1,6.8,15.0,67.2,21.0,12.1,31.2,,14.8,,17.1,8.4,34.3,,7.4,,,23.3,76.6,14.8,13.3,33.7,12.5,3.4,,31.7,3.5,15.5,4.5
46105,SD,Perkins,8.4,32.4,16.2,38.7,81.2,12.0,10.2,9.3,78.9,87.6,13.3,63.0,8.9,16.0,74.2,20.2,14.3,33.3,,14.8,,19.6,10.8,38.8,,8.5,,,26.6,75.6,14.4,16.6,36.0,14.3,4.3,,26.0,4.6,11.8,5.3
46107,SD,Potter,7.2,31.3,15.9,37.9,81.1,12.2,9.7,8.5,79.6,88.4,11.9,70.4,7.4,13.6,70.5,19.1,13.1,30.9,,14.8,,16.8,10.1,38.3,,7.3,,,24.3,79.8,13.5,14.3,34.8,12.8,3.5,,27.7,4.1,9.1,4.4
46109,SD,Roberts,10.4,31.3,15.8,39.6,79.0,10.1,11.4,9.5,77.4,84.3,16.2,62.6,9.7,20.3,60.0,20.5,16.3,36.9,,14.8,,23.5,11.4,35.8,,10.5,,,31.7,71.8,16.8,18.5,43.0,16.1,5.2,,34.7,5.0,21.0,7.2
46111,SD,Sanborn,9.3,29.1,17.4,35.9,78.5,10.4,10.0,7.8,77.1,86.2,13.4,64.8,7.8,16.1,69.9,20.2,12.6,31.2,,14.8,,18.2,9.2,36.8,,7.9,,,25.5,77.1,14.7,14.3,36.3,13.4,3.8,,28.0,3.9,10.6,4.8
46115,SD,Spink,8.4,30.0,16.6,37.3,80.0,11.4,10.0,8.3,78.2,87.2,13.0,63.7,8.0,15.1,68.5,20.2,12.9,31.9,,14.8,,18.1,9.9,37.6,,8.0,,,25.6,77.7,14.2,14.9,36.0,13.4,3.9,,30.2,4.2,14.4,4.9
46117,SD,Stanley,7.1,27.7,18.4,33.6,78.3,10.6,9.8,6.9,77.8,87.5,11.9,64.2,6.3,13.4,70.4,20.0,11.1,28.4,,14.8,,15.1,8.5,35.4,,6.6,,,21.8,77.3,13.9,12.2,35.2,11.8,3.0,,28.9,3.4,11.5,3.8
46119,SD,Sully,7.7,29.6,16.9,37.6,79.8,11.6,9.6,8.1,78.8,88.0,11.8,69.8,7.1,13.7,70.6,18.8,12.5,29.9,,14.8,,16.2,9.5,37.4,,6.9,,,23.4,79.8,13.4,13.5,34.7,12.4,3.3,,28.1,3.9,5.8,4.2
46121,SD,Todd,17.6,27.1,15.2,38.5,69.4,5.5,15.3,9.5,73.2,72.5,27.0,43.7,13.2,37.2,43.7,24.2,20.7,49.2,,14.8,,37.8,12.5,30.6,,19.6,,,40.8,68.3,24.8,24.7,49.3,21.8,9.4,,40.3,6.2,40.2,15.6
46123,SD,Tripp,10.1,31.9,15.6,39.9,80.1,11.1,10.8,9.8,78.0,84.8,15.6,60.2,10.0,18.9,59.9,20.6,15.3,37.4,,14.8,,22.6,11.6,38.5,,10.3,,,29.4,75.6,15.9,18.6,37.0,15.7,5.1,,31.6,5.0,20.9,6.7
46125,SD,Turner,8.3,27.7,17.9,34.3,77.8,10.1,9.9,7.3,76.8,86.3,12.9,64.9,7.1,15.0,69.3,20.4,11.8,29.4,,14.8,,16.8,8.6,35.6,,7.5,,,24.2,79.2,14.6,13.2,34.0,12.6,3.5,,27.5,3.6,11.5,4.4
46127,SD,Union,7.6,25.1,18.4,32.0,76.8,9.9,9.6,6.4,76.3,86.9,11.7,65.4,5.9,12.8,71.9,19.9,10.6,26.8,,14.8,,14.8,7.6,34.7,,6.4,,,21.1,79.2,13.8,11.1,31.2,11.2,3.0,,31.2,3.2,13.8,3.8
46129,SD,Walworth,8.3,30.1,16.7,36.7,79.6,10.9,10.3,8.4,78.4,86.3,13.3,65.5,7.9,15.7,67.0,19.8,13.4,32.9,,14.8,,18.7,10.1,37.1,,8.2,,,25.1,76.7,14.5,15.2,34.3,13.5,3.9,,29.2,4.2,14.0,5.2
46135,SD,Yankton,8.8,27.5,17.8,35.0,77.5,10.2,9.8,7.1,76.9,86.1,12.8,64.1,6.7,13.8,70.6,20.2,11.8,30.3,,14.8,,16.4,8.6,35.3,,7.3,,,24.5,78.4,14.4,13.0,38.3,12.3,3.4,,28.7,3.6,11.5,4.3
46137,SD,Ziebach,13.7,28.3,16.4,39.4,72.9,6.7,13.8,9.2,74.2,77.6,22.2,47.7,11.2,30.4,47.6,23.1,18.7,43.9,,14.8,,31.7,11.8,34.6,,15.0,,,37.8,70.9,21.5,21.8,47.2,19.3,7.2,,38.3,5.5,29.5,11.3
47001,TN,Anderson,11.0,34.2,13.8,41.8,77.0,9.4,10.7,7.8,79.0,87.0,17.8,62.3,9.5,18.5,61.0,30.2,14.1,38.1,,14.8,,23.0,8.8,41.5,,9.6,,,27.4,72.3,19.9,17.3,42.0,15.8,4.1,,36.5,3.9,13.7,5.5
47003,TN,Bedford,15.1,30.3,14.3,39.4,75.2,7.8,11.0,7.0,76.9,84.8,19.5,61.5,9.2,19.4,55.0,29.6,13.5,38.2,,14.8,,24.7,7.9,38.8,,10.3,,,29.6,68.6,20.4,17.0,44.4,16.1,4.4,,40.0,3.7,17.0,6.0
47005,TN,Benton,12.9,38.3,13.2,46.0,80.3,10.4,11.2,10.0,79.2,86.7,19.8,60.8,12.7,22.4,55.2,29.4,16.9,43.0,,14.8,,28.4,10.8,43.0,,11.9,,,33.8,68.7,20.5,22.1,40.8,18.8,5.5,,39.6,5.0,20.7,7.0
47007,TN,Bledsoe,15.6,37.3,13.7,45.7,77.8,9.4,11.1,10.2,77.7,84.6,21.4,57.3,13.5,25.6,49.7,29.0,17.3,44.4,,14.8,,31.0,11.0,42.0,,12.9,,,34.7,69.1,21.0,22.9,41.9,19.6,6.1,,39.8,5.2,25.1,7.8
47009,TN,Blount,10.2,33.5,14.4,40.8,78.2,9.8,10.5,7.5,79.5,88.0,16.7,66.1,9.0,16.6,61.0,29.3,13.4,36.5,,14.8,,21.3,8.4,40.5,,8.8,,,25.8,77.7,18.5,16.3,36.3,15.1,3.7,,37.9,3.7,13.3,4.8
47011,TN,Bradley,11.9,31.2,14.9,40.8,76.6,8.8,10.8,7.3,77.4,86.4,17.8,59.0,9.0,17.6,60.8,28.7,13.4,36.9,,14.8,,22.3,8.1,38.7,,9.5,,,25.9,72.7,19.7,16.4,41.5,15.4,4.1,,37.1,3.7,14.0,5.4
47013,TN,Campbell,13.2,35.9,13.7,43.5,77.8,9.6,11.5,9.3,77.6,85.0,20.8,56.7,12.4,22.8,54.5,31.0,15.7,42.2,,14.8,,27.7,10.2,42.0,,12.1,,,32.3,72.1,21.5,20.9,42.6,18.7,5.4,,37.3,4.7,18.6,6.9
47015,TN,Cannon,12.6,34.2,14.2,41.5,77.1,9.2,11.1,8.2,77.3,85.8,19.3,61.6,10.8,20.8,55.6,30.3,14.5,39.4,,14.8,,25.4,9.1,41.0,,10.7,,,29.5,72.9,20.5,18.7,43.1,17.1,4.7,,39.2,4.2,13.8,6.0
47017,TN,Carroll,12.0,34.3,13.5,42.0,78.0,9.1,11.2,8.4,77.5,85.9,19.1,62.5,10.5,19.8,52.6,29.7,15.2,39.7,,14.8,,25.1,9.1,40.6,,10.8,,,30.3,72.6,20.2,18.9,42.8,16.8,4.8,,38.9,4.4,18.4,6.3
47019,TN,Carter,11.9,37.2,13.3,44.7,78.0,10.1,11.3,9.3,78.8,86.5,19.3,62.2,11.6,20.5,52.8,31.5,15.9,43.1,,14.8,,26.6,10.0,44.1,,11.3,,,31.4,70.0,20.2,20.8,37.9,18.1,5.0,,42.9,4.6,25.0,6.5
47021,TN,Cheatham,10.7,31.0,15.6,38.1,76.1,8.7,10.7,6.6,77.4,87.2,16.6,64.0,8.2,17.4,61.9,28.7,12.4,33.4,,14.8,,20.6,7.4,38.0,,8.5,,,24.6,73.0,18.9,14.7,39.6,14.6,3.6,,37.8,3.3,11.4,4.6
47023,TN,Chester,12.1,31.3,14.6,39.8,76.2,8.3,11.5,7.5,77.5,84.3,19.8,61.9,9.8,19.4,51.6,30.8,13.9,39.0,,14.8,,24.2,8.3,39.0,,10.9,,,28.6,72.6,21.2,17.5,39.0,16.2,4.5,,41.3,3.9,17.9,6.0
47025,TN,Claiborne,12.4,34.9,14.2,42.6,77.4,9.3,11.3,8.5,78.0,85.2,20.0,62.0,11.3,20.9,54.4,30.9,15.0,40.7,,14.8,,25.9,9.6,41.6,,11.3,,,30.3,65.3,20.8,19.5,42.3,17.4,4.9,,38.6,4.3,15.2,6.3
47027,TN,Clay,13.4,39.6,12.4,47.4,80.6,10.8,11.3,10.8,78.9,86.4,20.5,61.6,13.8,23.1,50.5,30.2,17.8,44.8,,14.8,,29.5,11.7,44.1,,12.6,,,34.2,72.4,20.2,23.5,39.9,19.5,5.9,,37.8,5.4,16.6,7.6
47029,TN,Cocke,14.0,37.7,12.7,45.5,79.1,9.9,11.5,10.0,78.3,85.6,20.9,61.9,13.4,23.9,50.7,31.1,17.2,44.2,,14.8,,29.5,10.7,43.8,,12.6,,,33.3,70.2,21.2,22.8,40.3,19.4,5.9,,41.4,5.1,26.4,7.5
47031,TN,Coffee,12.6,32.7,14.9,41.6,76.7,8.9,11.1,7.9,77.6,85.9,18.8,62.0,10.0,19.9,52.7,29.8,13.9,38.6,,14.8,,24.5,8.8,40.5,,10.4,,,28.3,69.2,20.0,17.8,39.5,16.4,4.5,,39.7,4.0,16.6,5.9
47033,TN,Crockett,14.2,32.7,13.4,42.7,77.8,8.6,11.2,8.0,78.5,86.2,19.0,61.9,10.0,19.5,54.1,27.9,15.5,39.7,,14.8,,25.8,8.7,39.6,,10.8,,,30.9,73.8,20.0,19.0,42.1,16.9,4.9,,41.1,4.4,18.4,6.5
47035,TN,Cumberland,11.5,40.1,11.8,49.0,82.3,12.3,10.8,10.9,81.4,88.8,17.6,63.8,12.7,19.4,55.9,29.1,17.3,41.1,,14.8,,26.7,11.8,46.1,,10.9,,,29.7,74.1,18.3,21.6,39.5,18.0,5.1,,35.2,5.3,16.3,6.6
47037,TN,Davidson,11.8,25.6,16.9,33.3,73.2,6.3,10.7,5.1,75.3,85.9,16.2,61.7,6.2,14.0,56.7,28.2,11.2,31.8,,14.8,,20.6,5.7,34.3,,8.3,,,24.7,78.9,19.2,12.9,32.3,12.6,3.4,,37.0,2.9,9.3,4.9
47039,TN,Decatur,14.0,38.3,12.7,46.5,79.6,10.2,11.4,10.4,79.1,85.8,20.5,59.9,13.6,23.8,51.5,30.4,17.8,43.9,,14.8,,29.6,11.1,43.5,,12.8,,,33.5,73.3,20.6,23.1,43.0,19.4,6.0,,41.4,5.3,14.7,7.8
47041,TN,DeKalb,14.4,35.1,13.6,43.6,77.3,9.1,11.1,8.9,77.2,85.1,20.3,59.5,11.8,22.2,50.0,30.1,15.9,41.9,,14.8,,27.8,9.8,42.2,,11.7,,,32.2,69.5,20.8,20.3,40.4,18.3,5.3,,38.5,4.5,24.2,7.0
47043,TN,Dickson,11.2,31.7,15.2,37.6,76.0,8.7,10.9,6.8,76.6,86.5,17.4,62.0,8.6,18.0,58.9,29.4,12.7,36.5,,14.8,,22.1,7.7,38.6,,9.0,,,27.1,76.0,19.6,15.9,37.6,15.1,3.7,,38.7,3.5,13.5,4.9
47045,TN,Dyer,12.5,34.1,13.5,42.6,76.8,8.7,11.4,8.0,78.1,85.8,19.1,64.1,10.2,20.1,52.5,30.8,14.9,40.6,,14.8,,25.6,8.6,39.9,,10.9,,,30.5,74.7,20.7,18.9,39.4,16.8,4.8,,42.2,4.2,23.5,6.4
47047,TN,Fayette,10.3,34.8,12.4,45.1,79.9,9.5,10.9,8.0,80.6,89.4,15.9,66.1,8.9,16.5,62.4,25.8,15.9,36.2,,14.8,,22.7,8.3,41.7,,9.2,,,26.8,76.5,17.6,17.9,39.0,15.2,4.4,,36.5,4.3,14.9,5.6
47049,TN,Fentress,12.9,38.6,12.7,45.6,79.6,10.3,11.4,10.0,78.6,86.2,20.3,58.3,13.3,22.5,51.8,30.4,17.1,43.1,,14.8,,29.3,10.8,43.6,,12.3,,,32.6,71.3,20.6,22.6,44.9,19.3,5.7,,39.1,5.1,21.3,7.2
47051,TN,Franklin,10.9,32.8,14.2,40.7,77.9,9.4,11.0,7.8,78.5,86.1,17.9,64.7,9.5,17.7,55.4,30.1,13.9,38.1,,14.8,,22.8,8.7,40.3,,9.7,,,28.8,74.0,19.6,17.6,35.0,15.5,4.1,,39.5,3.9,18.2,5.4
47053,TN,Gibson,12.2,33.6,13.7,41.5,76.5,8.4,11.4,7.6,78.2,86.1,18.9,61.1,9.9,20.1,54.2,28.5,14.7,38.5,,14.8,,24.9,8.2,39.6,,10.6,,,29.8,74.0,20.2,18.4,39.6,16.2,4.7,,40.3,4.2,18.6,6.2
47055,TN,Giles,11.8,34.6,13.7,43.1,78.7,9.5,11.3,8.4,78.8,86.8,18.7,66.1,10.5,19.5,54.6,29.1,15.4,39.7,,14.8,,25.1,9.1,41.2,,10.7,,,28.8,70.3,19.8,19.1,39.8,16.8,4.7,,39.9,4.4,16.8,6.1
47057,TN,Grainger,12.7,36.5,13.4,43.3,79.1,9.9,11.1,9.1,78.1,86.3,19.3,58.7,11.6,21.3,49.6,29.9,15.7,40.4,,14.8,,26.6,9.9,43.3,,11.1,,,30.8,70.0,20.1,20.2,41.2,17.9,5.0,,39.5,4.5,22.2,6.4
47059,TN,Greene,12.3,35.6,13.3,42.3,79.1,9.9,11.1,8.9,77.9,86.1,19.0,61.9,11.3,20.6,55.9,29.3,15.4,40.3,,14.8,,25.8,9.7,41.0,,10.9,,,31.1,75.3,19.9,19.9,40.6,17.8,4.8,,40.2,4.4,15.5,6.3
47061,TN,Grundy,14.1,37.4,13.5,44.5,78.6,9.5,11.7,9.6,78.0,84.8,21.4,59.6,13.1,24.2,53.9,31.2,16.5,43.4,,14.8,,29.1,10.6,42.3,,12.8,,,33.0,70.3,21.4,21.9,40.6,19.2,5.8,,37.6,5.0,21.8,7.5
47063,TN,Hamblen,14.9,33.4,13.5,41.4,76.7,8.7,11.1,8.2,77.5,85.3,19.8,60.0,10.6,20.9,57.0,30.1,15.2,41.0,,14.8,,26.6,9.1,40.9,,11.2,,,31.1,69.2,20.6,19.4,40.5,17.6,5.0,,39.5,4.3,18.0,6.7
47065,TN,Hamilton,10.7,29.4,14.7,38.3,76.2,8.4,11.0,6.6,78.0,87.7,16.1,66.9,7.7,15.4,62.7,26.6,12.7,32.1,,14.8,,20.3,7.2,36.8,,8.5,,,22.4,75.6,17.9,14.5,34.5,13.6,3.7,,36.9,3.6,8.5,5.0
47067,TN,Hancock,16.1,40.8,12.1,49.5,79.7,10.1,12.2,12.1,78.2,83.4,24.4,59.1,17.6,29.4,44.3,33.1,20.3,49.6,,14.8,,35.8,12.7,44.4,,16.2,,,39.0,67.0,23.2,27.6,43.0,22.7,8.0,,41.1,6.3,33.4,10.1
47069,TN,Hardeman,14.8,32.7,12.7,45.9,76.7,7.4,11.4,8.3,79.4,85.0,20.2,59.7,10.5,22.2,49.9,25.8,17.2,41.3,,14.8,,28.9,8.3,39.0,,11.9,,,34.1,73.1,20.7,20.5,43.7,17.3,5.7,,44.1,4.9,25.6,7.6
47071,TN,Hardin,13.1,38.3,13.4,45.7,80.1,10.4,11.3,10.1,79.3,86.3,20.2,61.2,13.0,22.7,57.7,30.2,17.1,43.7,,14.8,,29.0,10.9,42.9,,12.3,,,33.3,67.4,20.6,22.7,38.1,19.0,5.7,,38.0,5.1,18.6,7.3
47073,TN,Hawkins,12.0,37.1,13.3,43.9,79.1,10.0,11.1,9.2,77.7,86.3,19.6,61.1,11.8,21.2,59.1,30.7,16.0,41.3,,14.8,,26.3,10.0,43.1,,11.3,,,31.6,74.7,20.1,20.1,41.1,17.9,5.0,,37.1,4.6,13.8,6.5
47075,TN,Haywood,15.3,36.8,10.8,51.2,80.2,7.7,12.4,9.4,80.9,86.7,20.9,63.0,12.0,22.9,48.1,26.7,20.7,45.5,,14.8,,32.4,8.7,41.2,,13.5,,,38.7,76.9,20.9,25.2,46.6,18.7,7.0,,43.1,5.9,26.4,9.2
47077,TN,Henderson,12.6,35.2,13.7,43.0,78.0,9.1,11.2,8.4,78.1,85.8,19.4,58.7,10.9,21.5,53.4,29.0,15.4,40.2,,14.8,,26.4,9.2,41.4,,11.1,,,31.1,68.5,20.4,19.6,38.8,17.5,4.9,,37.7,4.4,20.7,6.4
47079,TN,Henry,12.3,38.1,12.8,45.1,80.9,10.3,11.2,9.7,80.3,87.3,18.9,63.3,12.1,21.0,53.7,30.4,16.9,42.3,,14.8,,27.2,10.4,42.5,,11.5,,,32.5,72.1,19.8,21.8,38.2,18.3,5.3,,38.4,5.0,19.0,6.9
47081,TN,Hickman,12.7,33.4,14.9,41.4,76.1,8.9,11.0,7.9,77.1,85.4,19.1,63.1,10.3,20.9,54.6,29.7,14.1,38.8,,14.8,,25.0,8.9,40.4,,10.5,,,29.7,75.1,20.5,18.0,38.4,16.7,4.5,,38.4,4.1,17.9,5.9
47083,TN,Houston,12.1,34.5,14.3,42.4,77.9,9.5,11.1,8.3,77.6,86.3,18.8,63.3,10.5,20.2,56.6,30.1,14.7,39.3,,14.8,,24.8,9.3,40.9,,10.5,,,30.1,72.6,20.1,18.7,39.5,17.0,4.6,,37.9,4.2,20.0,5.9
47085,TN,Humphreys,12.1,35.0,14.1,42.4,78.1,9.6,11.1,8.5,78.1,86.3,19.0,63.0,10.9,20.6,53.1,30.1,15.0,39.6,,14.8,,25.2,9.5,41.0,,10.8,,,29.5,72.0,20.3,19.1,41.2,17.2,4.8,,37.1,4.3,21.3,6.1
47087,TN,Jackson,13.5,37.7,13.4,44.8,79.5,10.2,11.3,10.1,78.7,85.8,20.3,60.6,13.1,23.2,52.5,30.6,17.0,42.9,,14.8,,28.7,11.0,44.1,,12.1,,,33.0,71.2,20.3,21.9,39.4,18.8,5.6,,39.0,5.0,22.6,7.2
47089,TN,Jefferson,11.1,34.2,13.8,40.9,77.8,9.8,11.0,8.0,78.3,87.0,17.5,63.2,9.7,18.1,60.0,30.1,13.6,36.8,,14.8,,23.0,8.8,39.4,,9.6,,,27.1,76.4,19.5,17.3,37.3,16.1,4.1,,35.8,4.0,13.8,5.3
47091,TN,Johnson,14.2,38.0,13.4,46.2,78.9,10.1,11.2,10.1,78.6,85.4,20.4,63.9,13.3,23.2,53.2,30.1,17.5,43.6,,14.8,,29.5,11.0,43.4,,12.2,,,33.7,73.2,20.4,22.6,40.0,19.1,5.8,,38.2,5.1,24.7,7.4
47093,TN,Knox,9.9,28.7,16.2,36.5,75.0,8.3,10.6,6.2,77.8,86.4,16.7,68.2,7.4,15.0,62.5,30.7,12.0,32.7,,14.8,,19.3,7.1,36.1,,8.5,,,23.3,76.2,19.0,14.0,33.5,13.3,3.4,,34.1,3.2,8.4,4.6
47095,TN,Lake,20.3,33.5,13.4,48.3,74.2,7.2,11.6,9.8,75.5,79.8,25.3,55.2,14.3,29.4,44.5,29.2,19.0,48.4,,14.8,,36.4,10.0,40.1,,15.7,,,39.6,69.5,23.4,24.3,47.2,20.7,7.8,,43.7,5.6,31.0,10.3
47097,TN,Lauderdale,15.2,33.4,12.8,45.5,76.7,7.5,11.8,8.3,78.3,84.4,21.3,59.0,11.2,23.4,47.7,27.9,17.2,42.6,,14.8,,30.3,8.4,39.2,,12.7,,,34.5,72.0,21.8,21.3,47.2,17.9,6.0,,45.7,4.9,18.6,8.0
47099,TN,Lawrence,12.8,34.0,14.4,42.0,76.8,9.1,11.3,8.5,77.2,85.0,20.0,61.8,11.2,21.4,54.4,32.0,14.9,39.4,,14.8,,26.5,9.3,40.9,,11.4,,,30.5,70.8,21.2,19.3,41.5,17.6,4.9,,39.6,4.3,21.3,6.4
47101,TN,Lewis,12.6,35.0,14.1,42.0,78.0,9.7,11.2,8.6,77.1,86.0,19.3,56.0,11.1,20.8,50.9,30.2,14.9,40.4,,14.8,,25.7,9.6,41.1,,10.9,,,29.8,68.0,20.6,19.5,39.2,17.5,4.8,,38.3,4.4,17.5,6.2
47103,TN,Lincoln,11.8,34.4,13.7,42.1,78.0,9.5,10.9,8.0,78.2,87.0,18.1,62.9,10.0,18.9,58.8,28.3,14.8,38.0,,14.8,,24.3,8.9,41.2,,10.0,,,28.8,74.8,19.3,18.1,40.5,16.5,4.4,,38.5,4.2,15.2,5.7
47105,TN,Loudon,11.5,36.6,12.6,44.8,80.9,11.5,10.3,9.0,80.5,89.2,15.8,68.6,9.9,15.9,60.0,26.7,15.1,37.0,,14.8,,23.1,10.0,43.6,,9.1,,,27.1,72.6,16.9,18.3,36.4,16.0,4.1,,35.9,4.3,13.7,5.4
47107,TN,McMinn,12.4,35.2,13.5,43.3,78.2,9.6,11.1,8.3,78.8,86.4,18.9,64.2,10.5,19.7,59.0,29.2,15.4,40.6,,14.8,,24.8,9.3,41.8,,10.5,,,30.0,70.7,20.1,18.9,46.8,16.9,4.6,,38.1,4.2,19.6,6.0
47109,TN,McNairy,12.9,35.5,13.5,44.3,78.6,9.5,11.4,9.0,78.1,85.7,20.0,61.8,11.8,22.0,53.9,30.2,16.2,42.4,,14.8,,27.2,9.9,41.7,,11.7,,,31.3,70.8,20.9,20.8,39.4,18.0,5.2,,38.4,4.7,24.5,6.8
47111,TN,Macon,14.4,32.3,14.2,39.4,75.5,8.4,11.3,7.9,76.4,84.2,20.8,58.3,10.9,22.7,53.2,30.7,14.6,40.4,,14.8,,27.2,8.9,39.2,,11.5,,,31.8,72.2,21.8,18.9,43.1,17.4,4.8,,37.7,4.1,26.8,6.4
47113,TN,Madison,11.9,31.9,12.2,43.7,79.1,7.8,11.5,7.7,81.8,86.8,18.4,62.9,9.1,18.4,58.3,26.9,16.2,40.9,,14.8,,25.7,7.7,36.8,,10.7,,,30.4,78.2,19.5,19.0,43.8,16.0,5.0,,36.6,4.3,18.4,6.7
47115,TN,Marion,13.0,36.2,13.3,44.0,78.7,9.7,11.4,9.2,78.3,86.0,19.8,60.0,11.9,21.7,57.4,30.4,16.2,41.8,,14.8,,27.3,10.0,41.4,,11.5,,,31.1,73.4,20.2,20.6,40.6,18.1,5.2,,38.0,4.7,20.5,6.7
47117,TN,Marshall,11.9,31.4,14.7,39.9,76.0,8.5,11.0,7.1,76.9,86.2,18.1,62.8,9.1,18.8,52.9,30.1,13.6,36.5,,14.8,,22.8,8.0,38.7,,9.7,,,27.2,72.7,20.0,16.3,40.0,15.6,4.1,,40.4,3.7,16.9,5.5
47119,TN,Maury,11.0,30.2,14.9,39.0,75.9,8.5,10.7,6.6,76.8,87.2,16.4,65.1,7.8,16.4,60.0,27.9,12.6,33.2,,14.8,,20.1,7.3,38.1,,8.5,,,24.6,76.7,18.9,14.9,35.2,14.1,3.6,,39.2,3.4,13.8,4.8
47121,TN,Meigs,13.0,35.6,13.7,44.9,78.8,9.8,11.2,9.3,78.3,86.1,19.7,62.1,11.9,22.2,59.9,30.2,15.9,41.8,,14.8,,27.2,10.2,42.5,,11.4,,,31.1,70.8,20.4,20.7,40.8,18.2,5.1,,35.3,4.7,15.1,6.6
47123,TN,Monroe,12.8,35.7,13.4,45.2,78.4,10.0,11.3,9.3,78.5,86.3,19.6,61.7,11.8,21.7,52.5,30.8,15.9,41.7,,14.8,,27.0,10.1,42.8,,11.3,,,31.9,73.8,20.4,20.5,39.1,18.3,5.2,,36.1,4.7,18.1,6.6
47125,TN,Montgomery,11.7,24.4,16.2,33.9,69.8,5.9,10.8,4.8,76.3,84.9,17.1,62.9,6.1,15.6,58.5,28.6,10.8,31.8,,14.8,,19.1,5.6,33.0,,8.4,,,23.7,75.3,20.0,12.4,38.4,12.9,3.3,,44.8,2.7,11.6,4.6
47127,TN,Moore,11.0,35.1,13.9,42.7,78.6,10.1,10.8,8.5,78.7,87.4,17.5,60.8,10.2,18.8,59.5,28.8,14.7,38.1,,14.8,,23.7,9.4,41.7,,9.9,,,28.6,72.8,18.9,18.3,38.8,16.4,4.4,,37.4,4.2,10.4,5.7
47129,TN,Morgan,13.4,34.0,14.5,42.4,76.0,9.0,10.9,8.5,76.9,84.6,20.0,60.9,11.1,22.2,51.2,30.0,14.8,40.1,,14.8,,26.3,9.4,40.8,,11.1,,,30.4,68.6,20.8,19.0,43.4,17.5,4.9,,41.0,4.3,21.1,6.3
47131,TN,Obion,13.5,35.9,13.1,43.7,78.3,9.4,11.3,9.0,78.5,85.9,19.8,62.0,11.4,21.1,54.8,30.2,16.2,41.8,,14.8,,27.7,9.6,41.0,,11.5,,,32.2,72.8,20.4,20.6,40.2,17.8,5.2,,40.8,4.7,19.6,6.8
47133,TN,Overton,13.4,36.3,13.8,43.5,77.8,9.5,11.4,9.1,78.0,85.2,20.6,59.2,12.3,22.7,54.4,30.6,15.7,41.2,,14.8,,28.0,10.0,41.9,,11.9,,,30.7,72.9,21.0,20.5,40.9,18.3,5.3,,38.0,4.6,15.9,6.8
47135,TN,Perry,14.3,36.4,13.4,44.6,78.4,9.6,11.4,9.6,77.9,85.0,20.9,61.3,12.8,23.6,53.6,30.2,16.4,43.4,,14.8,,29.0,10.5,41.9,,12.4,,,33.5,71.5,21.0,21.9,40.1,18.9,5.6,,38.5,4.9,19.8,7.3
47137,TN,Pickett,13.4,41.5,11.9,49.0,81.8,11.6,11.3,12.1,80.1,86.9,20.5,63.6,15.2,23.5,50.5,29.9,19.1,45.9,,14.8,,30.9,12.8,45.9,,13.3,,,35.1,71.1,19.9,25.3,41.8,20.4,6.5,,38.1,5.9,22.4,8.2
47139,TN,Polk,11.6,36.4,14.2,43.8,78.2,9.9,11.2,8.7,78.3,86.8,18.6,62.0,11.0,20.7,56.0,30.5,15.1,40.0,,14.8,,25.1,9.5,42.1,,10.6,,,30.5,72.6,20.1,19.5,43.7,17.5,4.7,,39.3,4.3,18.1,5.9
47141,TN,Putnam,12.1,29.1,14.3,37.0,74.7,8.1,10.9,6.9,76.2,83.9,18.6,59.3,8.9,17.6,58.4,28.9,12.4,35.5,,14.8,,22.2,8.0,38.1,,9.9,,,25.4,67.8,20.5,15.8,37.5,15.2,4.0,,36.0,3.5,17.5,5.5
47143,TN,Rhea,13.7,35.8,13.6,43.2,78.0,9.4,11.1,8.7,78.2,85.2,20.2,60.3,11.4,21.5,50.5,30.2,15.7,40.7,,14.8,,27.0,9.6,41.0,,11.4,,,31.2,75.6,20.6,19.5,42.5,17.8,5.1,,40.7,4.4,16.0,6.6
47145,TN,Roane,11.0,37.0,13.7,43.3,79.4,10.4,10.8,8.8,79.7,87.5,17.5,65.7,10.5,18.9,59.3,29.6,14.7,39.1,,14.8,,24.3,9.6,41.9,,10.1,,,29.5,73.3,18.7,19.2,37.0,16.9,4.5,,38.3,4.4,11.9,5.7
47147,TN,Robertson,12.2,29.5,15.1,38.2,75.2,8.2,10.8,6.6,76.6,86.6,17.5,61.9,8.2,18.0,59.7,28.3,12.7,35.6,,14.8,,21.8,7.5,38.6,,9.0,,,27.2,72.8,19.5,15.1,37.0,14.9,3.8,,38.2,3.4,14.9,5.0
47149,TN,Rutherford,11.3,26.1,16.1,34.0,72.2,6.6,10.7,5.0,76.3,86.0,16.5,60.1,6.2,14.6,57.8,26.8,10.9,31.3,,14.8,,18.2,5.8,34.4,,8.0,,,22.9,75.8,19.6,12.4,37.9,12.8,3.2,,38.3,2.7,11.1,4.5
47151,TN,Scott,14.8,35.6,13.5,44.1,76.9,8.9,11.8,9.6,76.3,82.8,23.2,57.5,13.8,26.4,50.5,32.7,16.6,44.7,,14.8,,30.9,10.4,41.7,,13.8,,,35.4,70.3,23.1,22.4,43.4,19.8,6.2,,41.7,4.9,19.8,8.0
47153,TN,Sequatchie,14.1,36.5,13.4,44.7,78.4,9.8,11.3,9.8,78.2,85.4,20.5,59.4,12.8,22.7,50.5,31.3,16.7,43.1,,14.8,,28.6,10.6,42.1,,12.2,,,32.5,72.2,20.7,21.6,39.4,18.8,5.6,,37.5,4.9,23.4,7.3
47155,TN,Sevier,12.4,34.2,13.8,40.8,77.9,9.7,10.8,8.2,78.5,87.1,17.8,63.6,10.1,18.8,61.3,29.4,14.4,38.0,,14.8,,23.9,9.1,41.6,,10.0,,,27.2,71.5,19.7,18.0,38.4,16.7,4.4,,37.2,4.1,18.9,5.7
47157,TN,Shelby,12.2,27.4,13.7,43.0,76.5,6.5,11.7,6.5,81.2,87.2,17.7,63.5,7.9,17.2,54.7,24.9,15.9,36.6,,14.8,,23.6,6.3,37.8,,10.3,,,27.5,79.1,19.2,17.5,39.7,14.2,4.9,,41.6,4.2,21.0,6.7
47159,TN,Smith,11.7,32.7,15.2,39.1,76.7,9.0,11.0,7.5,76.8,86.1,18.5,60.2,9.7,19.7,59.2,30.0,13.5,37.5,,14.8,,23.3,8.4,39.2,,9.8,,,27.7,74.7,20.1,17.0,39.1,16.1,4.2,,37.4,3.8,11.7,5.4
47161,TN,Stewart,10.9,34.3,14.3,41.4,77.9,9.7,10.8,8.0,78.3,87.1,17.5,61.5,9.8,18.7,57.7,29.0,14.0,37.5,,14.8,,23.1,9.0,41.0,,9.5,,,27.6,73.0,19.2,17.4,38.1,16.1,4.1,,38.4,4.0,15.6,5.3
47163,TN,Sullivan,11.1,36.1,12.6,42.0,79.9,10.2,11.2,8.5,79.6,87.5,17.9,63.7,10.3,19.2,62.7,30.6,15.2,38.7,,14.8,,24.6,9.3,39.4,,10.2,,,29.1,73.9,19.3,19.0,37.8,16.6,4.4,,36.5,4.2,18.1,5.7
47165,TN,Sumner,10.3,31.3,14.8,37.0,76.0,8.7,10.7,6.4,77.8,88.0,15.9,65.9,7.5,15.3,63.7,29.3,12.2,33.3,,14.8,,19.8,7.3,39.4,,8.1,,,23.6,74.2,18.4,14.1,40.6,13.9,3.4,,36.9,3.3,12.6,4.5
47167,TN,Tipton,11.5,31.4,14.2,42.1,76.5,8.0,11.3,7.0,77.9,86.4,18.1,62.6,8.9,19.0,57.5,28.7,14.2,37.0,,14.8,,23.6,7.6,39.2,,9.8,,,28.0,75.8,20.0,17.0,44.1,15.5,4.3,,41.1,3.8,16.6,5.6
47169,TN,Trousdale,14.3,26.6,17.5,35.9,70.7,6.5,10.6,6.0,73.5,81.7,19.9,61.0,8.2,20.8,54.4,29.2,11.7,36.5,,14.8,,23.1,7.0,35.5,,9.6,,,27.9,74.4,21.4,14.5,39.1,14.9,3.8,,39.7,3.2,18.9,5.3
47171,TN,Unicoi,13.1,36.7,13.0,45.2,79.5,10.3,11.1,9.7,78.9,86.6,19.2,62.5,12.2,21.4,51.6,29.9,16.5,41.6,,14.8,,27.1,10.6,43.5,,11.5,,,31.9,67.5,19.9,21.1,39.3,18.3,5.3,,39.3,4.8,15.5,6.9
47173,TN,Union,12.5,34.2,14.4,41.2,77.6,9.3,11.1,8.3,77.6,85.9,19.2,61.7,10.9,21.3,55.2,29.9,14.6,39.1,,14.8,,25.3,9.2,41.1,,10.7,,,29.5,71.0,20.4,18.7,40.3,17.2,4.6,,36.8,4.2,20.4,6.0
47175,TN,Van Buren,12.3,37.4,13.2,45.1,79.1,10.5,11.1,9.5,79.1,87.1,18.9,59.6,11.8,21.1,53.4,29.5,16.0,41.5,,14.8,,26.3,10.3,43.5,,11.0,,,31.0,69.3,19.8,20.6,39.2,17.9,5.0,,38.8,4.7,16.5,6.4
47177,TN,Warren,14.8,33.9,13.7,42.1,76.3,8.7,11.2,8.2,77.6,85.1,19.7,59.1,10.8,21.4,49.6,29.7,15.5,39.7,,14.8,,26.9,9.1,39.7,,11.1,,,31.8,71.2,20.7,19.1,42.3,17.6,4.9,,38.7,4.2,27.3,6.6
47179,TN,Washington,10.8,31.1,15.5,36.9,76.4,8.9,10.9,7.3,77.2,85.8,17.6,63.7,8.8,16.9,56.8,30.9,12.8,37.1,,14.8,,21.8,8.3,36.8,,9.5,,,25.4,72.3,19.7,16.0,35.5,15.2,3.9,,37.0,3.6,13.6,5.3
47181,TN,Wayne,14.0,34.5,14.3,42.7,77.1,9.1,11.0,8.9,77.1,84.7,20.2,58.5,11.8,23.1,49.8,29.0,15.4,41.1,,14.8,,27.7,9.7,41.4,,11.6,,,31.5,72.5,20.7,20.1,40.5,17.9,5.3,,41.8,4.6,17.1,6.8
47183,TN,Weakley,12.3,30.6,14.3,38.3,76.2,8.3,11.3,7.8,76.8,83.2,20.3,61.7,10.0,19.0,55.7,30.1,13.9,39.6,,14.8,,24.5,8.6,37.8,,11.3,,,28.9,73.6,21.5,17.6,39.1,16.0,4.5,,38.6,4.0,20.7,6.3
47185,TN,White,13.0,35.7,13.6,43.3,77.9,9.7,11.3,9.0,78.1,85.6,20.0,60.0,11.9,22.1,52.5,31.4,15.6,42.1,,14.8,,27.1,9.9,41.4,,11.6,,,32.1,68.3,20.7,20.5,39.7,18.1,5.1,,37.8,4.6,20.9,6.6
47187,TN,Williamson,6.9,27.2,14.9,35.0,76.3,8.9,9.8,5.1,78.7,90.1,11.8,66.5,5.2,10.4,72.1,24.7,10.0,25.5,,14.8,,14.2,6.0,38.1,,5.8,,,18.1,80.2,15.1,10.4,29.4,10.9,2.4,,33.6,2.5,3.8,3.1
47189,TN,Wilson,9.6,28.7,15.4,35.7,75.7,8.5,10.4,5.9,78.8,88.2,15.0,62.2,6.8,14.4,62.1,27.0,11.3,31.7,,14.8,,18.1,6.8,38.2,,7.5,,,21.8,75.6,17.7,13.4,31.2,13.1,3.1,,38.2,3.0,9.3,4.1
48001,TX,Anderson,19.1,24.8,17.9,38.6,74.3,6.8,9.9,6.9,72.7,82.9,16.9,55.2,7.8,17.4,50.7,22.0,13.9,35.7,,14.8,,25.0,7.4,36.0,,9.7,,,30.6,71.4,18.4,16.4,39.9,14.9,4.8,,41.8,3.9,16.2,6.5
48003,TX,Andrews,25.9,20.6,17.9,31.9,71.8,5.5,9.5,5.6,70.8,82.1,17.5,54.2,6.1,14.5,49.2,22.1,12.7,34.1,,14.8,,25.5,6.6,34.1,,9.1,,,31.1,71.6,18.2,14.9,36.7,14.6,4.4,,38.9,3.1,15.6,7.0
48005,TX,Angelina,18.8,28.3,15.7,41.3,77.1,7.5,11.0,7.9,75.1,84.4,17.6,57.4,8.8,17.1,48.0,24.3,14.9,40.2,,14.8,,28.5,8.3,40.9,,10.7,,,33.4,75.0,19.6,20.3,40.8,17.0,5.2,,41.6,4.2,17.6,7.1
48007,TX,Aransas,16.0,32.1,14.7,43.5,81.4,10.5,9.9,9.1,78.2,88.3,14.4,61.7,9.1,14.1,53.0,22.4,15.9,36.1,,14.8,,24.5,10.0,43.6,,9.2,,,30.2,71.5,15.7,19.0,36.0,15.7,4.8,,37.6,4.6,15.4,6.5
48009,TX,Archer,12.3,28.8,17.0,38.1,78.5,9.5,10.2,7.5,76.0,86.8,14.6,61.8,8.1,14.6,59.2,23.8,12.7,33.1,,14.8,,20.7,8.4,39.0,,8.5,,,26.5,73.8,17.2,15.8,34.9,14.3,3.9,,35.5,3.8,15.2,5.1
48011,TX,Armstrong,11.4,29.1,17.0,38.0,79.4,10.2,9.9,7.4,77.0,88.3,13.4,64.6,7.4,12.8,59.7,23.0,12.6,31.7,,14.8,,19.1,8.4,39.6,,7.7,,,24.9,70.2,16.2,15.0,33.3,13.7,3.5,,35.1,3.7,11.5,4.6
48013,TX,Atascosa,27.4,24.4,17.3,36.8,74.9,6.0,9.2,6.6,73.1,83.6,17.0,54.0,6.3,13.7,50.9,20.7,15.4,35.8,,14.8,,26.9,7.7,37.5,,9.3,,,35.0,71.4,17.0,17.0,42.2,15.3,4.9,,37.6,3.5,11.3,7.8
48015,TX,Austin,17.2,28.1,16.2,39.5,79.0,8.7,10.0,7.9,75.6,86.1,15.3,62.1,8.2,14.6,55.2,22.1,14.7,35.3,,14.8,,23.9,8.6,39.1,,9.3,,,30.1,69.8,16.8,17.4,37.3,15.1,4.6,,36.3,4.2,14.6,6.4
48017,TX,Bailey,30.2,23.8,15.8,35.6,75.4,6.3,9.5,7.2,72.4,82.7,18.2,56.5,7.1,14.4,52.9,21.2,15.5,38.3,,14.8,,29.0,8.2,37.5,,10.2,,,36.4,69.3,17.7,18.3,38.8,16.3,5.3,,36.7,3.8,14.7,8.5
48019,TX,Bandera,14.1,32.6,15.2,42.6,82.2,11.0,10.0,9.1,78.8,89.0,13.9,64.8,9.0,13.9,59.5,22.7,15.7,35.9,,14.8,,22.7,9.8,43.5,,8.8,,,29.7,72.6,15.5,18.8,35.5,15.5,4.6,,35.9,4.5,9.5,6.0
48021,TX,Bastrop,21.6,24.2,17.1,35.7,75.5,7.0,9.5,6.5,73.3,84.6,15.8,59.7,6.8,14.0,55.8,21.9,13.4,33.4,,14.8,,23.9,7.3,37.5,,8.8,,,31.3,69.6,17.0,15.7,40.2,14.4,4.4,,33.8,3.5,14.3,6.4
48023,TX,Baylor,15.3,30.3,15.7,41.3,79.3,9.7,10.3,8.9,75.8,85.6,16.4,64.4,9.7,16.2,59.3,23.9,14.9,37.8,,14.8,,25.0,9.9,40.2,,10.5,,,30.8,75.0,17.7,19.1,36.1,16.1,5.1,,36.2,4.6,13.4,6.8
48025,TX,Bee,27.7,20.0,18.8,34.2,70.5,5.0,8.7,5.9,70.1,80.7,17.4,51.1,5.7,14.8,45.0,19.6,13.9,35.6,,14.8,,26.6,7.0,34.2,,9.0,,,32.9,70.4,17.5,15.2,39.2,14.6,4.7,,41.4,3.2,18.9,7.5
48027,TX,Bell,16.2,23.0,15.4,33.2,72.3,5.9,10.7,5.4,75.6,83.7,16.6,59.9,5.9,13.3,55.9,24.7,12.6,34.0,,14.8,,22.2,6.0,31.4,,8.8,,,29.3,75.3,18.9,14.3,43.2,13.6,4.1,,42.4,3.2,14.6,5.8
48029,TX,Bexar,21.9,21.9,16.5,33.5,72.6,5.4,9.0,5.4,72.0,83.8,15.6,58.5,5.1,12.2,55.0,22.2,13.9,31.9,,14.8,,22.8,6.2,33.0,,8.2,,,30.6,73.0,16.7,14.3,34.1,13.9,4.1,,41.0,3.0,12.9,6.5
48031,TX,Blanco,11.9,29.7,15.9,38.7,80.9,10.6,9.6,7.4,78.2,89.5,12.3,65.6,7.2,11.5,60.3,21.5,13.1,30.4,,14.8,,18.8,8.2,41.0,,7.2,,,24.1,75.3,14.7,15.0,34.5,13.4,3.6,,34.8,3.7,10.8,4.6
48033,TX,Borden,11.4,29.8,15.8,39.6,80.6,10.7,9.6,7.9,78.2,89.4,12.9,65.3,7.4,12.4,67.6,21.7,13.2,32.0,,14.8,,19.8,8.9,41.1,,7.8,,,25.5,77.8,15.0,16.0,33.2,13.9,3.8,,32.7,3.9,9.1,5.0
48035,TX,Bosque,14.7,30.6,15.5,40.0,80.5,10.2,10.0,8.4,77.3,87.6,14.7,64.4,8.7,14.2,52.5,22.9,14.3,35.2,,14.8,,22.5,9.3,40.8,,9.0,,,28.2,72.6,16.5,17.6,35.9,15.2,4.4,,36.6,4.3,17.2,5.8
48037,TX,Bowie,14.1,27.1,16.1,38.9,77.4,7.7,10.8,7.1,75.1,84.9,16.3,60.3,8.1,16.0,52.2,23.6,13.8,34.5,,14.8,,23.3,7.5,36.2,,9.9,,,29.1,67.8,18.6,16.7,36.7,14.6,4.7,,41.9,4.1,17.7,6.2
48039,TX,Brazoria,16.2,21.3,16.9,34.6,75.2,6.2,9.4,5.1,76.0,86.4,13.5,60.4,5.1,11.6,57.7,19.9,12.0,27.4,,14.8,,19.8,5.5,34.3,,7.2,,,25.6,73.6,16.1,12.2,36.3,12.0,3.4,,42.1,2.9,8.8,4.9
48041,TX,Brazos,15.6,17.6,19.3,27.8,68.9,4.9,9.9,4.6,71.4,79.2,16.8,58.4,5.2,11.7,56.8,24.2,9.7,29.9,,14.8,,19.6,5.4,29.8,,8.7,,,24.2,72.3,19.5,11.2,29.4,11.8,3.4,,33.9,2.6,16.1,5.4
48043,TX,Brewster,15.8,24.7,16.6,35.0,78.3,8.4,8.9,6.6,76.1,87.7,12.4,63.6,5.5,9.7,60.9,20.1,12.8,29.7,,14.8,,19.1,7.5,37.8,,6.9,,,24.9,73.5,14.3,13.7,32.8,12.4,3.4,,34.3,3.3,8.1,5.1
48045,TX,Briscoe,20.5,31.8,14.5,43.4,80.2,9.5,10.3,9.9,76.5,85.9,17.2,54.7,10.4,16.8,43.1,22.8,17.5,40.5,,14.8,,29.0,10.8,41.6,,11.4,,,34.5,68.1,17.5,22.1,39.5,17.7,6.1,,39.7,5.2,24.3,8.4
48047,TX,Brooks,37.8,23.6,14.9,38.3,75.5,5.1,8.8,8.1,72.1,80.8,19.9,51.0,7.1,15.4,41.8,19.3,19.8,42.9,,14.8,,36.3,9.4,38.5,,11.9,,,42.8,64.1,17.5,22.5,42.6,18.4,7.2,,40.1,4.4,18.2,12.3
48049,TX,Brown,16.6,28.0,16.3,38.1,78.1,8.8,10.1,7.8,75.1,85.3,16.2,59.2,8.5,15.3,54.9,23.5,14.0,35.9,,14.8,,23.9,8.7,38.8,,9.6,,,30.1,71.5,17.7,17.2,34.9,15.5,4.6,,37.8,4.1,12.9,6.2
48051,TX,Burleson,15.9,27.8,15.9,39.3,78.8,8.7,10.1,7.4,76.1,86.8,14.8,60.0,7.8,14.1,54.0,22.1,14.0,33.5,,14.8,,22.4,8.0,39.1,,8.8,,,28.7,70.5,16.7,16.5,35.9,14.5,4.3,,36.9,4.0,14.9,5.8
48053,TX,Burnet,14.7,29.2,16.1,38.3,79.4,9.6,9.8,7.7,76.5,87.5,14.1,67.0,7.8,13.1,56.5,22.2,13.5,33.0,,14.8,,21.2,8.5,39.8,,8.3,,,26.8,72.9,16.1,16.1,35.3,14.3,4.0,,37.0,3.9,11.6,5.4
48055,TX,Caldwell,25.9,23.5,16.5,34.9,75.2,6.2,9.4,6.5,73.0,83.4,17.1,55.2,6.8,14.4,50.0,21.4,14.6,35.2,,14.8,,26.6,7.5,36.5,,9.5,,,33.3,68.8,17.5,16.7,42.2,15.3,4.8,,37.2,3.6,19.1,7.5
48057,TX,Calhoun,22.0,25.5,15.8,36.8,77.9,7.6,9.2,7.3,74.7,85.8,15.1,58.8,6.9,13.0,56.9,20.1,14.7,34.5,,14.8,,24.2,8.2,38.7,,8.6,,,31.3,72.4,16.1,16.7,34.8,14.8,4.4,,37.0,3.8,15.9,6.6
48059,TX,Callahan,12.5,28.9,16.7,38.5,78.8,9.5,10.2,7.6,76.4,87.0,14.7,64.6,8.2,14.7,56.7,23.9,13.2,33.2,,14.8,,21.1,8.4,39.9,,8.7,,,26.5,72.6,17.3,16.0,36.2,14.6,4.1,,35.7,3.9,14.1,5.2
48061,TX,Cameron,35.9,20.1,15.6,34.0,75.7,4.9,8.7,7.1,71.5,82.4,18.3,48.4,6.2,13.0,44.5,18.9,18.3,37.0,,14.8,,31.2,8.1,36.5,,11.1,,,36.9,72.5,16.5,18.7,40.3,16.2,6.4,,39.8,3.9,16.7,11.1
48063,TX,Camp,19.8,28.7,15.1,40.9,78.4,7.8,10.8,8.3,75.6,84.0,18.0,58.1,9.5,17.2,50.8,23.5,16.1,38.5,,14.8,,27.8,8.6,38.7,,11.3,,,33.8,69.6,18.9,19.8,40.0,16.7,5.7,,38.9,4.7,19.7,7.9
48065,TX,Carson,11.5,27.0,17.9,36.0,77.8,9.2,9.9,6.8,75.7,87.5,13.5,64.0,6.9,13.1,61.5,23.2,11.7,30.4,,14.8,,18.5,7.7,38.2,,7.5,,,24.2,73.6,16.6,13.9,34.0,13.2,3.4,,36.3,3.4,9.2,4.4
48067,TX,Cass,13.5,31.4,14.9,42.8,80.1,9.2,10.9,8.7,77.3,86.1,16.7,60.4,9.9,17.2,51.2,24.0,15.7,37.6,,14.8,,25.3,9.1,40.1,,10.7,,,30.8,70.6,18.6,19.6,39.3,16.3,5.3,,39.8,4.9,15.6,6.7
48069,TX,Castro,27.7,23.8,15.8,36.2,76.3,6.6,9.1,7.2,73.1,83.8,16.7,53.5,6.7,13.3,50.6,20.1,15.5,36.5,,14.8,,27.3,8.3,37.7,,9.4,,,34.2,69.3,16.6,17.6,38.2,15.5,4.9,,38.3,3.8,16.6,7.9
48071,TX,Chambers,15.9,21.9,19.2,32.1,72.7,6.4,10.0,5.2,72.2,84.7,15.0,58.9,5.7,13.4,57.1,23.4,10.8,30.0,,14.8,,19.6,5.9,33.5,,7.8,,,25.0,74.5,18.0,12.5,35.0,12.8,3.4,,39.6,2.9,12.4,4.8
48073,TX,Cherokee,19.1,27.5,16.2,38.7,77.0,7.8,10.5,7.8,75.0,83.9,17.5,56.8,8.9,16.9,49.0,23.6,14.7,37.5,,14.8,,26.2,8.3,37.6,,10.5,,,31.8,68.9,18.5,18.2,35.7,15.9,5.2,,39.5,4.3,20.6,7.0
48075,TX,Childress,21.6,22.8,18.8,34.0,72.5,6.7,9.5,6.3,71.2,81.3,17.0,57.6,6.9,14.7,47.9,21.9,12.0,34.7,,14.8,,23.4,7.4,34.6,,9.0,,,29.6,69.3,18.3,14.7,36.1,14.0,4.0,,40.4,3.4,22.8,6.1
48077,TX,Clay,11.3,30.2,16.5,39.3,79.8,10.1,10.1,7.9,76.9,87.6,14.3,64.4,8.3,14.2,60.6,23.6,13.2,33.2,,14.8,,20.6,8.8,40.4,,8.5,,,26.4,73.5,16.8,16.3,34.9,14.5,4.0,,34.6,4.0,11.2,5.1
48079,TX,Cochran,32.3,26.5,15.0,39.8,76.0,6.2,10.1,8.8,72.5,80.8,21.2,49.6,9.7,19.3,39.6,22.9,18.6,43.5,,14.8,,35.5,9.7,38.4,,13.3,,,41.7,68.6,19.6,22.9,42.6,19.2,7.5,,42.3,4.9,28.6,11.4
48081,TX,Coke,16.8,32.0,14.7,42.3,81.1,10.4,10.1,9.6,77.0,86.8,15.8,61.3,9.9,15.3,49.0,22.9,15.9,38.2,,14.8,,25.5,10.7,41.8,,10.3,,,31.7,68.6,16.9,20.1,36.3,16.4,5.1,,38.2,4.9,19.3,6.9
48083,TX,Coleman,14.5,31.7,15.2,41.9,80.8,10.1,10.2,9.0,77.4,87.2,15.4,62.7,9.4,15.5,55.0,23.3,15.4,36.5,,14.8,,24.0,9.6,41.7,,9.5,,,29.8,74.6,17.0,18.8,37.2,16.0,4.8,,36.8,4.6,17.8,6.2
48085,TX,Collin,10.1,18.9,17.4,30.4,74.3,6.3,8.9,4.3,75.0,87.7,11.1,59.2,4.1,9.3,67.2,20.0,9.5,23.1,,14.8,,14.8,4.8,35.1,,5.7,,,20.0,78.6,14.6,9.6,32.3,10.2,2.5,,34.9,2.3,6.9,3.6
48087,TX,Collingsworth,20.2,28.4,15.8,39.9,78.2,8.3,10.5,8.2,75.3,84.9,17.2,59.1,9.3,16.5,50.3,23.4,15.5,37.3,,14.8,,27.1,8.8,39.3,,10.5,,,32.0,69.7,18.0,19.1,39.3,16.5,5.4,,38.8,4.4,22.1,7.4
48089,TX,Colorado,17.7,28.6,15.2,40.0,79.9,9.0,9.8,7.9,76.6,87.0,14.8,61.1,7.9,13.6,53.9,21.1,14.9,34.9,,14.8,,23.5,8.6,39.6,,9.0,,,29.9,74.5,16.2,17.5,36.2,14.8,4.5,,36.2,4.2,17.1,6.2
48091,TX,Comal,12.9,24.3,18.2,34.3,77.2,8.3,9.4,5.8,77.3,88.5,11.9,63.7,5.6,10.5,61.8,20.3,11.2,25.5,,14.8,,17.1,6.6,33.6,,6.5,,,21.8,70.9,14.7,12.0,35.0,12.0,3.1,,34.8,3.0,12.7,4.2
48093,TX,Comanche,18.1,29.4,15.6,40.1,79.7,9.5,9.9,8.5,76.2,86.5,15.6,62.0,8.7,14.5,52.2,22.5,14.8,36.1,,14.8,,24.4,9.4,40.2,,9.4,,,30.5,68.8,16.8,18.2,36.7,15.7,4.7,,37.9,4.3,14.9,6.4
48095,TX,Concho,23.7,25.2,17.3,38.5,75.2,7.5,9.1,7.6,72.8,83.0,16.6,61.8,7.8,15.8,47.3,20.0,14.2,36.5,,14.8,,25.8,8.6,37.7,,9.3,,,32.0,69.0,16.9,17.0,37.1,15.1,4.7,,39.3,4.0,17.8,6.7
48097,TX,Cooke,15.2,27.4,16.9,37.4,77.8,8.7,10.2,7.2,75.1,85.8,15.4,62.2,7.9,14.5,56.2,23.7,13.0,33.7,,14.8,,22.1,8.1,38.0,,8.9,,,27.7,69.4,17.5,16.0,36.1,14.6,4.2,,37.7,3.8,14.5,5.6
48099,TX,Coryell,16.0,21.6,18.7,30.4,70.9,5.6,10.4,4.9,72.7,81.9,16.5,58.6,5.7,14.1,51.1,24.0,10.3,31.1,,14.8,,20.3,5.7,31.0,,8.6,,,26.8,73.1,19.6,12.3,37.3,12.8,3.5,,42.0,2.8,14.1,5.1
48101,TX,Cottle,19.7,32.8,13.7,45.1,81.3,9.3,10.5,10.2,77.6,86.3,17.3,61.3,11.0,17.6,46.7,22.6,18.8,40.7,,14.8,,30.1,10.5,42.4,,11.7,,,35.4,70.1,17.4,23.1,40.6,18.1,6.6,,40.1,5.5,13.5,8.7
48103,TX,Crane,30.5,21.8,16.7,34.3,73.9,5.4,9.1,6.4,71.5,82.2,17.9,55.5,6.3,14.3,48.2,20.4,15.0,36.7,,14.8,,28.6,7.4,36.0,,9.7,,,36.0,70.6,17.6,17.1,39.7,15.7,5.0,,39.1,3.5,16.1,8.3
48105,TX,Crockett,28.2,25.8,15.3,37.7,77.5,7.1,9.4,7.7,73.8,85.1,17.0,58.1,7.4,14.3,52.6,20.3,16.5,37.9,,14.8,,28.8,8.7,39.7,,9.6,,,35.3,70.3,16.5,19.2,37.7,16.6,5.3,,37.7,4.1,12.2,8.1
48107,TX,Crosby,27.2,27.2,15.1,39.5,77.8,7.2,9.7,8.4,74.3,83.6,18.1,56.7,8.6,15.9,46.8,21.6,17.1,40.0,,14.8,,30.3,9.2,39.2,,11.1,,,37.0,68.3,17.8,20.6,40.5,17.3,5.9,,39.2,4.5,22.2,9.0
48109,TX,Culberson,31.3,26.1,14.6,40.2,77.8,6.3,9.2,8.7,73.5,82.6,18.9,56.7,8.0,16.1,45.7,19.9,19.3,41.9,,14.8,,33.8,9.8,39.9,,11.4,,,40.8,70.6,17.2,22.4,40.3,18.1,6.6,,39.5,4.7,16.7,10.8
48111,TX,Dallam,27.4,22.8,17.2,35.1,73.1,5.7,9.6,6.7,71.2,80.6,18.9,53.5,7.4,16.9,48.9,22.3,14.7,37.5,,14.8,,28.6,7.6,35.8,,10.5,,,35.6,68.3,18.9,17.4,39.6,16.1,5.3,,39.8,3.6,15.8,8.3
48113,TX,Dallas,20.6,19.4,16.7,33.1,74.0,5.2,9.8,5.3,75.2,84.1,15.2,56.2,5.6,12.5,53.9,19.3,12.5,29.7,,14.8,,22.5,5.6,36.0,,8.4,,,30.5,73.9,17.1,13.8,35.7,12.6,4.2,,35.6,3.2,12.3,6.4
48115,TX,Dawson,29.9,22.5,17.3,36.0,72.6,5.7,9.4,7.0,70.5,79.5,19.4,51.7,7.6,17.1,42.3,21.1,15.3,38.9,,14.8,,30.2,8.0,36.1,,10.9,,,36.5,67.3,18.6,18.2,39.4,16.5,5.7,,40.5,3.9,22.9,8.9
48117,TX,Deaf Smith,34.7,22.6,15.9,35.5,74.0,5.4,9.4,7.1,71.4,80.5,19.8,50.6,7.2,15.7,40.2,20.9,16.4,39.7,,14.8,,32.3,8.1,36.9,,11.2,,,39.8,65.7,18.4,19.3,40.7,17.2,6.0,,41.5,3.9,21.4,10.0
48119,TX,Delta,13.4,29.0,16.5,39.1,78.5,9.1,10.6,7.8,75.8,86.0,15.9,62.4,8.7,15.9,59.0,24.4,13.7,35.2,,14.8,,22.7,8.5,38.9,,9.5,,,28.3,72.4,18.1,17.1,37.1,15.2,4.4,,36.2,4.1,11.4,5.7
48121,TX,Denton,11.2,20.9,17.8,29.5,72.4,6.4,9.3,4.3,74.2,86.7,12.0,58.8,4.3,9.8,64.9,20.8,9.9,25.0,,14.8,,15.7,5.0,35.8,,6.1,,,21.2,79.2,15.8,10.4,33.7,10.6,2.7,,35.8,2.4,8.0,3.8
48123,TX,DeWitt,21.2,27.9,15.7,40.2,78.4,8.1,9.8,8.2,75.3,85.2,16.5,57.0,8.6,16.0,52.0,21.5,16.0,37.5,,14.8,,26.9,8.9,39.0,,10.0,,,33.0,69.7,17.2,19.0,37.6,16.2,5.2,,37.9,4.4,13.1,7.4
48125,TX,Dickens,18.7,32.1,14.4,43.0,81.4,10.2,9.9,9.6,77.4,86.9,15.8,63.0,9.8,15.1,54.6,21.9,16.7,38.8,,14.8,,26.4,10.6,42.3,,10.3,,,32.5,72.9,16.4,20.7,37.5,16.7,5.3,,35.9,5.0,14.2,7.3
48127,TX,Dimmit,41.1,26.5,13.3,42.3,76.9,5.2,9.5,9.9,72.9,79.1,23.0,43.2,9.4,18.9,33.5,20.9,23.4,48.3,,14.8,,42.7,10.9,40.0,,15.1,,,49.5,62.2,19.2,27.2,46.8,21.4,9.6,,43.0,5.5,33.1,16.1
48129,TX,Donley,14.6,29.7,16.1,39.4,79.8,9.7,10.4,8.4,76.2,85.4,16.0,63.3,8.9,14.3,54.8,23.6,14.0,36.3,,14.8,,23.0,9.3,39.4,,9.7,,,28.8,73.8,17.7,17.9,34.2,15.3,4.5,,36.7,4.4,16.3,5.9
48131,TX,Duval,35.4,23.9,15.1,38.4,76.0,5.6,8.9,8.2,72.2,81.5,19.2,52.7,7.0,14.8,42.1,19.4,18.8,41.8,,14.8,,34.0,9.4,38.6,,11.2,,,41.1,71.8,17.4,21.4,41.2,17.8,6.5,,40.0,4.3,16.0,10.9
48133,TX,Eastland,15.9,29.2,16.1,38.7,78.7,9.1,10.3,8.2,75.2,84.9,16.5,60.3,9.1,15.6,52.6,24.1,14.1,36.7,,14.8,,24.2,9.1,39.2,,9.9,,,29.8,70.7,18.0,17.9,35.5,15.6,4.7,,37.9,4.3,21.5,6.3
48135,TX,Ector,28.0,19.7,18.2,30.5,71.1,4.9,9.3,5.3,69.0,81.6,17.5,53.1,5.5,14.2,48.0,21.2,12.8,33.4,,14.8,,25.9,6.2,33.2,,9.1,,,31.8,72.5,18.0,14.5,40.0,14.4,4.4,,37.8,3.0,14.6,7.1
48137,TX,Edwards,25.2,31.8,13.4,44.6,82.0,9.6,9.5,10.5,77.5,87.1,16.2,57.4,9.9,15.0,44.0,20.1,19.3,40.9,,14.8,,30.2,11.3,43.7,,10.5,,,36.4,67.3,15.5,22.8,38.2,17.8,6.1,,38.2,5.3,23.5,8.8
48139,TX,Ellis,15.6,23.0,17.4,34.2,74.0,6.6,10.1,5.3,74.1,85.6,14.6,62.4,5.6,12.6,59.1,22.6,11.6,30.1,,14.8,,20.1,5.9,35.9,,7.8,,,25.8,74.0,17.3,13.1,37.2,12.9,3.6,,40.8,3.0,10.9,5.0
48141,TX,El Paso,29.0,20.2,17.0,33.1,74.6,4.6,8.6,5.8,74.7,83.4,16.8,54.4,4.9,12.1,49.7,19.9,15.4,33.7,,14.8,,26.9,6.8,33.9,,9.0,,,33.4,72.4,17.5,15.9,34.0,15.0,5.0,,37.6,3.2,15.3,8.5
48143,TX,Erath,14.7,22.5,18.7,30.9,73.7,7.0,10.3,5.8,72.2,81.6,16.6,60.5,6.6,12.9,52.4,24.9,10.8,31.9,,14.8,,20.1,6.8,33.4,,8.8,,,25.1,67.1,19.3,13.2,33.4,13.1,3.6,,39.3,3.1,13.2,5.2
48145,TX,Falls,19.5,28.2,14.9,40.9,78.0,7.6,10.9,8.1,75.6,84.4,17.9,56.8,9.1,17.1,48.1,23.1,16.1,38.5,,14.8,,27.6,8.5,37.8,,11.3,,,33.8,70.8,19.1,19.6,40.0,16.4,5.7,,40.5,4.7,27.8,7.8
48147,TX,Fannin,15.3,27.2,17.4,37.5,76.7,8.2,10.4,7.4,74.3,84.4,16.5,60.7,8.5,16.6,54.5,24.5,13.2,35.4,,14.8,,23.1,8.1,38.1,,9.6,,,29.1,72.3,18.4,16.5,39.2,15.1,4.5,,38.7,3.9,12.3,5.9
48149,TX,Fayette,14.2,29.4,15.4,39.3,80.9,10.3,9.6,8.0,78.0,88.5,13.4,64.3,7.7,12.3,59.8,21.3,13.8,33.3,,14.8,,20.8,8.9,40.4,,8.1,,,26.5,73.0,15.4,16.5,33.9,14.2,3.9,,35.0,4.1,16.0,5.2
48151,TX,Fisher,15.7,29.1,15.8,40.0,79.8,9.4,9.7,8.0,76.9,87.8,14.2,63.3,7.6,13.4,53.1,21.6,14.5,34.3,,14.8,,22.3,8.9,39.9,,8.4,,,28.8,74.4,16.1,17.0,36.1,14.7,4.2,,36.7,4.1,12.7,5.8
48153,TX,Floyd,27.6,26.6,15.0,38.9,77.9,7.3,9.6,8.3,74.2,83.9,17.8,54.1,8.3,15.2,44.7,21.0,17.0,39.4,,14.8,,29.9,9.2,39.4,,10.7,,,36.5,68.2,17.3,20.3,39.1,17.0,5.8,,38.8,4.4,17.4,8.9
48155,TX,Foard,18.4,33.7,13.9,45.4,81.4,10.1,10.7,10.9,77.5,85.7,18.2,57.7,11.8,18.0,48.1,23.8,18.2,42.6,,14.8,,30.1,11.6,42.5,,12.6,,,35.6,67.6,18.4,23.8,40.1,18.7,6.6,,38.2,5.7,22.4,8.7
48157,TX,Fort Bend,12.6,19.5,15.1,31.8,76.1,5.5,9.0,4.6,75.3,87.9,11.4,57.3,4.2,9.8,61.7,17.5,12.0,23.5,,14.8,,17.0,4.8,35.2,,6.0,,,24.3,77.5,14.3,10.8,30.1,10.5,2.9,,37.3,2.7,10.0,4.3
48159,TX,Franklin,12.5,28.6,16.4,38.4,79.2,9.8,10.0,7.5,76.7,87.6,13.9,67.0,7.6,13.1,63.4,22.9,13.0,32.5,,14.8,,20.2,8.3,39.6,,8.2,,,25.5,75.1,16.3,15.5,35.3,13.9,3.9,,34.2,3.8,8.6,5.0
48161,TX,Freestone,16.1,28.7,16.4,41.0,78.6,8.6,10.3,7.9,76.1,85.9,15.9,62.7,8.6,16.0,52.2,22.7,14.7,35.5,,14.8,,24.1,8.5,38.6,,9.7,,,30.1,71.5,17.7,17.8,38.2,15.3,4.8,,38.9,4.4,17.1,6.3
48163,TX,Frio,37.0,19.5,17.1,33.1,70.5,4.4,8.6,6.2,68.5,78.0,19.7,51.0,5.9,15.0,41.5,19.5,15.3,39.3,,14.8,,31.8,7.5,35.0,,10.4,,,38.6,69.2,18.0,17.5,40.5,16.2,5.5,,41.6,3.4,19.0,9.7
48165,TX,Gaines,25.6,20.6,18.7,30.8,70.2,5.4,10.2,5.5,68.8,79.7,19.5,53.2,6.6,16.4,50.2,23.8,11.8,36.0,,14.8,,26.0,6.5,34.0,,9.9,,,31.8,69.0,20.1,15.0,36.1,15.2,4.3,,38.8,3.1,16.2,6.6
48167,TX,Galveston,15.0,24.1,17.9,35.7,76.1,7.3,9.8,5.9,74.8,86.6,13.8,61.7,6.0,12.3,60.7,21.7,12.3,29.6,,14.8,,19.6,6.4,35.7,,7.7,,,25.4,74.7,16.6,13.7,34.0,12.9,3.7,,36.8,3.3,10.9,5.1
48169,TX,Garza,30.9,22.6,17.5,35.5,72.8,5.8,9.3,6.9,70.3,80.4,19.0,47.6,7.5,16.9,43.4,20.9,14.9,38.3,,14.8,,29.7,7.9,36.4,,10.4,,,36.0,69.8,18.3,17.7,39.9,16.3,5.4,,41.1,3.8,18.5,8.4
48171,TX,Gillespie,13.7,30.9,14.8,40.3,81.9,11.4,9.4,8.3,78.7,89.4,12.6,65.6,7.7,11.1,60.3,21.0,13.6,32.9,,14.8,,20.0,9.4,41.9,,7.8,,,25.6,73.6,14.4,16.5,32.8,13.8,3.8,,33.2,4.1,12.6,5.0
48173,TX,Glasscock,15.4,22.3,18.9,32.4,74.6,7.5,9.1,5.5,73.9,86.7,12.9,60.7,5.2,10.8,62.6,21.2,10.9,28.3,,14.8,,17.9,6.5,35.4,,6.6,,,23.3,73.7,15.4,12.0,34.0,11.9,3.1,,34.8,2.8,8.1,4.4
48175,TX,Goliad,18.1,29.8,15.1,40.5,80.3,9.3,9.8,8.5,76.6,87.3,15.1,59.5,8.4,14.2,55.0,21.5,15.6,36.2,,14.8,,24.6,9.3,41.0,,9.2,,,30.4,71.1,16.2,18.6,37.0,15.6,4.8,,36.7,4.4,18.6,6.6
48177,TX,Gonzales,25.8,26.3,15.3,38.8,77.4,7.2,9.9,7.9,74.2,83.8,17.9,56.0,8.3,15.8,49.2,21.8,16.0,38.8,,14.8,,28.9,8.7,38.7,,10.6,,,35.8,70.6,17.9,19.4,39.4,16.6,5.5,,37.8,4.3,16.9,8.2
48179,TX,Gray,20.1,25.8,17.6,37.6,75.7,7.4,9.9,7.3,73.5,83.5,17.2,56.2,8.2,16.4,48.5,23.2,13.9,36.4,,14.8,,25.1,8.2,36.9,,9.8,,,31.6,67.2,18.4,17.0,38.5,15.4,4.8,,38.9,3.9,15.2,6.7
48181,TX,Grayson,13.7,26.5,16.9,36.1,76.5,8.3,10.3,6.7,75.2,85.7,15.2,61.8,7.4,14.4,54.4,24.3,12.5,32.7,,14.8,,20.8,7.5,38.1,,8.6,,,27.4,70.5,17.8,15.1,33.9,13.9,3.9,,40.7,3.6,16.9,5.2
48183,TX,Gregg,16.3,25.9,16.3,37.6,76.2,7.3,10.7,6.7,74.5,84.4,16.7,61.8,7.7,15.3,52.4,23.7,13.5,34.7,,14.8,,23.7,7.2,35.8,,9.9,,,29.1,69.1,18.8,16.5,36.8,14.7,4.6,,39.4,3.9,16.7,6.3
48185,TX,Grimes,18.5,26.9,16.5,38.7,77.1,7.8,10.1,7.5,74.7,84.7,16.3,58.8,8.1,15.7,51.7,22.6,14.4,35.4,,14.8,,24.7,8.0,38.0,,9.6,,,30.1,71.5,17.8,17.2,37.1,15.2,4.8,,39.3,4.1,14.4,6.5
48187,TX,Guadalupe,17.1,24.2,18.5,33.8,75.8,6.7,9.5,5.6,75.1,86.1,14.3,60.6,5.5,12.5,58.7,22.1,12.8,30.8,,14.8,,20.4,6.4,35.4,,7.4,,,25.9,72.2,16.4,13.4,34.7,12.9,3.6,,37.0,3.0,10.5,5.2
48189,TX,Hale,28.9,23.2,16.2,36.3,74.0,5.9,9.5,7.1,72.1,81.4,18.8,51.5,7.4,15.7,44.6,21.3,15.6,38.2,,14.8,,29.7,8.0,37.0,,10.6,,,36.1,67.1,18.3,18.3,38.9,16.3,5.6,,41.0,3.8,16.7,8.8
48191,TX,Hall,21.3,30.6,14.5,42.7,80.5,8.9,10.0,9.5,76.4,85.5,16.9,60.5,9.6,15.6,51.4,22.1,17.5,39.9,,14.8,,28.4,10.2,40.8,,10.9,,,34.4,67.2,17.3,21.4,39.1,17.1,5.9,,38.7,5.1,18.5,8.2
48193,TX,Hamilton,14.6,31.2,15.5,41.3,80.4,10.3,10.1,8.9,76.8,86.6,15.4,59.8,9.4,15.3,53.8,23.2,14.6,36.7,,14.8,,23.7,9.9,40.9,,9.7,,,30.0,74.0,17.0,18.7,36.1,15.7,4.7,,38.0,4.6,15.7,6.2
48195,TX,Hansford,23.4,23.9,16.9,34.6,75.5,7.0,9.6,6.7,73.1,83.6,16.7,59.4,7.0,13.6,56.0,22.0,13.6,34.8,,14.8,,25.2,7.7,36.8,,9.3,,,31.0,71.0,17.2,16.4,36.8,15.0,4.6,,35.5,3.6,15.8,7.0
48197,TX,Hardeman,17.5,29.9,15.5,40.5,79.4,9.2,10.3,8.6,76.0,85.8,16.4,59.6,9.1,15.8,53.7,23.1,15.2,37.3,,14.8,,25.2,9.4,39.9,,10.1,,,31.2,72.1,17.7,19.0,37.6,16.1,5.0,,36.7,4.5,13.4,6.7
48199,TX,Hardin,12.6,27.3,17.5,36.7,77.0,8.5,10.5,6.8,74.8,85.5,15.7,61.7,7.9,15.6,56.8,24.8,12.4,33.4,,14.8,,21.1,7.6,37.6,,9.0,,,26.8,70.3,18.5,15.5,34.0,14.5,4.0,,39.5,3.7,11.8,5.2
48201,TX,Harris,21.3,19.5,16.9,32.8,73.7,5.2,9.2,5.4,73.2,83.7,15.8,54.7,5.5,12.7,50.1,19.7,13.2,31.3,,14.8,,21.8,5.9,35.4,,8.4,,,26.8,73.4,16.5,14.0,37.3,12.9,4.3,,41.0,3.3,10.9,6.7
48203,TX,Harrison,14.4,27.1,16.2,38.6,77.6,7.7,10.7,7.1,76.0,85.1,16.3,62.1,7.9,15.2,54.7,23.5,13.8,34.6,,14.8,,23.3,7.4,36.4,,9.7,,,29.5,68.3,18.6,16.6,38.8,14.7,4.6,,37.8,4.1,15.6,6.1
48205,TX,Hartley,18.8,23.4,18.8,34.9,74.5,7.5,9.1,6.3,72.8,85.0,14.6,58.1,6.3,13.4,58.9,20.7,12.0,31.7,,14.8,,21.0,7.4,36.1,,7.8,,,26.8,73.6,16.3,13.9,34.5,13.3,3.7,,35.9,3.3,14.3,5.2
48207,TX,Haskell,20.2,28.2,16.2,39.3,77.8,8.5,10.0,8.2,74.6,84.2,17.0,59.2,9.0,16.3,49.7,22.9,14.9,37.1,,14.8,,26.0,9.0,39.4,,10.2,,,32.1,69.7,17.7,18.5,36.6,16.1,5.1,,37.8,4.3,17.1,7.0
48209,TX,Hays,16.6,19.6,18.8,29.0,71.7,5.9,9.3,4.7,71.6,84.2,14.4,60.7,4.8,10.8,58.6,21.9,10.2,27.6,,14.8,,18.3,5.5,32.3,,7.1,,,23.1,74.4,17.0,11.1,34.5,11.7,3.1,,35.1,2.5,9.1,4.7
48211,TX,Hemphill,16.4,25.1,17.4,34.1,77.2,8.6,9.4,6.3,75.0,87.0,13.7,60.9,6.2,11.7,57.7,21.5,11.6,30.8,,14.8,,19.3,7.4,37.4,,7.5,,,25.5,74.7,15.9,13.9,32.7,13.0,3.3,,36.4,3.3,12.2,4.8
48213,TX,Henderson,14.9,30.4,15.5,40.6,79.5,9.4,10.5,8.3,76.8,86.1,16.0,62.4,9.2,16.1,52.8,24.2,14.5,36.3,,14.8,,24.1,9.0,39.7,,9.8,,,30.1,69.5,17.9,18.2,35.4,15.8,4.8,,36.4,4.4,16.0,6.2
48215,TX,Hidalgo,37.4,20.2,16.7,33.4,73.8,4.4,8.7,6.5,71.6,80.2,19.7,54.1,5.9,13.3,39.2,20.2,17.4,39.4,,14.8,,33.7,7.9,35.3,,11.5,,,37.5,69.8,18.2,19.3,44.2,16.6,6.5,,40.4,3.6,16.5,11.3
48217,TX,Hill,16.6,28.5,16.2,38.8,78.4,8.7,10.3,7.8,75.5,85.7,16.0,62.1,8.4,15.3,52.2,23.5,14.2,35.8,,14.8,,23.8,8.5,38.9,,9.5,,,30.4,69.7,17.8,17.5,36.9,15.5,4.6,,40.7,4.1,17.1,6.2
48219,TX,Hockley,23.2,23.9,17.0,35.1,75.5,6.7,9.7,6.7,73.0,83.7,16.9,55.9,7.0,14.5,50.2,22.0,14.1,35.1,,14.8,,25.5,7.6,36.4,,9.5,,,32.0,68.8,17.8,16.6,36.1,15.2,4.7,,40.8,3.6,15.7,7.0
48221,TX,Hood,11.7,29.4,16.2,38.0,80.0,10.4,9.8,7.4,77.8,88.5,13.0,65.4,7.4,12.0,64.0,22.6,12.5,31.6,,14.8,,18.6,8.4,40.4,,7.6,,,24.7,70.2,15.5,15.0,33.2,13.4,3.5,,32.6,3.7,15.9,4.6
48223,TX,Hopkins,16.1,27.5,16.8,37.5,77.7,8.4,10.4,7.3,74.9,84.9,16.3,58.0,8.3,15.5,55.4,24.1,13.4,35.0,,14.8,,23.3,8.1,37.5,,9.6,,,29.6,71.6,18.2,16.8,37.5,15.1,4.5,,36.8,4.0,16.0,6.0
48225,TX,Houston,17.9,30.0,14.8,43.4,79.0,8.5,10.6,8.9,76.5,85.3,17.2,56.1,9.9,17.9,49.3,22.7,16.8,39.3,,14.8,,28.0,9.2,39.4,,11.1,,,33.7,73.5,18.2,20.6,38.2,16.6,5.8,,40.3,5.1,15.7,7.6
48227,TX,Howard,23.5,22.7,17.6,34.8,73.5,6.1,9.6,6.3,72.2,83.0,17.0,52.4,6.6,15.1,49.5,22.0,13.7,34.8,,14.8,,25.3,7.2,35.8,,9.2,,,32.1,69.9,18.0,15.9,38.4,14.9,4.6,,39.1,3.4,18.0,6.9
48229,TX,Hudspeth,38.6,18.0,18.5,33.0,66.6,3.8,8.9,6.0,67.3,75.4,21.6,42.7,6.6,18.7,33.6,20.5,14.3,39.6,,14.8,,33.2,7.2,32.7,,11.3,,,38.5,66.6,19.6,16.7,41.0,16.5,5.9,,41.9,3.3,27.3,10.0
48231,TX,Hunt,16.2,24.7,17.3,35.6,75.2,7.4,10.3,6.5,73.8,84.2,16.3,56.6,7.4,15.2,54.2,23.3,12.3,33.6,,14.8,,22.6,7.2,36.4,,9.2,,,28.0,69.1,18.5,15.2,36.7,14.4,4.1,,37.6,3.5,10.2,5.7
48233,TX,Hutchinson,16.7,26.2,17.4,36.0,76.7,8.1,10.1,7.0,74.5,85.2,15.8,60.9,7.5,14.8,56.9,23.4,12.9,33.8,,14.8,,22.3,7.9,37.5,,8.9,,,28.2,77.3,17.9,15.7,35.1,14.6,4.1,,37.1,3.7,15.2,5.7
48235,TX,Irion,14.5,28.1,16.7,37.7,78.5,9.2,9.7,7.3,76.1,87.6,14.0,63.2,7.2,12.8,58.9,22.5,13.4,32.8,,14.8,,20.9,8.3,39.2,,8.0,,,26.7,70.2,16.1,15.7,35.1,14.1,3.9,,36.5,3.7,7.6,5.3
48237,TX,Jack,18.0,26.7,17.7,37.5,75.6,8.0,10.2,7.6,73.2,82.9,17.5,55.8,8.8,17.5,52.4,24.0,13.4,36.4,,14.8,,24.8,8.5,37.8,,10.1,,,30.4,70.0,18.9,17.1,37.8,15.7,4.8,,37.8,4.0,19.8,6.4
48239,TX,Jackson,19.7,27.6,16.0,38.6,78.1,8.3,9.9,7.8,75.1,85.1,16.3,61.2,8.2,15.0,50.4,22.4,14.7,36.5,,14.8,,25.1,8.7,38.7,,9.7,,,31.7,70.1,17.5,17.9,37.7,15.5,4.7,,38.7,4.2,17.1,6.7
48241,TX,Jasper,15.0,31.2,15.0,43.2,79.7,8.9,11.1,9.0,76.2,84.7,17.8,57.1,10.7,18.9,49.0,24.5,16.3,38.9,,14.8,,27.2,9.4,40.5,,11.5,,,33.5,72.0,19.4,20.6,41.1,17.1,5.7,,40.5,5.0,23.0,7.3
48243,TX,Jeff Davis,17.5,38.6,11.4,50.1,85.4,12.5,9.8,12.3,81.9,91.1,14.0,62.9,11.6,14.4,53.9,21.0,21.2,40.7,,14.8,,28.6,12.9,47.4,,10.5,,,34.2,73.3,14.3,24.7,37.9,18.2,6.4,,35.6,6.1,21.5,8.4
48245,TX,Jefferson,18.9,25.8,15.4,39.8,76.7,6.3,10.7,7.0,75.4,84.1,16.9,57.8,7.8,16.1,49.7,21.1,15.6,36.4,,14.8,,26.4,7.0,35.8,,10.3,,,31.9,69.8,18.6,18.1,41.3,15.1,5.3,,40.6,4.3,18.6,7.3
48247,TX,Jim Hogg,40.6,26.1,13.3,41.6,77.4,5.5,9.1,9.9,73.2,80.3,21.4,47.6,8.9,17.2,40.1,19.7,22.8,46.8,,14.8,,40.8,10.9,40.2,,13.8,,,47.7,68.3,17.9,26.4,44.7,20.6,8.9,,39.5,5.3,28.4,14.9
48249,TX,Jim Wells,32.9,24.1,14.9,37.3,76.3,5.6,9.0,7.6,73.1,82.8,18.5,51.5,6.9,14.6,45.2,20.0,18.0,40.4,,14.8,,32.5,8.6,38.4,,10.7,,,40.2,68.4,17.2,20.5,40.6,17.2,6.1,,40.8,4.0,18.1,10.2
48251,TX,Johnson,16.3,24.0,18.3,33.8,74.5,7.1,10.2,5.9,72.8,84.7,15.6,57.6,6.6,14.4,52.6,23.2,11.9,31.3,,14.8,,21.2,6.6,35.6,,8.4,,,27.0,73.7,18.0,13.8,33.4,13.5,3.8,,40.7,3.2,15.2,5.2
48253,TX,Jones,22.3,23.1,18.8,36.2,72.2,6.4,9.5,6.6,71.3,81.1,17.6,54.1,7.5,17.1,45.4,21.4,13.0,35.7,,14.8,,25.3,7.5,35.2,,9.5,,,30.7,69.5,18.4,15.7,38.7,14.9,4.6,,41.5,3.6,15.1,6.6
48255,TX,Karnes,28.2,21.4,17.7,35.3,71.2,5.6,9.1,6.4,70.8,80.4,18.2,53.5,6.8,16.0,46.7,20.4,14.0,37.0,,14.8,,27.9,7.4,34.4,,9.9,,,34.1,68.5,18.0,16.5,38.9,15.3,5.0,,40.1,3.5,20.1,7.9
48257,TX,Kaufman,16.8,21.1,18.2,32.5,72.3,5.8,10.4,5.0,73.3,84.3,15.7,60.5,5.8,14.0,54.2,22.2,11.2,30.4,,14.8,,21.4,5.6,33.2,,8.4,,,27.3,74.1,18.3,13.0,38.0,13.1,3.8,,41.3,2.9,13.3,5.3
48259,TX,Kendall,11.5,25.9,17.2,34.9,78.0,9.2,9.3,6.1,77.0,89.1,11.4,64.1,5.5,10.0,66.6,20.4,11.1,26.3,,14.8,,16.4,7.0,37.9,,6.3,,,21.2,77.0,14.3,12.2,34.3,11.7,3.0,,31.9,3.1,8.4,4.1
48261,TX,Kenedy,35.1,25.0,14.7,38.2,77.1,6.0,9.3,8.3,72.8,83.5,18.9,45.2,7.2,15.1,29.8,19.3,18.5,41.7,,14.8,,33.9,9.4,40.6,,10.7,,,40.2,61.6,16.7,21.9,37.9,18.2,6.3,,41.6,4.4,35.2,10.1
48263,TX,Kent,12.0,30.3,15.8,38.9,80.7,11.0,9.6,7.7,78.2,89.6,12.8,66.6,7.2,11.5,60.6,21.6,12.9,32.8,,14.8,,19.3,9.0,40.6,,7.9,,,25.2,76.2,14.9,16.2,32.5,13.9,3.7,,34.7,4.0,7.5,4.9
48265,TX,Kerr,15.7,30.3,15.2,40.3,81.6,10.6,9.6,8.7,78.1,88.1,13.9,64.0,8.4,12.4,55.1,21.4,14.7,34.9,,14.8,,22.3,9.7,40.8,,8.7,,,28.0,70.3,15.4,17.9,34.4,14.8,4.3,,36.1,4.4,18.3,6.0
48267,TX,Kimble,16.9,33.4,14.0,43.8,82.0,10.9,10.0,9.9,78.1,87.5,15.4,63.9,10.1,14.8,53.4,22.5,16.6,38.4,,14.8,,25.9,10.9,43.3,,10.1,,,31.5,72.8,16.2,20.7,36.8,16.5,5.2,,35.1,5.0,12.6,7.0
48269,TX,King,16.1,33.3,14.8,45.0,80.8,10.6,10.3,10.4,77.5,87.4,16.3,54.9,10.8,17.5,44.3,22.8,16.8,39.7,,14.8,,27.1,11.4,42.5,,10.9,,,32.5,70.7,17.0,21.6,37.8,17.5,5.8,,39.1,5.3,26.7,7.4
48271,TX,Kinney,25.4,27.2,16.2,39.2,78.7,8.6,8.8,8.6,74.9,85.2,15.2,59.5,7.5,12.2,49.3,19.4,15.8,36.9,,14.8,,25.6,9.8,39.5,,9.1,,,32.0,70.0,15.4,18.2,36.8,15.2,4.8,,38.5,4.3,15.0,7.3
48273,TX,Kleberg,27.9,19.9,16.7,31.5,72.3,4.9,9.1,6.0,71.1,79.9,18.2,54.2,5.5,12.1,47.5,21.0,14.0,36.7,,14.8,,26.9,7.2,33.0,,9.8,,,33.9,68.2,18.0,15.7,37.1,14.5,4.8,,38.6,3.2,20.0,8.4
48275,TX,Knox,19.1,28.8,15.5,40.3,79.0,8.5,10.1,8.2,75.8,85.7,16.4,56.8,8.7,15.6,51.1,22.6,15.6,37.2,,14.8,,25.9,8.9,39.7,,10.1,,,32.4,68.3,17.5,18.9,37.8,16.1,5.1,,38.3,4.4,18.1,7.1
48277,TX,Lamar,14.2,28.8,16.1,39.9,77.9,8.5,11.0,7.8,75.5,84.9,17.0,61.8,9.1,16.7,52.4,24.6,14.3,36.7,,14.8,,24.3,8.4,37.9,,10.4,,,30.1,70.9,19.0,18.1,38.5,15.6,4.9,,38.6,4.3,16.2,6.4
48279,TX,Lamb,27.3,26.1,15.4,38.2,77.2,7.0,9.6,7.9,73.8,83.7,17.9,50.9,7.9,15.2,46.6,21.4,16.6,39.0,,14.8,,29.4,8.8,38.6,,10.5,,,35.9,71.1,17.6,19.6,40.0,16.8,5.6,,38.3,4.2,17.5,8.6
48281,TX,Lampasas,14.5,28.4,16.3,38.5,78.8,9.0,10.2,7.5,76.5,86.9,14.9,61.5,7.9,14.2,54.4,23.6,14.0,34.1,,14.8,,22.1,8.4,39.4,,8.7,,,27.8,74.5,17.3,16.2,35.1,14.7,4.3,,40.1,3.9,11.1,5.7
48283,TX,La Salle,39.7,20.6,17.3,33.6,71.4,4.9,8.7,6.9,68.2,76.6,20.8,46.9,6.8,15.3,38.0,19.5,15.5,41.3,,14.8,,33.1,8.3,35.2,,11.2,,,39.8,63.6,18.3,18.7,38.8,16.8,5.8,,40.6,3.8,22.5,10.2
48285,TX,Lavaca,15.4,30.3,15.7,40.6,80.3,9.8,10.1,8.4,77.0,87.0,15.2,60.9,8.7,14.4,55.7,22.8,14.6,36.1,,14.8,,23.4,9.2,40.6,,9.4,,,29.7,71.9,16.9,18.1,36.3,15.3,4.5,,35.7,4.4,9.7,6.1
48287,TX,Lee,18.6,28.8,15.6,40.6,78.8,8.4,10.3,8.1,75.7,85.3,16.7,58.8,9.0,16.4,52.6,22.9,15.4,37.1,,14.8,,25.9,8.7,39.6,,10.1,,,31.9,72.2,17.8,18.7,39.8,16.1,5.1,,39.6,4.4,21.5,6.9
48289,TX,Leon,15.7,31.2,15.2,41.6,80.4,9.7,10.4,8.8,76.9,86.5,15.9,61.7,9.5,15.9,50.4,23.2,15.3,36.8,,14.8,,24.6,9.4,40.7,,9.9,,,30.5,70.3,17.4,19.0,36.2,16.0,4.9,,36.9,4.6,12.1,6.4
48291,TX,Liberty,23.8,23.6,17.3,35.4,73.2,6.0,10.6,6.5,71.6,81.2,19.3,55.5,8.0,17.8,45.7,23.7,13.9,37.2,,14.8,,27.8,7.2,35.5,,10.9,,,34.5,70.6,20.1,17.1,40.1,16.2,5.2,,39.3,3.7,23.5,7.6
48293,TX,Limestone,18.1,29.5,15.4,41.9,79.0,8.4,10.5,8.4,76.4,85.2,16.9,56.4,9.3,16.6,46.7,22.8,16.1,37.9,,14.8,,26.5,8.8,39.0,,10.7,,,32.8,69.4,18.1,19.6,39.7,16.3,5.5,,39.5,4.7,18.9,7.3
48295,TX,Lipscomb,20.1,27.9,15.9,38.6,78.3,8.7,9.8,8.0,75.3,85.9,15.7,60.3,8.3,14.5,52.7,22.0,14.8,35.7,,14.8,,24.8,8.9,39.3,,9.4,,,30.6,71.9,16.7,17.8,36.7,15.5,4.8,,36.7,4.1,11.7,6.7
48297,TX,Live Oak,25.3,26.8,16.3,40.0,76.3,7.6,9.6,8.5,73.7,83.1,17.8,55.1,8.7,16.8,48.4,21.4,16.2,39.2,,14.8,,29.1,9.5,38.8,,10.6,,,35.0,68.2,17.8,19.6,39.7,16.8,5.7,,39.4,4.4,25.2,8.3
48299,TX,Llano,12.2,35.5,13.4,44.8,84.2,12.8,9.8,10.0,80.6,90.2,13.0,68.7,9.5,12.5,60.4,21.5,15.7,36.3,,14.8,,22.3,11.1,44.7,,8.8,,,28.1,74.5,14.5,19.4,35.8,15.3,4.4,,33.7,4.9,20.4,5.7
48303,TX,Lubbock,17.6,20.7,18.2,30.3,72.7,6.1,9.8,5.4,71.9,82.1,16.2,60.6,5.8,12.6,55.4,22.7,11.4,31.6,,14.8,,21.0,6.4,33.7,,8.6,,,27.6,76.0,18.2,13.1,35.4,13.1,3.7,,34.5,3.0,9.7,5.7
48305,TX,Lynn,21.9,25.7,16.5,37.5,76.1,7.2,9.9,7.5,73.8,83.7,17.2,55.8,8.0,15.9,45.9,22.9,15.2,36.5,,14.8,,26.9,8.4,37.9,,10.2,,,32.5,69.1,18.0,17.9,38.6,16.0,5.2,,38.7,4.0,17.4,7.6
48307,TX,McCulloch,19.0,29.7,15.3,40.4,79.8,9.2,10.0,8.6,76.2,86.1,16.0,60.5,8.9,15.1,51.0,22.7,15.5,37.1,,14.8,,25.5,9.5,40.6,,9.8,,,32.1,71.0,17.0,19.0,36.4,16.0,4.9,,37.6,4.4,14.5,6.9
48309,TX,McLennan,16.8,23.8,16.7,34.3,75.4,6.8,10.4,6.2,74.2,83.4,16.3,60.5,6.8,13.5,51.4,23.6,12.5,32.9,,14.8,,22.4,6.9,33.7,,9.3,,,27.9,73.6,18.4,14.9,34.8,13.9,4.2,,38.9,3.5,13.8,6.0
48311,TX,McMullen,22.3,29.3,15.0,42.1,79.6,8.5,9.5,9.5,75.7,85.0,16.8,53.4,9.1,15.9,45.4,21.3,17.8,39.6,,14.8,,28.7,10.5,40.7,,10.7,,,35.5,68.2,17.0,21.0,38.6,17.0,5.8,,39.6,4.9,24.1,8.5
48313,TX,Madison,21.3,23.7,17.6,36.1,73.2,6.5,10.1,6.7,72.2,81.2,18.0,58.2,7.6,16.2,49.2,22.0,13.1,36.2,,14.8,,25.3,7.4,35.2,,10.1,,,31.5,70.7,18.9,16.2,37.1,14.8,4.7,,39.8,3.8,21.2,6.8
48315,TX,Marion,13.6,34.3,13.7,46.8,82.3,10.0,11.0,10.1,78.9,87.3,16.6,64.3,11.2,17.7,51.7,23.1,18.1,39.8,,14.8,,27.5,10.2,42.5,,11.3,,,33.1,74.5,17.9,22.3,39.1,17.4,6.0,,38.0,5.6,14.8,7.5
48317,TX,Martin,21.8,21.6,18.1,32.3,73.0,6.1,9.6,5.5,71.8,83.7,16.3,56.5,6.0,14.0,50.6,22.2,12.1,32.6,,14.8,,22.7,6.5,34.8,,8.3,,,29.3,71.4,17.8,14.1,36.0,14.0,3.9,,38.9,3.0,12.7,5.8
48319,TX,Mason,14.4,31.5,14.4,41.2,82.2,11.4,9.4,8.8,78.9,89.5,12.9,66.0,8.1,11.5,59.5,20.9,14.4,34.0,,14.8,,21.4,9.9,42.5,,8.2,,,26.8,73.6,14.2,17.5,33.5,14.4,4.1,,33.5,4.3,12.0,5.5
48321,TX,Matagorda,22.6,27.1,15.4,39.6,78.2,7.4,9.9,7.9,75.0,84.7,16.9,59.5,8.3,15.3,47.5,22.0,16.4,37.4,,14.8,,27.6,8.5,38.7,,10.3,,,33.8,70.7,17.4,19.2,39.4,16.1,5.5,,40.3,4.3,20.0,7.9
48323,TX,Maverick,38.8,20.5,15.5,34.4,73.0,4.1,8.9,6.6,70.9,79.9,20.1,47.5,5.7,14.2,40.1,19.7,17.8,40.8,,14.8,,34.5,7.7,36.0,,11.1,,,41.7,67.4,18.0,19.7,43.9,17.4,6.4,,40.4,3.6,17.2,11.4
48325,TX,Medina,21.6,24.3,16.4,37.1,76.1,7.1,9.2,6.6,74.7,85.5,14.9,59.2,6.1,12.6,54.1,20.6,14.4,34.5,,14.8,,23.7,7.6,37.1,,8.2,,,30.5,75.0,16.0,16.1,39.5,14.3,4.2,,37.2,3.4,13.8,6.3
48327,TX,Menard,20.5,33.1,13.3,44.2,82.6,10.8,9.7,10.3,78.6,88.2,15.3,59.5,9.8,14.0,56.4,20.9,17.6,39.5,,14.8,,27.3,11.4,43.8,,10.2,,,33.3,70.3,15.3,21.8,36.5,17.0,5.5,,34.7,5.2,21.5,7.6
48329,TX,Midland,20.0,19.4,19.0,30.5,71.3,5.6,9.4,4.7,71.8,84.1,15.0,57.5,4.9,12.0,57.5,21.4,10.8,30.7,,14.8,,20.2,5.7,32.2,,7.4,,,26.6,77.0,17.2,12.1,35.9,12.4,3.4,,39.3,2.6,11.0,5.2
48331,TX,Milam,17.6,28.9,15.9,40.2,78.6,8.7,10.1,8.0,75.4,85.8,15.9,58.7,8.5,15.3,53.7,22.7,14.9,35.9,,14.8,,24.7,8.7,38.7,,9.7,,,31.1,69.9,17.3,18.1,37.1,15.5,4.8,,37.3,4.3,16.2,6.5
48333,TX,Mills,13.4,31.1,15.4,40.4,81.4,11.0,9.7,8.6,77.9,88.4,13.7,64.0,8.3,12.7,59.1,21.9,14.1,34.3,,14.8,,21.3,9.6,41.5,,8.4,,,26.9,74.1,15.5,17.2,33.0,14.6,4.1,,34.1,4.3,19.0,5.4
48335,TX,Mitchell,24.2,22.1,18.5,35.4,71.6,6.0,9.3,6.5,70.9,80.4,17.7,52.8,7.0,16.0,44.5,21.0,13.3,35.9,,14.8,,25.9,7.4,35.0,,9.6,,,31.8,68.3,18.3,15.7,38.4,14.8,4.7,,40.8,3.5,18.5,7.1
48337,TX,Montague,14.1,29.5,16.4,38.7,78.9,9.5,10.3,8.0,75.4,86.0,15.8,59.5,8.8,15.7,56.8,24.4,13.4,35.3,,14.8,,22.7,8.9,39.2,,9.4,,,28.4,71.1,17.9,17.1,35.0,15.3,4.4,,37.4,4.1,13.7,5.7
48339,TX,Montgomery,14.7,23.0,18.2,31.9,75.0,7.1,9.5,5.3,73.8,86.4,13.5,60.8,5.6,11.8,55.8,21.5,11.4,27.4,,14.8,,18.2,6.1,36.5,,7.2,,,23.5,79.4,16.4,12.1,31.8,12.2,3.3,,38.5,2.9,9.8,4.6
48341,TX,Moore,29.3,22.0,16.6,34.5,73.1,5.4,9.5,6.5,71.3,81.3,18.7,50.6,6.8,15.7,43.9,21.3,14.9,37.5,,14.8,,29.0,7.4,35.9,,10.2,,,35.9,70.9,18.4,17.3,39.0,16.0,5.2,,39.0,3.6,20.7,8.3
48343,TX,Morris,14.7,30.5,14.9,42.7,79.9,8.7,11.1,8.4,77.4,86.2,16.6,60.2,9.4,16.7,52.3,23.4,15.9,37.2,,14.8,,25.5,8.7,39.3,,10.6,,,31.6,71.7,18.5,19.5,39.0,16.1,5.3,,38.5,4.8,21.6,6.8
48345,TX,Motley,15.1,31.6,15.1,41.8,81.2,10.7,9.9,9.1,77.5,87.7,14.7,65.6,9.2,14.4,58.5,22.4,14.7,36.1,,14.8,,23.1,9.9,41.9,,9.1,,,28.8,73.6,16.2,18.2,35.2,15.4,4.4,,35.0,4.5,11.6,5.8
48347,TX,Nacogdoches,16.7,24.1,16.6,35.0,75.4,6.9,10.9,6.8,73.5,81.3,18.1,57.5,7.9,14.9,52.9,24.4,13.2,35.7,,14.8,,24.3,7.4,35.3,,10.6,,,29.8,73.5,19.8,16.2,33.2,14.7,4.8,,37.4,3.8,17.0,6.8
48349,TX,Navarro,20.8,26.8,16.0,38.4,76.9,7.3,10.6,7.6,74.6,83.5,17.9,58.4,8.6,16.6,50.6,23.3,15.3,37.3,,14.8,,26.7,8.1,37.8,,10.7,,,32.9,73.9,18.9,18.4,38.1,16.0,5.3,,39.8,4.2,15.6,7.4
48351,TX,Newton,16.2,34.1,14.1,46.2,80.8,9.1,11.5,10.5,76.9,84.0,19.8,55.7,13.0,22.2,43.4,25.0,18.6,43.4,,14.8,,31.3,10.6,41.5,,13.5,,,37.1,72.2,20.3,24.3,42.8,19.2,7.1,,43.5,6.0,20.9,8.9
48353,TX,Nolan,22.9,28.2,15.5,40.3,77.6,7.8,10.2,8.5,74.4,83.5,18.2,52.4,9.4,17.3,47.6,23.1,16.5,39.5,,14.8,,29.1,9.3,39.4,,11.3,,,35.8,69.4,18.6,20.3,40.5,17.3,5.9,,39.6,4.6,16.9,8.4
48355,TX,Nueces,24.6,22.0,18.0,36.2,75.7,6.1,9.3,6.5,74.2,84.5,15.9,57.0,6.0,13.1,48.3,20.0,15.8,35.5,,14.8,,26.7,7.5,37.3,,8.9,,,31.8,73.2,16.5,16.4,39.7,14.6,4.7,,39.5,3.5,14.0,7.4
48357,TX,Ochiltree,26.1,23.2,16.8,34.8,74.4,6.3,9.5,6.7,72.1,82.3,17.7,55.5,7.1,14.9,50.4,22.1,14.1,36.1,,14.8,,26.7,7.7,36.1,,9.8,,,33.4,70.7,18.0,16.7,39.2,15.5,4.9,,37.7,3.6,12.4,7.6
48359,TX,Oldham,15.0,26.5,17.3,36.3,76.3,7.9,10.2,6.8,74.7,85.8,15.6,57.9,7.6,15.3,55.7,24.3,13.3,33.4,,14.8,,22.5,7.7,37.5,,9.0,,,28.6,71.5,17.9,15.7,36.1,14.8,4.3,,37.2,3.6,16.3,5.8
48361,TX,Orange,13.4,26.2,17.6,36.6,76.2,7.9,10.6,6.7,74.4,84.8,16.1,61.9,7.7,15.7,55.6,25.0,12.4,33.3,,14.8,,21.7,7.4,36.3,,9.2,,,27.6,71.9,19.0,15.4,38.4,14.5,4.1,,41.3,3.6,16.4,5.4
48363,TX,Palo Pinto,16.7,29.0,16.2,38.6,78.7,8.9,10.4,8.0,74.9,85.0,16.6,58.8,9.1,16.3,53.2,24.0,14.4,36.0,,14.8,,24.7,8.9,39.2,,10.0,,,30.7,68.8,18.3,17.9,39.4,15.9,4.8,,38.6,4.2,17.4,6.4
48365,TX,Panola,13.9,28.2,16.4,39.3,78.1,8.6,10.7,7.5,76.2,85.9,15.9,61.9,8.4,15.6,52.8,23.5,13.8,35.1,,14.8,,22.9,8.0,38.6,,9.5,,,28.7,73.4,18.1,17.0,37.4,14.9,4.5,,40.0,4.2,14.5,5.8
48367,TX,Parker,12.1,25.8,19.3,34.0,75.6,8.3,10.1,5.9,75.0,86.7,13.8,65.7,6.4,12.9,62.5,24.0,10.7,28.8,,14.8,,18.2,6.8,36.3,,7.5,,,23.4,72.6,16.9,12.9,35.5,12.7,3.3,,37.8,3.1,13.2,4.3
48369,TX,Parmer,28.6,23.1,16.5,34.9,75.4,6.3,9.1,6.8,72.5,83.6,16.9,53.6,6.4,13.4,47.3,20.1,15.0,36.1,,14.8,,27.2,7.8,37.3,,9.2,,,33.8,73.1,16.7,17.2,37.0,15.5,4.9,,37.6,3.6,16.2,7.7
48371,TX,Pecos,31.1,21.9,16.8,36.2,73.3,5.1,8.8,6.9,71.0,81.4,18.1,52.4,6.5,15.8,46.3,19.6,16.5,37.7,,14.8,,30.6,7.9,35.9,,10.0,,,37.4,72.5,17.4,18.0,40.2,16.3,5.7,,40.3,3.7,15.5,9.2
48373,TX,Polk,17.3,29.4,16.5,40.7,77.7,8.2,10.7,8.1,74.8,84.6,17.5,60.5,9.8,18.9,50.9,24.8,15.4,37.5,,14.8,,26.5,8.4,39.7,,10.3,,,32.4,70.4,18.8,18.8,39.2,16.6,5.3,,39.2,4.3,13.2,6.8
48375,TX,Potter,23.8,25.1,16.2,37.6,74.8,6.4,10.1,7.2,72.8,81.9,18.9,54.5,8.2,17.3,44.2,23.0,15.3,39.0,,14.8,,28.6,8.0,37.2,,11.1,,,34.9,66.0,19.2,18.4,41.8,16.3,5.5,,41.1,4.1,14.7,8.2
48377,TX,Presidio,34.8,27.9,12.9,42.9,80.0,6.9,8.9,10.6,75.5,83.7,18.8,50.5,8.4,14.6,38.0,18.7,22.2,45.0,,14.8,,36.8,12.0,41.6,,12.4,,,43.7,62.9,16.2,25.6,41.0,19.2,7.8,,39.2,5.5,26.9,13.0
48379,TX,Rains,12.4,30.9,15.8,40.5,80.4,10.3,10.2,8.3,77.4,87.7,14.5,60.1,8.8,14.6,56.6,23.3,14.1,34.3,,14.8,,21.9,9.1,41.1,,8.8,,,27.5,73.5,16.6,17.2,35.8,15.0,4.3,,37.2,4.3,18.6,5.4
48381,TX,Randall,14.0,23.6,19.1,32.8,74.7,7.6,9.8,5.6,74.1,85.7,14.1,63.0,5.8,12.0,59.1,23.6,10.8,29.8,,14.8,,18.6,6.5,34.9,,7.4,,,23.5,76.4,17.2,12.6,35.1,12.5,3.2,,35.5,3.0,13.4,4.5
48383,TX,Reagan,27.0,21.4,17.2,34.3,73.9,5.4,8.7,5.9,72.2,84.0,15.8,54.3,5.5,13.1,52.2,19.6,14.5,33.8,,14.8,,25.3,6.8,35.6,,8.2,,,33.0,72.4,16.4,15.2,39.1,14.3,4.4,,39.7,3.2,11.7,7.1
48385,TX,Real,18.3,34.5,13.4,45.5,82.5,10.6,10.2,10.5,78.5,87.7,16.1,59.0,11.0,16.4,48.7,22.7,18.3,40.3,,14.8,,28.3,11.2,43.6,,10.9,,,34.6,70.0,16.6,22.6,38.1,17.8,5.9,,37.2,5.4,20.2,7.9
48387,TX,Red River,14.3,32.9,14.4,44.8,81.3,9.8,10.9,9.7,78.0,86.4,16.8,60.6,10.7,17.5,49.7,23.7,16.9,39.6,,14.8,,26.9,10.0,41.3,,11.2,,,32.5,70.7,18.2,21.3,38.5,17.0,5.7,,40.1,5.3,12.4,7.3
48389,TX,Reeves,37.3,21.0,16.0,35.6,72.7,4.5,8.7,7.0,70.1,79.9,19.7,48.8,6.2,15.6,41.6,19.6,17.6,40.3,,14.8,,33.8,8.2,36.4,,10.9,,,41.5,68.9,17.9,19.6,40.7,17.3,6.3,,40.9,3.8,18.0,10.8
48391,TX,Refugio,24.3,28.4,14.7,40.8,79.3,7.8,9.7,8.6,75.6,85.4,16.9,57.4,8.4,15.0,50.9,21.0,17.6,39.1,,14.8,,28.9,9.4,40.4,,10.4,,,35.9,72.2,17.0,20.6,39.7,16.9,5.7,,38.6,4.6,20.4,8.4
48393,TX,Roberts,11.0,27.6,17.6,36.3,78.5,9.8,9.7,6.9,76.1,88.1,13.1,64.9,6.7,12.4,58.7,22.8,11.6,30.4,,14.8,,17.8,8.0,38.5,,7.2,,,23.6,71.8,16.1,13.8,33.7,13.0,3.2,,35.7,3.5,12.1,4.2
48395,TX,Robertson,17.4,28.9,15.1,40.8,79.3,8.4,10.5,8.0,76.7,86.2,16.2,62.3,8.7,15.7,54.4,22.2,15.4,36.6,,14.8,,25.3,8.5,39.4,,10.0,,,31.5,74.6,17.6,18.7,37.9,15.7,5.1,,39.5,4.5,13.7,6.8
48397,TX,Rockwall,11.3,20.8,18.6,30.5,74.2,7.0,9.7,4.5,74.5,87.7,11.9,62.1,4.5,10.0,63.6,21.8,9.4,25.4,,14.8,,15.2,5.3,34.0,,6.0,,,20.4,76.5,15.5,10.1,35.1,10.7,2.6,,35.3,2.5,8.5,3.6
48399,TX,Runnels,19.3,27.6,16.0,38.2,78.5,8.5,9.7,7.8,75.2,85.9,15.6,58.6,7.8,14.3,54.0,21.9,14.7,35.2,,14.8,,24.2,8.8,39.0,,9.2,,,31.0,70.6,16.8,17.4,35.9,15.2,4.6,,38.2,4.1,15.3,6.5
48401,TX,Rusk,16.9,26.6,16.8,39.0,76.7,7.5,10.4,7.1,74.5,84.4,16.7,60.4,8.0,16.1,54.0,22.7,13.9,35.7,,14.8,,24.1,7.6,36.9,,9.7,,,29.8,75.2,18.4,16.9,37.5,15.0,4.7,,39.6,4.0,20.0,6.3
48403,TX,Sabine,12.5,35.2,13.8,45.9,82.7,11.4,10.6,10.4,79.0,88.2,15.5,63.3,11.1,16.2,51.4,23.1,16.6,39.1,,14.8,,25.3,11.0,43.3,,10.4,,,30.7,71.1,16.8,21.3,35.5,16.9,5.3,,36.6,5.4,20.3,6.6
48405,TX,San Augustine,17.5,36.1,12.7,49.7,82.5,9.8,11.5,11.9,78.4,85.2,19.7,60.4,14.1,21.8,46.3,24.3,20.9,45.5,,14.8,,33.7,11.8,43.2,,14.4,,,39.2,68.7,19.5,26.9,43.5,20.1,8.0,,39.5,6.8,25.9,10.1
48407,TX,San Jacinto,17.6,31.0,15.0,42.7,79.6,9.0,10.6,9.0,76.5,85.3,17.3,61.6,10.1,17.5,51.5,23.9,16.4,38.9,,14.8,,27.1,9.5,40.7,,10.9,,,32.4,71.9,18.4,20.3,39.0,17.0,5.5,,38.3,4.8,14.1,7.3
48409,TX,San Patricio,24.9,24.4,16.0,38.0,75.0,6.4,9.6,6.8,72.7,83.8,16.8,56.2,6.9,14.4,49.7,20.7,15.4,36.3,,14.8,,27.4,7.7,38.8,,9.5,,,34.6,71.6,17.5,17.2,41.3,15.6,4.9,,41.1,3.6,18.4,7.6
48411,TX,San Saba,20.7,27.3,16.8,38.2,77.2,8.6,9.6,8.2,74.0,83.4,16.6,61.5,8.6,14.9,51.8,21.9,14.2,37.0,,14.8,,25.1,9.2,38.8,,9.7,,,30.9,68.1,17.3,17.6,35.8,15.4,4.7,,37.9,4.2,14.3,6.7
48413,TX,Schleicher,22.5,25.9,15.7,37.1,78.1,7.9,9.1,7.4,75.2,86.6,14.9,58.9,6.7,12.3,50.5,20.2,14.8,34.6,,14.8,,24.4,8.5,39.0,,8.5,,,30.7,70.9,15.5,16.9,36.0,14.7,4.4,,38.1,3.8,13.1,6.6
48415,TX,Scurry,21.3,24.4,17.2,35.3,75.4,7.0,9.6,6.7,73.5,83.9,16.4,59.6,7.0,14.2,50.0,22.1,13.6,34.4,,14.8,,24.3,7.6,36.9,,9.1,,,31.0,68.9,17.5,16.0,38.1,14.7,4.4,,39.0,3.6,21.7,6.5
48417,TX,Shackelford,11.4,27.8,17.1,36.8,78.8,9.6,9.9,7.0,76.5,87.7,13.5,64.7,7.1,12.5,60.2,23.2,12.3,31.0,,14.8,,19.0,7.9,39.0,,7.7,,,24.1,76.1,16.2,14.5,33.8,13.4,3.6,,35.3,3.6,8.2,4.6
48419,TX,Shelby,18.9,29.4,15.0,42.0,78.5,7.9,11.0,8.5,75.8,83.8,18.4,57.9,10.1,18.5,46.8,23.9,16.4,39.1,,14.8,,28.8,8.9,39.5,,11.7,,,35.2,71.6,19.4,20.4,41.1,17.1,5.9,,39.5,4.8,19.5,7.9
48421,TX,Sherman,20.9,23.6,17.2,34.2,76.1,7.3,9.3,6.5,73.5,85.4,15.0,58.0,6.2,12.3,54.0,21.0,12.9,32.7,,14.8,,22.4,7.5,37.0,,8.1,,,28.5,71.6,16.2,14.9,35.4,13.9,4.0,,37.6,3.3,13.0,5.9
48423,TX,Smith,15.3,25.4,16.2,36.4,76.9,7.6,10.5,6.5,75.5,85.5,15.3,62.1,7.0,13.6,53.9,23.3,13.2,32.9,,14.8,,21.3,7.1,36.8,,8.9,,,27.0,71.4,17.7,15.4,37.5,13.7,4.1,,39.1,3.7,15.4,5.6
48425,TX,Somervell,13.4,27.3,17.2,36.6,78.0,9.0,9.9,6.9,75.8,87.4,14.0,63.9,7.1,13.4,63.5,23.1,12.3,31.2,,14.8,,19.8,7.8,38.5,,7.9,,,25.7,72.5,16.5,14.6,34.3,13.8,3.7,,33.9,3.5,10.2,4.8
48427,TX,Starr,43.5,22.4,14.5,36.6,72.7,4.1,9.3,7.6,70.3,77.7,23.1,43.9,7.2,16.9,36.8,21.2,20.0,45.5,,14.8,,40.3,8.8,37.2,,13.8,,,47.0,67.4,19.5,23.5,45.0,19.9,8.3,,42.2,4.2,23.6,14.6
48429,TX,Stephens,18.4,27.1,17.1,37.7,77.0,8.4,9.8,7.7,74.1,83.8,16.4,57.9,8.4,15.6,49.2,22.8,13.8,35.8,,14.8,,24.2,8.6,38.1,,9.5,,,29.9,65.9,17.7,17.1,36.3,15.3,4.6,,38.8,4.0,14.3,6.3
48431,TX,Sterling,15.6,22.0,19.1,31.1,74.4,7.1,9.2,5.1,73.3,86.7,13.2,61.8,4.9,11.2,58.8,21.4,10.5,27.9,,14.8,,17.6,6.1,35.3,,6.6,,,23.8,73.8,16.0,11.7,33.2,12.0,2.9,,37.1,2.7,11.2,4.3
48433,TX,Stonewall,17.2,32.1,14.4,42.7,81.4,10.4,10.0,9.4,77.6,87.2,15.7,59.8,9.6,15.0,53.2,22.1,15.8,38.6,,14.8,,25.4,10.5,41.7,,10.2,,,32.2,69.8,16.6,20.3,35.8,16.4,5.0,,36.9,4.9,21.3,6.8
48435,TX,Sutton,27.2,26.7,14.9,39.2,78.4,7.4,9.1,8.2,74.9,85.3,16.6,57.1,7.6,14.0,47.1,20.1,17.4,38.1,,14.8,,28.8,9.2,40.0,,9.7,,,35.8,67.5,16.3,19.7,38.3,16.6,5.4,,38.3,4.2,17.1,8.4
48437,TX,Swisher,26.5,25.7,15.8,39.3,75.5,6.7,9.8,8.2,73.1,81.0,19.1,52.5,8.9,17.6,46.7,21.9,16.6,40.3,,14.8,,30.6,9.1,37.4,,11.6,,,36.9,67.3,18.7,19.9,40.5,17.0,6.1,,40.0,4.4,20.7,9.3
48439,TX,Tarrant,16.8,21.5,16.6,31.4,72.7,6.0,10.1,5.1,72.6,84.9,14.8,58.9,5.4,12.7,57.0,22.7,11.7,30.1,,14.8,,20.8,5.6,32.8,,7.9,,,27.7,79.1,17.5,13.6,33.2,12.8,3.7,,39.5,3.0,13.7,5.3
48441,TX,Taylor,15.7,22.6,18.1,32.7,73.7,6.9,10.0,5.8,72.9,83.2,15.8,58.9,6.3,12.9,55.6,23.4,11.2,31.2,,14.8,,20.2,6.7,34.6,,8.6,,,26.1,71.5,18.4,13.4,34.3,13.0,3.6,,36.9,3.1,10.0,5.3
48443,TX,Terrell,16.8,27.5,14.7,39.6,81.6,9.6,8.4,7.8,78.4,90.2,11.4,64.2,5.6,9.2,62.4,17.9,15.0,31.5,,14.8,,20.0,9.0,41.4,,6.6,,,26.8,76.9,12.8,15.4,33.8,13.0,3.5,,34.3,3.7,7.7,5.3
48445,TX,Terry,29.2,25.1,15.9,37.6,75.3,6.4,9.7,7.6,72.5,81.6,19.2,53.8,8.2,16.7,43.1,21.9,16.4,39.9,,14.8,,30.8,8.6,37.9,,11.3,,,37.3,67.5,18.6,19.8,40.7,17.2,6.0,,41.2,4.2,22.6,9.2
48447,TX,Throckmorton,13.1,32.7,14.8,43.1,81.7,11.0,10.0,9.7,78.0,87.6,15.0,57.8,9.7,14.9,57.5,22.9,15.4,37.3,,14.8,,23.7,10.8,42.0,,9.8,,,30.0,70.9,16.5,19.5,35.5,15.9,4.8,,35.6,4.9,21.3,6.3
48449,TX,Titus,24.8,25.7,15.8,37.8,76.5,6.8,10.2,7.5,73.8,82.8,18.5,55.0,8.5,16.5,48.2,22.5,15.6,38.2,,14.8,,28.6,8.1,37.4,,11.0,,,35.1,68.4,18.7,18.9,38.6,16.5,5.6,,40.9,4.2,18.1,8.2
48451,TX,Tom Green,19.3,24.5,17.2,34.8,75.2,7.2,9.6,6.4,73.8,84.6,15.6,63.2,6.5,12.8,52.8,23.0,12.9,33.5,,14.8,,22.4,7.4,35.9,,8.6,,,29.0,76.0,17.4,15.0,36.8,13.9,4.0,,38.2,3.4,10.4,6.0
48453,TX,Travis,13.9,17.6,19.3,26.6,70.2,5.6,9.2,4.1,72.7,86.5,12.2,60.9,4.0,9.5,59.9,22.1,9.0,23.0,,14.8,,15.7,4.7,32.5,,6.2,,,19.9,76.3,15.9,9.6,30.4,10.3,2.7,,32.3,2.2,8.5,4.0
48455,TX,Trinity,14.5,33.2,14.5,43.9,81.5,10.2,10.7,9.5,77.8,87.1,16.2,62.8,10.5,16.8,54.3,23.7,16.4,38.2,,14.8,,25.7,10.0,41.7,,10.5,,,31.7,71.1,17.7,20.5,37.7,16.8,5.3,,37.2,5.0,19.4,6.8
48457,TX,Tyler,17.3,29.9,16.1,42.0,78.0,8.8,10.7,9.0,75.0,83.0,18.2,59.4,10.7,19.3,51.9,24.3,15.3,40.1,,14.8,,27.5,9.7,40.1,,11.5,,,33.1,69.2,19.3,20.0,38.7,16.9,5.6,,37.6,4.8,14.3,7.3
48459,TX,Upshur,14.1,29.0,16.5,38.8,78.2,8.6,10.8,7.7,75.2,85.2,16.8,60.5,9.0,16.6,50.1,24.9,13.9,35.8,,14.8,,23.7,8.4,38.7,,10.0,,,29.6,69.7,18.9,17.5,37.6,15.6,4.8,,38.5,4.2,12.6,6.1
48461,TX,Upton,27.2,25.4,15.8,37.9,76.5,6.5,9.8,7.7,72.9,82.6,18.6,52.6,8.0,16.6,45.8,21.9,16.6,39.5,,14.8,,30.1,8.7,37.6,,10.9,,,37.1,72.1,18.5,19.7,40.9,17.0,5.7,,39.6,4.2,16.8,8.9
48463,TX,Uvalde,28.5,23.2,15.8,35.5,75.6,6.2,9.1,7.0,73.0,82.9,17.4,52.6,6.6,13.1,48.1,20.6,15.7,37.2,,14.8,,28.1,8.1,36.5,,9.8,,,34.5,70.7,17.0,17.8,40.1,15.7,5.2,,38.3,3.7,19.3,8.6
48465,TX,Val Verde,32.3,20.5,16.6,33.0,73.2,4.9,8.8,6.4,70.7,81.0,18.1,49.7,5.6,13.0,46.1,19.5,15.6,37.2,,14.8,,29.5,7.6,35.3,,9.8,,,36.4,67.1,17.2,17.4,37.8,15.6,5.3,,38.5,3.4,14.1,9.2
48467,TX,Van Zandt,13.9,29.0,16.6,38.8,78.4,9.2,10.4,7.7,75.7,86.1,15.8,61.6,8.5,15.6,53.8,24.7,13.4,35.0,,14.8,,22.5,8.5,39.7,,9.3,,,28.7,73.2,18.1,16.9,36.0,15.2,4.3,,36.7,4.0,19.4,5.6
48469,TX,Victoria,22.5,24.4,16.6,35.4,76.4,7.0,9.6,6.8,73.6,84.6,16.3,60.1,6.9,13.9,51.1,21.6,14.5,34.9,,14.8,,25.0,7.7,36.3,,9.2,,,31.6,73.4,17.4,16.6,37.2,14.9,4.6,,38.5,3.7,19.0,6.9
48471,TX,Walker,18.1,22.4,17.9,36.2,73.0,6.0,10.2,6.4,72.6,80.8,17.9,54.8,7.3,16.2,48.2,22.8,13.3,34.9,,14.8,,24.3,6.9,34.2,,10.0,,,29.7,66.4,19.5,15.3,39.3,14.3,4.7,,42.2,3.6,20.9,6.7
48473,TX,Waller,17.6,19.7,17.0,31.2,70.6,5.3,10.3,5.0,73.4,82.0,16.8,60.4,5.4,12.2,54.9,21.6,11.1,32.1,,14.8,,21.4,5.6,32.0,,8.9,,,26.9,74.4,18.9,12.7,36.6,12.6,3.7,,38.2,2.9,12.8,5.8
48475,TX,Ward,26.0,23.0,17.1,34.8,74.1,6.0,9.4,6.4,72.4,83.0,17.3,54.8,6.4,14.5,47.9,21.3,14.4,35.8,,14.8,,26.5,7.4,36.2,,9.4,,,33.9,70.5,17.9,16.6,37.6,15.3,4.7,,39.8,3.5,20.0,7.4
48477,TX,Washington,13.2,27.6,16.0,38.5,79.3,9.0,10.0,7.2,77.3,87.0,14.0,65.6,7.1,12.1,57.1,21.7,13.2,32.7,,14.8,,20.5,7.8,38.3,,8.3,,,26.5,75.4,16.4,15.6,35.7,13.5,3.9,,36.8,3.8,12.0,5.3
48479,TX,Webb,36.2,18.8,16.2,31.6,72.1,4.1,8.7,5.8,70.8,80.8,18.8,46.4,5.0,12.7,48.5,19.1,16.1,38.5,,14.8,,31.4,7.0,33.9,,10.1,,,39.2,70.7,17.2,18.0,42.1,16.1,5.7,,37.5,3.2,14.4,10.1
48481,TX,Wharton,21.3,26.0,15.7,38.1,77.5,7.3,9.9,7.3,75.0,84.9,16.4,56.9,7.4,14.2,51.0,21.5,15.0,35.9,,14.8,,25.5,7.9,37.6,,9.6,,,32.1,72.4,17.3,17.6,40.0,15.2,4.9,,39.2,4.0,21.4,7.1
48483,TX,Wheeler,17.3,29.2,15.9,39.8,78.9,9.0,10.3,8.3,75.7,85.6,16.4,61.2,9.1,16.0,51.2,23.4,14.7,36.6,,14.8,,24.8,9.1,39.5,,10.0,,,30.8,68.2,17.8,18.4,37.2,15.9,4.9,,38.0,4.3,18.1,6.6
48485,TX,Wichita,15.9,23.8,17.9,34.8,74.4,7.0,10.3,6.2,73.9,83.0,16.4,58.8,7.1,14.6,53.7,23.9,12.1,33.4,,14.8,,22.0,7.0,34.5,,9.1,,,27.0,71.3,18.6,14.7,35.3,13.8,4.0,,38.6,3.4,13.2,5.7
48487,TX,Wilbarger,21.3,28.6,15.4,40.3,77.5,7.7,10.5,8.5,74.8,83.1,18.7,55.6,9.9,18.2,46.0,23.7,16.5,40.0,,14.8,,29.2,9.2,38.5,,11.8,,,35.8,66.7,19.2,20.6,39.6,17.3,6.1,,39.5,4.7,21.8,8.5
48489,TX,Willacy,40.8,22.3,15.4,36.5,73.1,4.6,8.9,7.7,70.1,78.0,21.4,49.0,7.2,16.4,41.0,19.5,18.8,43.4,,14.8,,37.1,8.9,36.4,,12.4,,,44.1,69.0,18.4,21.6,43.2,18.5,7.2,,41.0,4.2,17.2,12.6
48491,TX,Williamson,12.2,19.6,17.0,29.2,73.1,6.6,9.0,4.5,75.3,87.6,12.0,64.0,4.3,9.9,64.0,20.4,9.8,25.2,,14.8,,15.9,5.3,32.8,,6.1,,,22.5,77.5,15.5,10.1,32.6,10.5,2.6,,33.1,2.4,8.4,3.8
48493,TX,Wilson,17.5,24.8,18.0,34.2,76.8,7.5,9.4,6.3,75.4,86.7,14.0,59.4,6.1,12.4,54.7,20.9,13.1,31.2,,14.8,,21.4,7.1,37.8,,7.6,,,26.6,71.3,16.0,14.5,35.3,13.5,3.8,,37.7,3.3,10.0,5.5
48495,TX,Winkler,27.6,21.8,17.3,33.8,73.5,5.6,9.2,6.1,71.6,83.1,17.1,55.2,6.0,14.1,48.5,20.5,14.1,35.0,,14.8,,26.3,7.1,35.9,,8.9,,,33.2,73.9,17.4,15.9,37.6,15.0,4.6,,38.2,3.3,13.1,7.2
48497,TX,Wise,15.2,25.7,17.9,34.5,75.4,7.9,10.1,6.4,74.0,85.3,15.4,59.7,7.2,14.8,53.3,23.5,11.9,31.6,,14.8,,21.0,7.2,36.8,,8.4,,,26.6,68.5,17.9,14.5,34.1,14.1,3.8,,42.8,3.4,11.9,5.1
48499,TX,Wood,13.6,31.7,15.6,41.2,80.9,10.5,10.3,8.8,77.6,87.2,15.0,62.2,9.3,14.8,56.9,23.2,14.6,35.5,,14.8,,23.0,9.6,41.3,,9.4,,,28.6,75.1,16.7,18.2,34.3,15.5,4.5,,34.5,4.5,17.6,5.8
48501,TX,Yoakum,27.1,21.6,17.4,32.6,73.5,5.8,9.2,6.0,71.7,83.1,16.8,52.7,5.8,12.9,44.6,20.9,13.5,34.6,,14.8,,25.3,7.1,35.5,,8.8,,,32.1,66.9,17.3,15.4,37.6,14.6,4.4,,39.8,3.2,17.6,7.0
48503,TX,Young,15.2,28.2,16.9,38.1,78.2,9.0,10.0,7.5,75.5,86.0,15.2,61.2,8.1,14.5,53.5,23.4,13.4,33.6,,14.8,,22.1,8.4,38.9,,8.9,,,28.4,74.0,17.3,16.2,37.1,14.6,4.2,,37.8,3.9,13.9,5.6
48505,TX,Zapata,42.8,23.4,14.0,38.2,74.8,4.7,9.2,8.4,71.4,78.8,22.4,45.7,7.8,17.1,34.0,20.4,20.8,45.6,,14.8,,40.2,9.6,38.0,,13.7,,,47.1,65.3,18.8,24.3,43.7,20.0,8.4,,41.9,4.6,24.9,14.5
48507,TX,Zavala,42.4,24.8,13.7,40.6,75.6,4.7,9.4,9.0,72.2,78.8,22.8,46.3,8.4,18.0,38.6,20.8,22.6,47.3,,14.8,,41.9,10.0,38.9,,14.4,,,48.4,64.3,19.2,25.8,47.5,20.9,9.2,,41.5,4.9,26.5,15.6
49001,UT,Beaver,10.6,24.6,12.2,29.6,70.3,8.3,10.5,5.7,70.9,81.0,15.2,64.2,5.5,9.3,68.1,25.3,9.8,30.1,20.7,11.7,5.9,16.5,7.6,32.9,9.6,7.1,6.6,31.4,19.3,73.7,16.9,11.7,28.5,13.0,3.0,6.1,35.2,3.0,11.8,4.2
49003,UT,Box Elder,10.3,23.3,10.8,28.9,69.4,7.8,11.1,5.4,73.8,80.3,16.1,62.0,5.6,9.8,67.8,26.5,9.3,29.6,20.3,12.6,6.9,16.7,7.2,31.0,9.8,7.5,7.0,31.9,19.4,65.7,17.9,11.5,32.6,13.3,3.1,6.7,37.6,2.9,9.9,4.3
49005,UT,Cache,9.7,20.1,11.7,24.6,64.0,6.4,10.5,4.3,68.4,75.9,16.5,58.3,4.6,8.1,65.5,27.7,7.8,27.9,18.7,12.1,6.6,14.9,6.2,28.2,9.2,7.3,7.6,33.9,15.5,72.1,17.8,9.3,27.9,11.7,2.7,6.7,32.3,2.4,16.8,4.1
49007,UT,Carbon,11.8,30.3,10.9,33.6,73.6,9.1,11.5,7.4,73.5,80.5,17.5,63.1,7.7,11.9,60.9,28.5,12.8,36.1,21.0,16.2,9.6,20.4,9.4,32.5,11.8,9.3,8.4,31.7,21.9,73.2,17.8,15.4,35.0,15.9,4.3,8.3,34.6,3.9,18.5,5.9
49009,UT,Daggett,9.7,33.3,10.0,39.6,76.1,11.5,10.6,8.9,76.2,84.9,15.1,66.9,8.2,11.0,68.3,24.2,13.5,35.6,20.1,11.9,6.6,20.1,10.9,39.1,8.8,8.2,6.4,29.8,22.8,71.4,15.7,16.5,33.1,15.7,4.1,6.2,33.3,4.4,9.0,5.2
49011,UT,Davis,8.8,21.4,10.7,26.9,65.8,7.3,11.0,4.5,73.2,82.2,14.5,63.3,4.2,7.4,73.0,28.9,8.2,26.9,18.8,9.6,5.0,14.3,6.1,30.0,8.6,6.3,5.9,32.5,17.0,72.2,17.2,9.1,32.7,10.9,2.5,5.5,33.6,2.4,8.6,3.5
49013,UT,Duchesne,11.2,26.2,11.4,31.3,68.8,8.1,11.3,6.4,71.3,79.4,17.5,55.8,7.0,11.8,63.8,25.6,11.0,31.2,21.4,15.2,9.3,19.9,8.2,30.3,11.6,8.9,8.3,30.9,24.1,61.9,18.6,13.3,31.6,14.8,3.9,8.2,31.8,3.4,16.1,5.3
49015,UT,Emery,9.8,27.8,11.5,34.0,71.5,9.2,11.2,6.8,72.1,81.3,16.3,62.7,6.9,11.0,64.9,27.1,11.2,33.1,19.2,12.7,7.3,18.5,8.8,34.2,9.7,8.1,7.1,29.7,20.1,72.0,17.3,14.0,30.6,14.5,3.6,6.9,36.9,3.5,15.6,4.8
49017,UT,Garfield,9.0,29.5,10.8,34.7,74.4,10.6,10.6,7.3,75.7,84.1,14.2,66.2,6.6,9.3,67.6,24.7,11.6,31.7,18.6,11.1,6.2,17.6,9.3,36.6,8.5,7.5,6.2,30.1,19.5,68.3,15.4,14.0,28.6,13.9,3.5,6.0,34.8,3.7,14.6,4.6
49019,UT,Grand,10.1,28.7,11.6,33.3,73.1,9.5,10.8,6.9,72.5,83.2,15.1,63.4,6.6,10.2,64.9,25.3,11.2,32.1,18.5,13.0,7.7,18.5,8.8,33.7,10.0,7.9,7.2,30.2,20.1,63.0,16.4,13.7,28.3,14.0,3.7,7.2,35.9,3.6,9.5,5.1
49021,UT,Iron,10.0,23.7,11.7,27.6,67.6,7.5,11.0,5.6,71.4,77.5,17.0,59.0,5.8,9.9,67.0,27.5,9.4,31.5,20.2,13.8,8.0,17.5,7.4,31.6,10.6,8.2,8.0,32.9,18.3,68.3,18.4,12.0,35.3,13.4,3.3,7.3,31.9,3.0,15.7,4.7
49023,UT,Juab,9.7,23.3,12.9,28.5,67.7,7.7,11.0,5.3,69.2,78.9,16.5,60.2,5.7,10.3,70.0,26.4,9.0,29.9,21.1,12.7,6.9,16.8,7.1,31.5,10.0,7.7,7.0,31.0,18.6,71.6,18.3,11.4,32.6,13.1,3.1,6.8,34.9,2.8,11.1,4.2
49025,UT,Kane,8.4,30.8,10.5,35.6,75.6,10.9,10.8,7.3,75.3,84.5,14.2,66.8,6.9,9.3,68.2,25.0,11.8,32.2,18.5,10.8,6.1,17.6,9.2,37.3,8.1,7.5,6.0,29.6,19.5,74.1,15.5,14.2,33.3,14.0,3.5,5.8,33.6,3.7,15.8,4.6
49027,UT,Millard,11.7,26.3,10.5,33.8,72.8,9.3,10.7,7.1,74.0,81.0,16.8,57.8,7.0,10.8,62.5,25.4,11.8,34.8,20.1,14.2,8.1,20.1,9.0,33.9,10.8,8.6,7.6,31.1,23.3,68.5,17.1,14.6,34.1,14.9,3.8,7.3,30.9,3.6,17.2,5.3
49029,UT,Morgan,6.5,23.0,12.7,27.9,69.2,8.5,10.5,4.7,71.8,83.4,12.9,64.8,4.4,7.6,72.2,24.7,8.1,25.3,18.4,7.7,3.8,12.7,6.5,31.0,6.9,5.8,4.9,31.0,15.1,72.4,15.6,9.3,25.0,11.0,2.4,4.7,35.6,2.5,6.6,3.1
49031,UT,Piute,13.0,35.1,9.4,40.6,77.5,11.6,11.5,10.2,75.3,82.2,17.9,59.6,10.3,12.3,57.4,26.0,15.2,40.3,20.3,16.6,10.6,24.7,12.4,39.9,11.0,10.8,8.5,32.7,26.0,66.7,17.1,20.3,33.0,17.8,5.3,7.8,34.8,5.2,19.5,7.0
49033,UT,Rich,8.6,29.4,11.1,33.9,73.8,10.2,11.0,7.3,74.6,83.1,15.1,63.3,6.9,10.1,68.2,26.1,11.6,33.0,18.7,11.5,6.7,17.9,9.3,34.9,8.9,7.9,6.6,30.3,19.3,75.3,16.5,14.0,32.7,14.2,3.7,6.6,33.0,3.7,8.7,4.7
49035,UT,Salt Lake,11.6,21.2,15.5,27.5,65.8,7.0,11.0,4.4,69.2,81.6,14.8,65.3,4.4,8.2,68.1,27.8,8.5,28.0,22.7,13.9,6.3,16.1,6.1,30.7,11.1,6.6,7.1,35.8,18.6,74.0,17.5,10.6,29.9,12.5,2.7,6.9,35.2,2.5,8.3,4.1
49037,UT,San Juan,12.0,28.8,9.6,37.3,72.4,8.0,13.3,8.0,73.4,78.1,21.0,56.4,8.9,15.7,59.5,26.4,15.4,41.2,24.9,25.6,16.1,26.5,10.8,34.1,17.3,11.8,13.7,34.3,25.1,61.6,20.5,19.7,34.2,18.6,5.4,13.0,38.0,4.7,20.8,8.4
49039,UT,Sanpete,11.8,25.0,11.7,28.4,68.3,7.6,11.2,6.1,69.7,76.7,17.9,57.3,6.7,11.2,63.0,26.8,10.4,33.2,20.3,15.7,9.1,18.7,8.1,30.5,11.8,9.0,8.7,33.2,20.5,66.2,18.6,12.9,29.2,14.0,3.8,8.2,36.6,3.3,18.5,5.3
49041,UT,Sevier,9.6,28.1,11.4,32.9,71.6,9.0,11.1,6.4,73.2,81.3,15.9,61.5,6.6,10.4,64.5,27.5,10.5,32.2,21.4,12.3,6.9,18.2,8.3,34.7,9.4,8.0,6.9,32.7,21.0,73.6,17.6,13.2,36.4,14.4,3.4,6.6,35.8,3.3,19.5,4.6
49043,UT,Summit,7.3,24.6,13.9,27.7,72.1,9.2,10.1,5.0,75.4,85.8,11.4,67.0,4.3,6.6,75.1,22.7,8.7,23.3,16.7,7.6,3.6,12.5,6.5,32.3,6.6,5.3,4.6,27.5,14.3,76.6,13.6,9.3,19.8,10.6,2.4,4.4,25.5,2.5,7.8,3.2
49045,UT,Tooele,10.7,23.0,13.4,28.8,65.1,6.5,11.4,4.3,69.6,80.2,16.4,56.3,4.6,9.5,67.0,27.8,8.9,30.7,20.0,12.7,6.0,16.1,6.3,29.8,10.1,6.9,7.0,34.0,20.8,69.1,17.3,10.6,37.6,12.2,2.7,6.6,39.6,2.4,9.1,3.9
49047,UT,Uintah,11.3,26.4,12.7,30.7,68.8,7.7,11.5,5.8,69.3,77.6,17.8,55.5,6.5,12.6,60.4,27.2,10.5,34.6,22.0,15.8,9.1,19.3,7.9,32.4,11.9,8.8,8.4,33.2,21.3,63.5,18.7,13.5,35.5,14.3,3.6,8.4,37.3,3.2,16.1,5.1
49049,UT,Utah,9.6,17.1,9.1,23.0,59.6,6.0,9.9,3.7,68.4,77.4,15.0,61.9,3.6,6.4,75.9,26.4,6.9,25.2,19.1,10.6,5.4,12.6,5.3,27.0,9.2,6.4,6.7,35.5,14.2,69.4,17.1,7.9,29.7,10.7,2.3,6.1,31.3,2.0,8.0,3.5
49051,UT,Wasatch,8.4,23.0,12.0,27.1,71.2,8.5,10.0,5.0,73.9,84.2,12.6,67.4,4.5,7.3,76.0,22.4,8.4,24.4,16.4,8.6,4.4,13.4,6.5,31.4,7.7,5.9,5.2,26.6,16.8,73.0,14.5,9.8,24.3,11.4,2.6,5.1,28.2,2.6,10.5,3.5
49053,UT,Washington,10.0,28.3,9.9,34.2,73.1,10.1,10.7,6.9,72.5,82.7,14.5,64.6,6.2,8.0,71.8,25.4,10.7,33.3,18.0,11.2,6.0,17.4,9.4,35.0,8.4,7.6,6.3,30.2,16.9,73.2,15.6,13.4,33.1,13.8,3.3,6.1,33.1,3.5,10.6,4.7
49055,UT,Wayne,9.0,32.3,10.0,37.9,75.6,10.8,11.1,8.3,75.2,83.6,15.5,63.4,8.1,10.7,66.3,25.6,13.1,34.2,18.6,12.9,8.0,19.7,10.1,37.8,9.4,8.6,7.1,29.6,22.1,71.3,16.7,15.8,34.3,15.5,4.2,7.1,32.8,4.2,13.8,5.3
49057,UT,Weber,11.3,24.6,11.6,29.4,66.5,7.3,11.4,4.9,73.1,81.4,16.9,61.9,4.9,9.1,70.5,28.2,9.0,32.1,21.7,13.8,6.4,16.7,6.6,33.0,11.0,7.3,7.0,33.6,20.3,74.9,18.6,11.2,34.7,12.9,3.0,6.8,33.5,2.6,12.6,4.3
50001,VT,Addison,5.9,28.0,16.2,31.8,76.6,9.8,10.8,6.0,78.3,86.3,11.8,71.1,6.0,9.9,74.5,24.7,8.2,24.0,,14.8,,13.7,7.6,33.3,,6.4,,,17.9,78.0,15.1,10.2,27.3,11.8,2.9,,27.6,3.2,9.2,3.6
50003,VT,Bennington,6.1,31.5,15.5,35.6,77.7,11.0,11.5,7.3,77.7,86.9,12.4,70.1,7.3,11.9,69.1,29.2,10.0,29.3,,14.8,,15.8,8.6,33.6,,7.3,,,20.0,76.8,16.1,12.9,30.5,13.9,3.4,,31.6,3.7,11.2,4.3
50005,VT,Caledonia,6.6,30.3,16.9,34.9,76.5,10.0,11.3,7.1,76.9,85.5,13.9,64.6,7.8,13.7,62.2,26.7,10.1,29.3,,14.8,,17.2,8.5,34.9,,7.7,,,24.0,74.5,17.1,12.8,31.3,13.8,3.7,,34.5,3.7,14.2,4.6
50007,VT,Chittenden,5.3,22.2,18.1,25.2,73.5,8.6,10.9,4.8,75.4,84.5,12.1,69.8,4.9,8.5,70.9,27.0,6.6,22.3,,14.8,,11.4,6.0,28.1,,5.9,,,14.1,74.7,15.9,8.2,22.7,10.7,2.5,,25.6,2.6,6.7,3.3
50009,VT,Essex,8.1,34.7,14.5,39.9,80.8,11.5,11.6,9.5,78.2,86.2,15.1,67.1,10.4,16.3,63.1,26.2,12.5,34.6,,14.8,,21.7,10.9,38.0,,9.6,,,27.0,73.3,16.8,17.2,34.2,16.7,4.9,,30.6,4.9,19.0,6.0
50011,VT,Franklin,6.8,28.8,17.2,34.0,75.6,9.5,11.4,6.8,75.9,85.2,13.7,69.8,7.2,13.0,68.9,25.4,9.6,27.6,,14.8,,16.0,7.6,33.1,,7.5,,,21.5,73.6,17.0,12.2,36.9,13.5,3.4,,32.8,3.4,8.1,4.3
50013,VT,Grand Isle,5.5,31.0,16.0,35.5,77.1,10.8,10.9,6.7,77.3,88.1,11.4,73.0,6.6,11.3,70.2,25.1,9.7,25.1,,14.8,,14.3,7.9,34.0,,6.3,,,18.7,79.0,15.0,11.1,30.7,12.3,3.1,,28.8,3.4,6.4,3.8
50015,VT,Lamoille,6.1,28.6,18.1,29.4,75.8,9.3,11.3,6.0,73.1,86.0,12.7,66.8,6.2,11.9,66.3,27.5,8.3,28.0,,14.8,,14.8,7.4,29.7,,6.7,,,19.4,80.0,15.7,10.9,29.2,12.6,3.0,,29.9,3.1,8.3,3.8
50017,VT,Orange,6.1,31.3,15.2,34.3,78.4,10.6,11.2,6.9,76.6,86.9,12.1,66.4,7.1,12.1,71.7,26.2,9.7,26.4,,14.8,,16.2,8.1,34.6,,7.0,,,22.3,74.6,15.4,12.1,32.6,13.4,3.3,,27.3,3.6,10.6,4.1
50019,VT,Orleans,7.1,29.9,15.5,36.0,79.2,10.2,11.5,7.6,78.8,85.5,14.5,67.8,8.3,13.9,64.4,24.8,10.7,30.3,,14.8,,18.3,8.9,35.0,,8.1,,,23.5,77.3,17.0,13.7,33.2,14.7,3.9,,34.4,4.0,13.4,4.8
50021,VT,Rutland,6.6,31.9,15.9,36.5,79.3,10.7,11.8,7.5,78.0,86.2,13.3,67.0,7.9,12.9,66.3,25.3,10.3,30.8,,14.8,,16.8,9.0,33.7,,7.5,,,22.2,76.0,16.3,13.4,35.5,14.3,3.6,,29.6,3.8,11.4,4.5
50023,VT,Washington,5.8,28.2,16.2,30.3,77.5,10.1,10.7,6.1,74.8,86.2,11.9,67.2,6.3,11.5,69.1,27.6,8.9,26.0,,14.8,,13.8,7.7,33.4,,6.5,,,18.3,76.7,15.5,10.3,27.1,11.8,3.0,,25.2,3.2,12.8,3.8
50025,VT,Windham,6.3,29.8,15.4,32.5,78.8,10.7,10.8,7.1,75.4,86.8,12.4,70.9,7.5,12.2,67.8,26.1,9.8,28.8,,14.8,,16.3,8.7,33.7,,7.3,,,19.8,79.5,15.7,12.4,25.9,13.3,3.5,,27.6,3.7,12.6,4.4
50027,VT,Windsor,5.7,29.4,15.1,33.2,79.0,11.0,10.8,6.7,74.5,87.9,11.8,73.3,6.7,11.1,71.4,26.6,9.5,26.0,,14.8,,14.3,8.3,33.3,,6.6,,,19.6,77.0,14.8,11.2,28.8,12.2,3.2,,30.1,3.6,12.2,4.0
51001,VA,Accomack,12.0,35.6,11.6,47.4,82.3,9.8,11.6,9.7,82.1,87.8,16.8,67.1,10.6,16.5,58.9,21.7,18.2,39.2,22.6,19.0,17.9,26.5,9.4,44.4,14.3,11.0,9.8,34.0,33.4,75.4,16.9,21.3,40.0,16.8,5.6,9.6,35.6,5.3,23.8,7.2
51003,VA,Albemarle,6.4,25.5,15.0,32.2,78.0,9.2,10.0,5.7,79.7,88.5,11.6,72.5,5.2,9.0,73.7,20.9,10.2,27.1,18.2,8.2,6.0,14.0,6.5,37.3,7.3,6.1,5.2,32.1,19.4,81.1,14.3,11.2,28.2,11.1,2.6,4.6,31.6,2.9,5.7,3.5
51005,VA,Alleghany,8.8,35.5,13.6,42.5,81.1,10.7,11.0,9.2,80.6,87.6,16.3,66.1,9.9,16.6,63.3,24.5,15.1,38.0,20.8,13.1,11.7,22.3,9.7,42.6,9.8,9.9,7.3,33.6,28.4,76.9,17.5,19.0,39.0,16.4,4.5,6.7,34.6,4.6,12.3,5.7
51007,VA,Amelia,10.3,32.7,13.5,43.0,80.4,8.9,11.4,8.5,80.1,86.6,17.1,66.6,9.7,17.7,61.5,23.4,16.6,37.8,22.3,17.0,15.9,24.4,8.5,42.5,12.9,10.3,9.1,33.6,30.3,77.3,18.0,19.5,39.3,16.6,5.0,8.8,36.2,4.8,19.1,6.4
51009,VA,Amherst,9.1,31.9,13.6,41.2,79.9,9.3,11.3,8.1,80.0,87.2,16.0,70.6,8.7,15.6,64.1,23.3,15.1,35.7,21.9,14.7,13.1,21.8,8.2,39.7,11.6,9.6,8.2,32.2,29.0,77.3,17.5,17.6,39.3,15.4,4.4,7.8,36.2,4.4,13.0,5.7
51011,VA,Appomattox,9.0,32.0,13.9,41.4,79.8,9.2,11.2,8.1,80.1,87.1,16.1,66.9,8.7,15.8,61.1,23.5,14.8,35.6,21.6,14.9,13.5,21.7,8.3,41.9,11.8,9.5,8.2,33.2,28.3,76.3,17.5,17.4,38.9,15.4,4.4,8.1,37.3,4.3,13.8,5.7
51013,VA,Arlington,6.4,19.1,17.2,25.9,71.1,6.2,9.0,3.8,76.5,88.2,10.2,68.1,3.2,7.0,72.0,21.2,8.0,20.6,18.2,7.3,5.0,11.4,4.4,33.9,7.2,4.8,4.9,32.8,14.8,79.6,13.4,7.6,25.3,8.8,1.9,4.4,28.3,1.9,5.0,2.8
51015,VA,Augusta,8.6,31.1,14.1,38.1,78.8,9.9,10.4,7.6,80.0,87.4,15.2,67.5,8.1,14.5,65.8,24.7,13.2,34.7,20.8,11.5,9.5,19.6,8.3,40.3,9.3,8.4,6.6,32.7,25.7,73.3,16.9,15.9,40.8,14.7,3.7,6.0,35.4,3.8,14.4,4.8
51017,VA,Bath,10.4,38.5,12.2,47.3,82.6,11.5,11.2,11.6,81.2,87.3,17.8,65.4,12.9,19.3,60.1,24.8,18.4,42.3,20.6,16.8,16.6,27.4,11.8,45.6,11.4,11.9,8.8,32.1,33.1,72.6,17.7,23.4,38.8,19.1,6.0,8.2,36.5,5.8,22.0,7.4
51019,VA,Bedford,7.2,31.5,14.3,37.8,79.9,10.3,10.5,7.7,79.7,88.8,13.6,67.4,7.6,13.2,70.1,23.3,13.5,32.6,19.3,10.3,8.4,18.5,8.2,41.4,8.4,7.8,6.0,30.2,26.5,74.4,15.9,15.3,36.9,14.1,3.6,5.6,34.4,3.8,8.9,4.5
51021,VA,Bland,9.0,32.6,14.8,40.0,79.2,10.1,10.4,8.3,79.1,87.2,15.4,65.6,8.8,16.0,66.3,23.6,13.8,35.2,21.0,11.9,10.1,20.6,9.0,41.5,9.5,8.8,6.8,32.4,26.5,74.5,16.8,16.8,36.5,15.4,4.0,6.4,34.9,4.1,18.7,5.0
51023,VA,Botetourt,7.2,31.5,14.6,39.4,80.4,10.6,10.4,7.6,80.6,89.1,13.7,70.8,7.6,13.0,68.7,23.6,13.0,32.3,19.4,9.4,7.6,17.9,8.2,41.3,7.8,7.7,5.6,29.8,24.0,75.7,15.7,15.1,35.1,14.1,3.4,5.1,33.8,3.7,8.7,4.3
51025,VA,Brunswick,12.3,32.1,12.0,45.6,79.7,7.6,11.7,8.6,80.9,85.9,18.0,66.2,9.6,17.9,56.3,20.8,18.2,40.4,27.2,24.0,22.9,27.3,7.8,40.7,18.5,11.5,12.4,37.2,33.9,77.6,18.2,21.3,43.4,16.6,6.0,12.8,44.5,5.4,23.0,7.8
51027,VA,Buchanan,11.7,36.4,13.0,44.2,80.3,10.2,11.6,10.6,79.7,84.9,19.8,61.1,13.0,21.6,53.1,26.6,17.4,43.6,22.4,19.7,19.3,28.8,11.0,43.6,13.1,12.6,10.0,34.3,34.4,70.7,19.6,22.8,38.9,19.4,6.1,9.4,38.2,5.4,19.5,7.7
51029,VA,Buckingham,11.2,31.1,13.6,43.6,78.8,8.0,11.3,8.3,79.7,85.9,17.4,65.9,9.3,18.4,57.3,22.8,16.6,38.6,25.1,19.6,17.9,25.3,8.0,41.3,15.3,10.5,10.3,36.0,30.9,77.0,18.1,19.4,43.6,16.4,5.2,10.4,40.6,4.8,23.3,6.6
51031,VA,Campbell,8.7,30.9,14.2,39.3,79.5,9.2,11.1,7.8,80.1,87.3,15.6,68.5,8.4,15.3,63.4,23.1,14.2,34.3,20.7,13.9,12.4,20.7,8.1,40.7,11.1,9.2,7.8,32.1,27.0,73.8,17.2,16.8,35.6,14.9,4.2,7.5,34.6,4.1,13.8,5.4
51033,VA,Caroline,10.1,28.8,14.5,39.4,77.7,7.6,11.1,6.7,79.1,86.9,15.8,67.4,7.4,15.2,64.0,22.8,14.0,33.1,23.7,15.9,13.7,21.1,6.7,39.0,13.2,8.9,8.6,35.1,27.9,77.7,17.4,15.8,41.9,14.4,4.1,8.6,38.8,3.9,16.0,5.4
51035,VA,Carroll,10.0,36.3,13.1,43.4,81.1,11.0,11.1,9.9,80.5,87.2,17.1,66.5,11.1,17.9,61.1,25.8,15.9,38.8,20.6,14.6,13.6,24.4,10.3,44.7,10.6,10.6,8.0,32.9,30.5,75.2,17.8,20.3,41.4,17.7,5.0,7.2,38.1,4.9,15.1,6.3
51036,VA,Charles City,9.5,35.9,11.5,47.7,83.2,8.8,11.8,9.1,83.0,89.1,16.1,69.7,9.5,16.6,62.1,21.0,19.4,39.5,25.4,19.1,16.9,25.4,8.5,42.7,14.5,10.5,9.9,35.1,31.9,76.6,16.8,21.8,42.1,16.8,5.6,9.9,39.1,5.6,16.4,7.1
51037,VA,Charlotte,11.2,35.7,12.1,45.2,81.3,9.2,11.9,9.9,81.4,86.4,18.5,66.4,11.5,19.2,57.1,24.0,18.6,41.5,23.6,21.2,21.1,28.1,9.5,42.9,15.2,12.3,11.0,34.1,33.5,73.7,18.6,22.6,42.6,18.4,6.4,10.9,40.5,5.6,19.4,7.9
51041,VA,Chesterfield,8.2,27.1,13.8,36.5,77.2,7.6,10.6,5.6,79.3,88.6,13.3,68.1,5.6,11.5,71.0,21.2,12.4,28.0,22.2,12.0,9.5,16.8,5.9,39.1,10.8,7.1,6.9,32.9,22.6,81.8,16.1,12.5,36.4,12.4,3.2,7.0,33.8,3.1,9.7,4.2
51043,VA,Clarke,7.4,30.3,14.7,37.1,80.0,10.4,10.1,7.1,80.6,89.6,12.9,71.0,6.8,11.7,70.7,23.3,12.2,30.8,19.3,9.0,6.8,16.9,7.7,41.6,7.6,7.1,5.4,31.1,22.9,78.3,14.9,14.2,32.8,13.3,3.2,4.8,34.7,3.5,7.2,4.1
51045,VA,Craig,8.4,34.3,14.0,40.7,80.7,10.9,10.7,8.7,80.1,88.0,15.5,67.4,9.4,15.6,63.2,24.2,14.3,36.1,20.1,11.4,9.6,21.2,9.4,42.6,8.7,9.1,6.5,31.8,26.6,76.2,16.7,17.6,36.5,16.0,4.1,5.7,36.2,4.3,20.1,5.1
51047,VA,Culpeper,10.4,28.2,15.1,37.4,77.1,8.3,10.6,6.6,78.6,87.2,15.1,65.0,7.0,13.7,64.7,22.5,12.8,31.5,22.0,13.5,10.7,19.6,7.0,39.4,11.5,8.2,7.5,33.2,25.9,75.1,16.7,14.6,38.5,13.9,3.7,7.1,37.9,3.5,11.5,4.9
51049,VA,Cumberland,9.2,32.7,12.7,43.2,81.3,9.1,11.4,8.4,80.7,88.1,15.9,68.2,8.8,15.4,64.4,22.7,16.1,36.5,23.0,16.0,14.3,22.8,8.2,40.8,12.6,9.7,8.6,33.4,28.6,79.3,17.2,18.6,39.5,15.6,4.7,8.5,37.5,4.7,16.1,6.0
51051,VA,Dickenson,11.1,36.9,13.3,44.3,80.6,10.5,11.3,10.6,79.4,85.3,19.2,63.5,12.6,20.6,59.1,26.4,16.9,42.3,21.8,17.4,17.3,27.4,11.2,43.0,12.0,12.2,9.2,34.1,34.0,69.3,19.3,22.1,39.1,19.1,5.8,8.6,37.2,5.3,16.6,7.2
51053,VA,Dinwiddie,8.7,30.2,14.0,40.8,79.0,8.2,11.3,7.0,80.6,88.0,15.3,67.9,7.4,14.6,61.6,22.7,14.7,33.4,23.6,14.9,12.7,20.7,6.8,39.3,12.7,8.7,8.1,36.0,27.9,75.3,17.4,16.2,40.7,14.5,4.1,8.3,38.8,4.1,15.4,5.2
51057,VA,Essex,10.3,34.5,11.8,45.9,81.7,9.0,11.8,8.9,82.3,88.0,16.8,66.9,9.8,16.9,57.2,22.8,18.0,38.4,24.2,19.6,18.2,25.6,8.4,42.8,14.9,10.7,10.1,34.6,31.2,76.0,17.7,20.8,42.6,16.9,5.5,10.4,40.6,5.2,19.8,7.0
51059,VA,Fairfax,7.4,21.4,13.9,29.6,76.2,7.1,9.1,5.0,77.8,89.5,10.7,66.2,4.1,8.1,74.5,18.4,10.7,22.9,21.3,9.2,6.0,13.8,5.3,37.8,7.9,5.4,5.3,32.5,19.4,81.4,12.2,9.7,24.0,10.3,2.4,4.8,34.1,2.5,7.4,3.5
51061,VA,Fauquier,8.1,27.8,15.9,34.0,77.8,8.9,10.1,6.2,79.3,88.6,13.1,72.3,6.0,11.5,72.0,22.1,11.6,29.2,19.4,9.9,7.5,16.6,6.7,39.3,8.7,6.9,5.9,31.1,21.2,79.4,15.3,12.8,32.7,12.6,3.1,5.4,31.7,3.1,12.2,4.0
51063,VA,Floyd,8.0,33.3,14.1,39.4,80.4,10.6,10.6,8.3,80.1,88.2,14.9,68.7,8.6,15.0,67.8,23.7,13.5,33.7,19.3,10.9,9.4,19.6,8.8,42.0,8.7,8.6,6.4,31.5,26.2,73.9,16.3,16.6,32.7,15.1,3.9,5.7,34.0,4.1,15.1,4.9
51065,VA,Fluvanna,7.3,30.3,14.3,37.3,79.4,9.4,10.9,6.7,80.8,89.1,13.6,70.9,6.8,12.5,66.6,23.5,12.6,30.7,19.8,11.0,9.1,17.6,7.1,39.3,9.5,7.6,6.4,31.6,22.9,76.7,16.0,14.2,39.1,13.5,3.4,6.2,36.6,3.5,6.5,4.3
51067,VA,Franklin,8.6,33.6,14.0,41.2,81.5,10.6,11.1,8.7,80.7,88.0,15.3,68.9,9.2,15.0,67.5,24.0,15.1,35.3,19.7,12.6,11.1,21.1,9.1,43.8,9.8,9.2,7.2,31.0,27.3,74.7,16.6,17.5,34.8,15.6,4.3,6.5,35.1,4.4,11.2,5.4
51069,VA,Frederick,9.4,27.0,15.1,35.1,77.7,9.1,10.3,6.6,79.0,87.8,14.3,69.2,6.8,13.0,67.1,22.3,11.8,29.8,20.9,11.4,8.7,17.9,7.3,38.4,9.5,7.6,6.5,32.1,24.1,79.1,16.1,13.7,37.5,13.4,3.3,5.9,35.2,3.4,7.5,4.4
51071,VA,Giles,8.6,32.5,14.7,39.9,79.4,10.0,10.8,8.1,78.9,87.1,16.0,66.0,8.9,16.0,65.2,24.9,13.8,35.6,20.8,12.3,10.6,20.8,8.7,41.6,9.5,9.2,7.0,33.7,27.1,77.0,17.5,17.0,36.1,15.4,4.0,6.3,35.0,4.1,14.3,5.1
51073,VA,Gloucester,7.8,31.1,14.4,38.5,79.3,9.7,10.7,7.1,80.1,88.6,14.1,67.6,7.4,13.5,68.6,24.1,12.8,31.9,20.0,10.5,8.6,18.0,7.6,39.8,9.0,7.8,6.2,31.5,23.8,75.8,16.2,15.0,35.8,14.2,3.5,5.8,31.7,3.6,6.5,4.4
51075,VA,Goochland,6.0,30.4,14.6,38.4,81.1,10.7,10.1,6.8,81.5,90.9,11.3,74.6,6.1,10.1,74.1,21.0,12.2,28.3,18.5,7.9,6.0,15.4,7.1,40.5,7.1,6.3,4.9,30.9,20.9,80.9,13.8,13.2,33.0,12.2,2.9,4.5,34.9,3.4,7.4,3.7
51077,VA,Grayson,11.5,36.5,12.9,45.0,81.0,10.5,11.2,10.4,80.1,86.0,18.4,64.3,12.1,19.8,56.9,24.9,17.5,41.7,22.0,18.5,17.9,27.3,10.7,44.2,12.8,11.7,9.6,34.2,33.9,72.2,18.3,22.0,41.1,18.6,5.8,9.1,37.7,5.3,22.6,7.3
51079,VA,Greene,9.0,29.8,15.1,37.6,78.4,9.1,10.7,7.1,78.9,87.4,15.1,68.7,7.6,14.2,66.6,23.8,12.7,32.5,20.7,12.5,10.4,19.5,7.5,39.3,10.2,8.3,7.1,32.7,25.8,77.4,16.7,15.1,37.8,14.4,3.7,6.6,34.9,3.6,9.4,4.8
51081,VA,Greensville,13.0,27.7,13.8,44.3,76.1,6.0,11.2,7.5,79.2,84.3,18.0,60.9,8.4,19.2,55.3,19.4,17.1,37.7,29.6,25.4,23.2,26.8,6.6,37.8,19.9,10.8,13.1,36.9,31.6,77.6,18.4,18.7,45.3,15.7,5.7,14.0,42.7,4.8,18.4,7.4
51083,VA,Halifax,11.2,35.4,11.2,47.4,82.2,9.3,11.8,10.0,81.1,87.1,17.8,66.9,11.2,18.4,59.6,22.4,19.3,40.6,23.6,21.4,21.1,27.4,9.3,43.5,15.3,12.1,11.0,35.3,33.7,76.5,17.9,23.0,40.2,17.9,6.4,10.9,37.7,5.9,19.4,8.0
51085,VA,Hanover,6.6,27.2,15.0,34.9,78.3,9.3,10.1,6.1,79.2,88.8,12.7,71.3,6.1,11.8,70.7,21.7,11.6,29.0,19.1,9.0,7.0,15.5,6.7,40.1,7.9,6.8,5.5,31.0,21.4,78.6,15.0,12.7,32.9,12.4,2.9,5.1,33.9,3.2,8.6,3.8
51087,VA,Henrico,7.8,26.0,13.4,36.6,77.9,7.5,10.6,5.7,80.3,88.5,13.2,69.7,5.7,11.4,69.1,20.8,12.3,29.7,21.9,12.6,10.1,17.4,5.9,35.4,11.2,7.3,7.2,33.8,21.4,77.4,15.5,13.1,32.8,12.0,3.3,7.2,36.4,3.3,9.6,4.4
51089,VA,Henry,11.2,36.1,12.1,45.9,81.8,9.7,11.7,9.8,81.6,87.0,17.8,65.1,11.0,17.8,56.4,23.7,18.0,40.5,23.2,19.4,18.1,26.9,9.6,42.5,14.0,11.6,10.0,33.9,33.1,75.5,18.1,21.8,41.9,18.0,5.9,9.8,38.9,5.4,17.4,7.4
51091,VA,Highland,7.3,38.0,12.1,44.0,84.3,13.5,10.0,9.9,83.5,91.2,12.9,70.8,9.3,12.8,71.7,21.6,15.2,35.1,18.2,9.1,7.5,19.6,10.5,46.1,6.6,8.1,5.1,29.8,25.6,78.8,13.9,18.0,33.0,15.1,3.8,4.3,30.3,4.6,9.0,4.8
51093,VA,Isle of Wight,7.7,30.8,13.8,39.2,79.6,9.0,10.8,6.9,80.9,88.9,14.0,68.6,7.1,13.2,68.1,22.2,13.8,32.0,20.9,12.1,10.2,18.9,7.0,39.0,10.4,7.9,7.0,32.0,24.0,78.0,16.0,15.3,36.6,13.7,3.7,6.9,36.2,3.8,10.4,4.7
51095,VA,James City,6.5,30.7,13.5,38.4,81.0,10.9,10.3,7.1,82.6,90.9,11.5,73.5,6.2,9.7,73.2,21.4,12.5,29.5,19.0,8.5,6.4,16.0,7.6,42.1,7.5,6.6,5.2,30.9,21.1,80.3,13.9,13.7,32.1,12.4,3.0,4.8,29.2,3.5,7.1,3.9
51097,VA,King and Queen,9.5,34.4,12.8,44.9,81.2,9.4,11.4,8.9,81.3,87.9,16.2,70.1,9.6,16.4,60.7,22.7,17.0,37.7,22.7,16.7,15.1,23.8,8.6,42.4,12.7,10.0,8.9,34.2,29.8,75.7,17.2,19.7,40.7,16.4,5.0,8.8,38.9,4.9,15.9,6.4
51099,VA,King George,8.2,26.4,15.6,34.3,76.3,7.7,10.7,5.8,78.5,87.3,14.3,66.3,6.1,13.1,67.9,23.1,11.6,29.9,21.6,12.0,9.7,17.5,6.2,37.5,10.5,7.5,7.0,33.3,23.1,77.6,16.7,12.8,36.1,12.8,3.3,6.7,34.8,3.2,9.9,4.3
51101,VA,King William,7.9,28.4,15.8,36.5,77.3,8.3,10.9,6.3,78.6,87.4,14.6,66.3,6.7,13.8,65.0,23.9,12.2,31.3,21.3,11.9,9.7,18.3,6.6,37.9,10.2,7.9,6.9,34.7,23.8,75.0,17.1,14.0,34.9,13.6,3.4,6.7,37.8,3.4,12.7,4.4
51103,VA,Lancaster,8.3,39.9,10.3,49.1,85.4,12.7,10.8,10.8,84.2,91.1,13.9,73.5,10.3,13.4,66.6,20.7,18.1,37.9,20.5,13.8,12.4,23.2,10.7,46.7,9.8,9.8,7.3,30.7,29.2,76.4,14.3,21.5,35.1,16.3,5.1,6.8,34.3,5.6,11.4,6.4
51105,VA,Lee,12.0,35.6,13.3,44.4,79.5,9.9,11.5,10.2,79.2,84.4,19.6,62.7,12.6,21.2,57.2,25.8,17.3,42.8,21.7,19.5,19.8,27.9,10.7,43.2,13.7,12.5,10.3,33.2,34.0,72.2,19.4,22.5,42.3,19.2,6.0,10.0,38.2,5.2,24.3,7.6
51107,VA,Loudoun,6.8,20.9,14.0,29.8,75.0,6.6,8.9,4.2,79.1,89.6,10.5,63.6,3.7,8.4,74.5,18.4,9.5,22.5,19.6,8.5,5.3,13.4,4.8,36.3,7.4,5.1,5.0,32.2,19.0,79.0,13.0,8.9,28.1,9.9,2.2,4.5,30.5,2.2,7.3,3.1
51109,VA,Louisa,8.6,31.4,14.2,40.0,79.4,9.3,10.9,7.5,80.1,88.0,15.0,66.9,8.1,14.9,67.8,23.0,14.1,34.1,20.7,13.1,11.4,20.3,7.7,41.4,10.6,8.6,7.3,33.2,25.4,75.2,16.6,16.3,36.7,14.9,4.1,7.0,36.2,4.0,13.5,5.1
51111,VA,Lunenburg,12.5,33.8,12.7,46.0,80.8,8.6,11.6,9.5,80.5,86.2,18.0,64.5,10.6,18.9,57.6,22.8,18.9,39.4,25.1,21.5,20.2,27.6,8.9,42.0,16.1,11.6,11.1,34.1,33.6,73.9,18.0,21.7,46.1,17.8,6.0,11.2,40.2,5.5,18.1,7.7
51113,VA,Madison,8.4,32.0,14.1,39.4,80.3,10.1,10.8,7.8,80.3,88.3,14.8,69.7,8.2,14.1,66.7,23.4,13.7,33.5,20.5,11.7,9.7,19.8,8.2,41.6,9.3,8.5,6.6,32.5,25.6,77.2,16.4,16.3,37.8,14.7,3.8,6.0,34.2,4.0,11.2,4.9
51115,VA,Mathews,7.4,35.7,12.5,43.1,83.3,12.0,10.6,9.2,82.8,90.2,13.6,71.4,8.8,13.1,70.4,23.1,15.2,35.9,19.5,10.5,8.7,20.1,9.6,44.6,7.9,8.4,5.9,31.1,26.1,77.8,15.0,18.2,35.1,15.2,4.0,5.3,32.4,4.6,8.0,5.1
51117,VA,Mecklenburg,10.1,36.0,11.5,46.7,82.3,9.9,11.4,9.6,82.3,88.1,16.3,68.5,10.3,16.3,61.4,22.7,18.6,38.1,23.1,17.9,17.1,25.2,9.3,43.3,13.6,10.8,9.7,33.7,31.3,73.6,16.7,21.2,41.2,17.0,5.6,9.5,39.4,5.4,18.1,7.0
51119,VA,Middlesex,7.7,37.8,11.7,45.0,83.9,12.2,10.6,9.8,83.9,90.7,13.8,77.1,9.3,13.1,69.5,21.8,16.5,37.0,19.2,11.5,10.1,21.2,10.2,44.9,8.8,8.9,6.5,30.0,27.2,82.8,14.6,19.3,37.8,15.6,4.5,6.0,37.4,5.0,12.6,5.6
51121,VA,Montgomery,7.7,21.5,17.1,29.4,71.9,6.7,10.5,5.3,75.3,81.1,16.4,68.0,6.0,11.8,66.7,25.3,9.6,29.2,19.7,12.0,10.0,16.5,6.1,33.9,9.2,8.2,7.9,35.7,21.4,78.0,18.5,11.1,28.0,12.1,3.0,6.4,31.9,2.7,15.7,4.3
51125,VA,Nelson,8.3,35.3,12.3,43.4,82.5,11.5,10.6,9.1,82.3,89.7,14.1,70.6,9.1,13.7,66.9,22.5,15.6,35.8,19.3,11.9,10.4,20.7,9.4,43.8,9.0,8.8,6.6,30.7,27.3,74.9,15.2,18.3,35.2,15.2,4.3,6.1,33.8,4.6,12.2,5.4
51127,VA,New Kent,7.2,27.6,15.6,35.6,77.3,8.6,10.6,6.1,79.1,88.6,13.1,72.0,6.1,12.3,73.1,22.5,11.9,28.0,21.1,10.3,8.2,16.4,6.4,38.1,9.2,6.9,6.2,33.2,21.5,81.6,15.8,12.5,35.1,12.5,3.1,6.0,35.9,3.2,9.4,3.9
51131,VA,Northampton,10.0,35.5,11.2,47.1,83.7,10.5,11.1,9.8,83.1,89.6,15.0,71.9,9.9,14.4,63.8,20.8,18.5,38.2,22.3,16.7,15.4,24.4,9.4,45.0,12.3,10.2,8.8,32.0,31.2,76.5,15.5,21.3,39.5,16.4,5.4,8.5,34.3,5.4,13.9,6.9
51133,VA,Northumberland,7.6,37.2,11.1,46.5,84.5,12.5,10.6,9.9,84.5,91.6,12.9,75.7,9.0,12.0,66.9,20.1,16.8,36.2,20.0,11.3,9.4,20.9,10.0,45.1,8.8,8.4,6.2,31.1,26.2,80.9,13.8,19.2,36.0,15.1,4.3,5.8,31.3,5.0,11.5,5.4
51135,VA,Nottoway,11.7,30.4,13.6,43.2,77.7,7.5,11.4,7.9,79.7,85.2,17.6,64.7,8.9,18.0,55.4,22.1,16.7,37.8,25.7,20.9,19.8,25.6,7.5,40.2,16.5,10.6,11.2,35.4,30.9,77.6,18.3,18.8,43.5,16.0,5.3,11.4,39.1,4.7,19.5,6.9
51137,VA,Orange,8.7,30.4,14.0,38.4,79.2,9.3,10.7,7.1,80.5,88.1,14.6,66.1,7.4,13.7,65.7,23.4,12.9,33.1,20.7,12.1,10.0,18.9,7.5,40.1,10.1,8.2,6.9,33.5,25.0,74.0,16.6,15.1,37.1,14.1,3.6,6.5,37.8,3.7,10.6,4.7
51139,VA,Page,9.5,33.1,14.3,40.0,79.5,10.0,11.0,8.4,79.1,86.7,16.7,67.8,9.5,17.0,63.9,25.1,14.1,37.2,21.4,13.2,11.4,22.1,9.1,42.7,10.0,9.7,7.3,33.8,29.1,73.5,17.9,17.8,34.6,16.3,4.3,6.5,35.7,4.2,15.8,5.5
51141,VA,Patrick,9.8,37.2,12.8,43.4,82.3,11.1,11.0,10.1,80.5,87.9,16.6,65.9,11.0,17.2,62.4,23.7,16.4,38.7,20.8,14.3,13.1,24.4,10.4,43.4,10.4,10.5,7.8,32.4,30.3,76.5,17.2,20.7,39.9,17.6,5.1,7.2,36.2,5.1,17.7,6.4
51143,VA,Pittsylvania,10.2,35.1,12.7,45.9,81.1,9.7,11.3,9.5,81.4,87.0,16.9,67.4,10.8,18.1,58.8,22.9,17.5,39.8,22.6,18.0,16.7,25.6,9.4,43.9,13.0,11.0,9.4,33.8,33.3,79.8,17.5,21.3,41.6,17.4,5.5,9.1,35.3,5.2,23.7,6.9
51145,VA,Powhatan,7.1,29.9,15.7,37.6,78.6,9.5,10.5,6.7,80.0,89.0,13.2,67.1,6.7,12.8,72.5,22.4,12.1,30.3,20.1,9.5,7.5,17.1,7.1,40.7,8.2,7.1,5.7,31.3,22.6,81.1,15.8,13.6,36.4,13.4,3.2,5.3,30.8,3.4,8.3,4.0
51147,VA,Prince Edward,10.2,26.0,15.1,35.8,75.7,6.5,11.6,6.6,77.1,80.8,19.3,67.0,7.7,14.6,60.0,25.6,13.5,37.0,24.3,19.3,17.5,22.3,6.7,35.7,14.7,10.8,11.3,38.0,27.7,77.2,20.5,15.7,37.2,14.5,4.5,10.2,39.2,3.9,15.6,6.3
51149,VA,Prince George,10.9,23.2,16.3,34.0,71.9,6.0,10.7,5.4,76.5,83.4,16.3,69.5,5.9,13.8,59.8,22.2,11.5,31.7,24.6,16.6,13.6,19.4,5.7,32.8,14.3,8.4,9.6,36.6,24.9,75.8,18.4,12.8,38.4,12.7,3.5,9.2,41.4,3.1,12.4,4.9
51153,VA,Prince William,10.4,21.7,15.1,32.8,75.3,6.1,9.8,4.8,79.3,88.0,12.9,64.8,4.7,11.1,68.7,20.0,11.4,28.2,22.2,13.2,9.4,16.7,5.1,36.3,11.7,6.7,7.3,33.7,23.1,78.4,14.9,11.9,34.3,11.6,3.0,7.1,38.4,2.7,9.7,4.4
51155,VA,Pulaski,8.5,33.0,14.0,39.3,79.8,10.2,10.9,8.3,80.0,87.2,15.8,68.0,9.0,15.7,64.6,24.1,14.1,35.6,20.4,12.8,11.3,20.6,8.7,42.6,9.8,9.2,7.2,32.5,27.9,77.9,17.4,17.3,35.7,15.5,4.2,6.7,35.9,4.2,14.5,5.3
51157,VA,Rappahannock,7.8,34.8,13.1,42.0,82.1,11.5,10.4,8.9,81.6,89.5,13.8,70.8,8.8,13.5,66.2,22.9,14.7,34.1,18.8,10.6,9.0,19.8,9.4,43.8,8.1,8.4,6.1,31.0,25.3,74.7,15.1,17.3,35.2,15.1,4.0,5.5,35.0,4.4,10.2,5.1
51159,VA,Richmond,12.5,29.7,14.4,42.5,77.0,8.5,11.0,8.0,78.7,85.8,16.9,64.7,8.8,17.3,53.4,21.9,15.1,38.3,25.8,18.3,15.7,24.4,8.3,39.7,14.4,10.1,9.7,35.8,30.0,76.1,17.4,18.5,37.1,15.7,4.8,9.4,38.6,4.5,19.8,6.4
51161,VA,Roanoke,7.2,29.4,14.0,36.3,79.4,9.8,10.3,6.9,80.7,88.7,13.4,68.7,6.8,11.9,70.5,24.6,12.0,28.9,20.0,9.9,8.0,16.5,7.3,39.0,8.4,7.4,5.9,32.0,22.7,76.3,15.8,13.5,34.4,13.3,3.2,5.4,31.3,3.4,11.2,4.2
51163,VA,Rockbridge,7.7,34.6,13.6,40.9,81.0,11.2,10.4,8.7,80.6,88.7,14.4,68.9,8.8,13.8,66.8,23.3,14.0,34.6,19.0,10.6,9.1,19.9,9.3,43.2,8.2,8.6,6.2,31.4,25.9,77.1,15.9,16.9,34.0,15.3,3.9,5.5,33.4,4.2,8.2,5.0
51165,VA,Rockingham,9.7,29.5,14.7,36.6,78.3,9.4,10.6,7.2,78.8,86.5,15.4,66.4,7.7,13.9,68.4,23.9,12.3,34.2,20.2,12.0,9.8,19.5,8.0,39.9,9.5,8.6,6.9,33.9,25.9,74.0,17.0,15.4,33.1,14.5,3.6,6.0,31.6,3.6,15.3,4.8
51167,VA,Russell,10.0,35.5,13.4,42.9,80.1,10.4,11.5,9.5,79.2,86.1,18.0,64.2,11.4,19.0,57.1,26.3,15.7,41.0,20.7,16.0,15.0,25.2,10.0,43.5,11.1,11.1,8.5,33.8,31.3,69.6,18.6,20.5,39.6,18.1,5.2,7.8,37.6,4.8,21.8,6.4
51169,VA,Scott,10.1,36.4,13.2,43.6,80.8,10.7,11.3,10.1,80.1,86.2,18.1,62.0,11.6,18.6,60.0,26.7,16.4,40.6,20.2,15.4,14.9,25.2,10.6,44.1,10.9,11.2,8.4,32.6,31.4,72.2,18.4,21.0,38.3,17.9,5.3,7.7,36.6,5.0,13.3,6.6
51171,VA,Shenandoah,10.4,31.9,14.0,38.7,79.4,9.8,10.9,8.3,79.4,86.8,16.4,65.6,9.1,15.9,63.3,23.6,14.1,36.1,20.5,13.8,12.1,22.0,8.9,40.2,10.8,9.5,7.7,32.2,28.8,73.8,17.4,17.3,36.2,15.7,4.3,7.0,36.7,4.2,11.9,5.7
51173,VA,Smyth,9.9,33.7,13.8,40.9,80.1,10.0,11.4,9.3,79.4,85.9,17.8,63.4,10.9,18.3,56.0,26.0,15.4,38.2,20.5,15.7,14.9,24.8,9.8,41.7,11.2,11.0,8.5,33.6,30.7,75.4,18.7,19.7,38.1,17.6,5.1,7.9,38.0,4.7,19.4,6.4
51175,VA,Southampton,8.7,32.1,13.4,43.2,80.7,8.7,11.1,7.8,81.3,88.5,15.2,65.6,8.0,15.0,67.0,21.5,15.9,35.0,23.8,15.0,12.8,21.6,7.5,41.1,12.4,9.0,8.2,33.8,27.2,78.6,16.7,17.5,38.4,14.9,4.5,8.2,39.0,4.5,14.2,5.6
51177,VA,Spotsylvania,9.4,26.1,15.1,36.5,76.2,7.7,10.7,5.9,78.3,87.4,14.2,67.4,6.1,12.8,67.3,22.7,12.6,29.5,21.5,13.0,9.9,18.6,6.1,37.4,11.2,7.6,7.2,33.6,24.6,79.6,16.4,13.3,40.3,13.0,3.4,7.0,40.7,3.2,9.5,4.5
51179,VA,Stafford,8.8,23.4,15.8,31.5,75.2,6.6,10.3,4.8,77.4,87.5,13.2,68.5,4.8,11.0,69.5,22.1,10.7,27.2,21.6,11.7,8.6,16.2,5.1,35.7,10.8,6.6,6.8,33.6,22.1,75.3,15.8,11.2,35.7,11.7,2.9,6.7,37.8,2.7,9.1,3.9
51181,VA,Surry,8.5,34.2,12.1,45.8,82.5,9.2,11.3,8.6,82.6,89.4,14.7,70.7,8.5,14.4,63.4,21.1,17.3,36.1,22.6,15.9,14.2,22.8,7.9,42.5,12.5,9.3,8.5,33.0,29.2,78.8,16.0,19.1,39.9,15.4,4.9,8.6,37.9,5.0,17.1,6.1
51183,VA,Sussex,11.7,29.0,13.5,43.5,77.2,6.8,11.3,7.4,79.9,85.2,17.2,67.1,8.0,17.1,58.8,20.2,16.2,36.2,27.8,21.8,19.5,24.7,6.8,37.7,17.5,10.2,11.5,37.0,30.9,79.8,17.8,18.0,45.5,15.0,5.1,11.9,43.7,4.6,19.2,6.7
51185,VA,Tazewell,10.0,35.4,13.6,43.1,79.6,10.0,11.4,9.3,80.1,85.7,18.0,64.8,10.9,18.1,60.8,26.9,15.9,40.7,20.9,16.1,15.6,25.2,9.8,42.5,11.6,11.1,8.7,35.1,31.0,73.5,18.7,20.3,40.4,17.6,5.1,8.0,39.4,4.7,14.0,6.4
51187,VA,Warren,9.5,28.8,15.5,36.1,76.8,8.6,10.8,7.0,77.6,86.3,15.8,66.9,7.6,15.0,64.8,24.4,12.7,33.5,21.2,12.9,10.8,19.8,7.5,38.2,10.8,8.5,7.4,33.4,25.7,73.2,17.6,14.9,38.0,14.7,3.7,6.8,38.3,3.5,15.4,4.9
51191,VA,Washington,8.0,32.3,13.9,40.0,80.0,10.7,10.7,8.3,80.1,87.7,15.1,66.1,8.8,14.8,64.6,24.3,13.8,34.3,20.2,11.2,10.1,19.8,9.0,42.1,8.6,8.8,6.6,33.1,27.0,78.7,16.5,16.3,38.3,15.2,4.0,5.9,34.6,4.1,10.1,5.0
51193,VA,Westmoreland,11.2,37.2,11.8,45.4,82.7,10.0,11.4,10.0,82.4,88.1,16.8,68.1,10.7,17.1,59.4,23.0,18.3,40.6,22.8,18.8,17.4,26.6,9.7,43.8,13.6,11.0,9.7,33.0,33.1,76.8,16.9,22.3,41.0,17.5,5.7,9.3,38.1,5.5,16.5,7.3
51195,VA,Wise,10.9,32.5,14.2,41.8,76.8,9.1,11.4,8.6,78.3,84.2,18.7,66.0,10.5,19.4,57.7,26.3,15.1,38.8,22.0,17.5,16.4,24.3,8.9,40.4,12.6,10.9,9.5,36.3,31.4,72.4,19.7,18.5,43.5,17.1,5.0,8.9,35.6,4.4,17.8,6.4
51197,VA,Wythe,8.6,33.9,14.2,40.3,79.6,10.1,11.1,8.5,79.5,86.9,16.5,65.3,9.6,16.7,68.6,25.1,14.3,36.7,20.0,13.3,12.3,22.3,8.9,42.0,10.1,9.7,7.5,33.7,28.2,71.2,17.9,18.0,38.8,16.2,4.4,7.0,33.0,4.3,21.5,5.5
51199,VA,York,6.7,26.8,14.7,33.4,78.1,8.6,10.0,5.7,80.5,89.2,11.8,72.1,5.2,10.0,72.3,21.2,11.1,26.3,19.3,9.0,6.6,14.7,6.1,38.3,8.3,6.2,5.6,32.9,19.2,79.2,14.5,11.5,31.5,11.3,2.7,5.2,33.0,2.9,9.2,3.6
51510,VA,Alexandria,7.9,21.7,16.1,30.3,73.1,6.5,9.9,4.4,78.0,88.6,11.7,67.2,4.1,9.0,73.3,20.9,9.9,24.6,20.3,10.6,8.0,14.7,4.8,35.5,9.8,5.9,6.2,32.6,19.5,81.6,14.5,9.8,32.0,10.5,2.6,6.2,34.3,2.4,6.5,3.6
51520,VA,Bristol,9.6,33.5,13.7,41.0,79.5,9.9,11.3,8.7,79.6,86.2,17.3,66.3,10.0,17.2,61.3,25.6,14.8,38.3,20.8,15.6,14.8,23.5,9.3,41.2,11.5,10.5,8.6,32.8,29.6,77.4,18.3,19.1,39.2,16.6,4.8,8.2,35.8,4.5,13.0,6.2
51530,VA,Buena Vista,10.0,29.1,15.1,36.2,76.7,8.5,11.5,7.5,77.4,82.9,18.5,62.8,8.8,15.8,57.9,26.9,12.9,37.2,21.2,15.5,13.8,21.9,8.2,38.1,11.4,10.5,9.1,35.6,27.8,74.0,19.8,16.7,37.0,15.6,4.3,7.7,36.4,3.9,19.1,5.8
51540,VA,Charlottesville,7.7,22.2,16.1,30.2,73.3,6.4,10.7,5.1,77.2,83.7,14.9,67.9,5.4,11.1,63.1,24.4,10.4,28.9,20.2,12.8,11.0,16.7,5.5,34.0,10.4,7.8,8.0,35.3,21.9,75.6,17.4,11.4,33.0,11.6,3.1,7.1,35.5,2.8,10.4,4.4
51550,VA,Chesapeake,8.3,26.1,15.0,36.5,76.8,7.0,11.0,5.6,80.5,87.7,14.0,68.3,5.9,12.5,67.6,21.6,12.8,29.3,21.6,13.6,11.1,18.4,5.6,35.1,11.9,7.5,7.7,32.8,22.7,80.2,16.5,13.5,40.1,12.7,3.4,8.0,39.4,3.2,14.6,4.5
51570,VA,Colonial Heights,8.7,28.1,14.5,36.4,77.5,8.6,10.8,6.4,79.5,87.7,14.6,69.2,6.7,12.8,66.6,22.9,12.3,31.1,21.9,12.8,10.4,18.4,6.9,38.4,11.0,8.0,7.3,33.7,25.1,80.9,16.6,14.1,37.4,13.4,3.4,7.0,37.9,3.4,12.6,4.6
51580,VA,Covington,11.0,33.6,13.6,42.4,79.2,8.8,11.7,9.0,79.1,84.6,19.1,66.1,11.0,19.9,62.5,25.6,16.6,40.9,23.2,19.7,19.0,26.4,9.1,41.5,14.2,11.9,10.4,35.7,32.9,74.1,19.7,20.9,40.7,17.9,5.6,10.0,36.3,5.0,20.0,7.2
51590,VA,Danville,12.4,33.4,11.0,47.7,80.5,7.7,12.5,9.0,81.8,85.6,19.3,61.8,10.7,19.1,52.9,22.1,19.9,41.4,25.9,27.4,27.9,29.5,8.2,40.6,20.2,13.2,14.1,37.1,35.6,76.4,19.3,23.1,41.7,17.7,6.9,14.9,44.9,5.8,20.9,9.0
51595,VA,Emporia,13.3,32.8,10.6,47.6,80.8,7.1,12.8,8.8,82.4,86.5,19.2,61.5,10.1,18.6,52.3,21.1,20.0,41.8,28.5,28.6,27.9,29.8,7.7,39.6,21.7,13.0,14.3,38.5,36.4,77.2,19.1,23.3,44.4,17.6,6.9,15.3,44.4,5.9,23.2,9.0
51600,VA,Fairfax,8.4,22.3,14.6,31.2,75.4,6.9,9.2,5.0,78.6,88.0,11.7,69.5,4.5,9.2,69.3,19.5,11.1,24.7,20.4,10.4,7.2,15.0,5.4,36.9,8.6,5.9,5.9,32.5,20.7,77.0,13.8,10.5,31.8,10.9,2.6,5.2,34.4,2.5,7.0,3.8
51610,VA,Falls Church,5.0,22.8,16.1,29.2,75.9,8.2,9.1,4.4,79.6,90.4,9.3,69.1,3.6,6.7,78.3,20.4,8.9,21.2,16.8,5.7,3.7,11.0,5.0,36.5,5.6,4.5,3.9,29.5,15.8,81.8,12.4,8.3,29.1,9.2,1.9,3.5,31.9,2.2,4.0,2.6
51620,VA,Franklin,10.6,32.2,11.3,45.2,80.3,7.6,12.5,8.1,82.1,86.8,17.8,65.0,9.3,16.8,58.1,22.4,18.1,39.1,25.3,23.8,23.5,26.4,7.4,39.1,18.4,11.7,12.4,36.6,32.7,76.2,18.6,20.9,43.8,16.4,6.0,13.2,41.3,5.2,18.1,7.7
51630,VA,Fredericksburg,8.8,21.7,16.3,30.2,72.5,5.9,11.3,4.8,76.8,83.8,15.9,68.4,5.2,11.7,63.3,24.8,10.2,30.8,21.8,14.2,11.7,17.2,5.2,32.7,12.2,8.1,8.6,35.3,22.8,78.9,18.4,11.5,39.5,12.1,3.1,8.0,39.8,2.7,13.8,4.5
51640,VA,Galax,13.2,32.1,13.7,40.9,77.7,8.6,11.7,8.6,78.5,84.2,19.6,62.6,10.7,19.2,56.2,26.5,16.3,40.7,21.7,20.9,20.0,26.8,9.1,40.1,15.2,12.1,11.0,34.7,33.1,71.3,19.8,20.5,39.4,18.1,5.8,10.6,37.1,4.7,27.2,7.6
51650,VA,Hampton,9.7,27.7,13.0,39.9,77.5,6.5,11.8,6.4,81.3,86.4,16.3,70.7,6.9,14.1,64.2,21.0,15.0,35.8,25.8,19.5,17.3,21.3,6.0,36.7,16.2,9.4,10.7,36.4,26.4,81.6,18.0,16.5,40.3,13.9,4.5,11.1,43.1,4.1,9.3,6.0
51660,VA,Harrisonburg,13.0,19.5,16.4,27.8,68.0,5.0,11.1,5.0,74.3,77.3,20.3,60.5,6.1,13.2,61.8,26.9,10.2,34.5,22.2,19.4,16.3,20.7,5.9,31.0,14.4,10.3,11.4,37.9,25.9,74.4,21.1,12.3,34.0,13.4,3.7,9.3,37.7,2.7,20.1,5.9
51670,VA,Hopewell,13.6,30.9,12.1,43.4,77.9,6.8,12.6,8.1,79.7,84.1,20.4,61.5,10.1,20.3,52.2,24.1,17.7,41.7,26.8,28.6,28.7,29.0,7.7,38.9,21.7,13.1,14.6,38.3,35.6,74.4,20.7,21.5,45.8,17.7,6.5,15.7,45.4,5.1,22.6,8.6
51678,VA,Lexington,7.4,18.8,18.3,25.3,69.7,5.9,10.7,4.4,74.7,79.3,16.8,71.9,4.7,9.2,71.9,25.9,7.8,29.6,20.7,10.9,7.8,14.6,5.3,29.6,8.5,7.8,7.6,38.3,19.5,78.7,19.6,9.5,29.1,10.7,2.4,5.3,32.1,2.3,10.1,3.8
51680,VA,Lynchburg,8.9,23.1,15.1,32.5,72.9,6.2,11.7,5.4,77.2,81.8,17.5,66.4,6.2,12.3,65.5,24.9,11.0,32.5,22.7,16.2,14.0,18.7,5.9,32.8,12.7,9.4,9.8,38.9,23.6,74.2,19.6,13.0,36.4,12.8,3.6,8.7,36.5,3.2,18.2,5.2
51683,VA,Manassas,15.3,21.2,15.7,30.9,73.5,5.6,9.7,4.9,75.8,85.8,14.9,63.9,5.0,12.0,67.4,20.0,12.0,29.2,23.9,16.3,11.3,19.8,5.3,36.1,14.1,7.2,8.4,35.1,26.2,79.0,15.8,12.3,35.8,12.8,3.3,7.7,37.2,2.7,15.4,5.1
51685,VA,Manassas Park,17.8,21.7,14.5,33.1,72.9,4.9,9.8,5.3,75.8,84.2,16.6,58.2,5.5,13.8,60.0,20.4,13.8,33.1,25.8,21.1,15.1,23.4,5.8,36.2,17.1,8.4,10.4,36.2,30.8,74.8,16.7,14.4,38.6,14.1,4.1,9.7,39.4,3.0,11.2,6.4
51690,VA,Martinsville,12.2,32.3,11.9,44.9,79.5,7.3,12.5,8.4,80.7,85.6,19.1,64.3,10.2,19.1,54.5,23.2,18.6,40.3,25.2,26.6,27.0,28.6,7.7,39.5,20.0,12.6,13.8,36.1,34.0,75.4,19.5,21.7,44.9,17.5,6.6,14.9,42.8,5.3,20.1,8.5
51700,VA,Newport News,10.3,26.6,13.6,37.6,75.3,6.3,11.6,5.9,79.3,85.3,16.1,67.1,6.5,14.1,61.5,22.2,13.5,32.7,24.3,18.7,16.5,21.1,5.8,36.3,15.5,9.2,10.2,36.9,28.1,80.4,18.1,15.1,40.8,13.6,4.1,10.6,40.8,3.6,12.7,5.7
51710,VA,Norfolk,10.8,23.4,16.8,36.2,74.5,5.6,11.1,5.5,78.7,83.5,16.9,67.1,6.3,13.7,61.9,21.8,12.7,33.2,24.3,19.1,17.1,20.3,5.5,34.6,15.6,9.4,11.0,38.5,26.1,82.7,18.8,14.4,40.3,13.2,4.0,10.8,41.1,3.4,15.1,5.7
51720,VA,Norton,10.5,31.7,14.4,40.0,77.3,8.5,11.7,8.1,78.0,83.7,19.1,64.6,10.5,19.8,56.9,27.1,14.9,38.7,21.4,18.8,19.1,24.9,8.5,39.7,13.6,11.6,10.3,34.5,31.3,74.9,20.2,19.0,40.8,17.2,5.2,10.0,37.5,4.4,24.1,6.7
51730,VA,Petersburg,11.8,29.8,11.0,46.4,79.7,5.6,13.0,7.4,82.7,86.6,18.2,65.3,8.4,16.9,57.1,20.9,19.2,40.3,28.2,28.9,29.0,28.1,5.9,37.0,22.7,12.2,14.8,39.4,34.2,80.1,19.6,21.4,46.6,16.1,6.4,16.5,47.7,5.4,25.8,8.5
51735,VA,Poquoson,6.3,28.6,15.9,34.8,78.0,9.8,10.0,6.4,79.5,89.1,12.4,70.5,6.1,11.2,73.6,23.1,11.0,27.9,18.3,8.1,6.3,15.2,7.1,39.1,7.2,6.6,5.1,31.6,20.6,75.3,15.1,12.2,33.2,12.3,2.8,4.7,32.6,3.1,5.1,3.6
51740,VA,Portsmouth,10.9,27.7,13.7,40.5,77.5,6.3,12.3,6.7,79.7,85.5,17.6,66.6,7.6,16.4,58.7,22.7,15.8,36.4,25.3,22.6,21.2,23.8,6.2,37.5,18.4,10.5,12.1,38.2,30.0,75.8,19.4,17.2,40.8,14.7,5.1,13.0,42.9,4.3,16.0,6.7
51750,VA,Radford,9.2,19.8,17.1,27.5,65.9,4.9,12.0,4.9,74.0,75.8,21.6,62.1,6.6,14.0,61.3,30.0,9.2,35.7,21.1,18.4,17.0,19.9,5.7,30.3,13.2,11.2,11.9,39.7,24.8,75.2,23.4,11.7,34.4,13.4,3.6,9.5,35.8,2.6,14.8,5.6
51760,VA,Richmond,10.0,24.1,15.6,36.2,73.9,5.7,11.4,5.6,78.2,84.8,16.5,67.4,6.2,14.2,61.9,22.8,12.9,33.1,23.9,18.4,17.0,19.7,5.4,34.5,15.5,9.1,10.3,38.1,25.4,79.1,18.2,14.2,37.7,12.9,4.1,10.5,37.2,3.5,15.2,5.7
51770,VA,Roanoke,10.7,30.3,14.4,39.6,77.5,7.8,11.5,7.4,78.2,85.9,17.2,68.3,8.4,16.5,59.3,23.5,15.1,34.9,23.6,19.0,17.8,23.0,7.3,37.0,14.8,10.2,10.2,35.9,30.0,77.7,18.1,17.4,42.0,15.3,4.8,10.4,40.2,4.3,10.4,6.4
51775,VA,Salem,7.7,29.1,15.3,35.4,77.8,9.0,10.8,6.7,78.8,86.5,15.1,70.4,7.1,13.0,70.4,24.9,12.0,32.1,19.6,11.6,9.4,17.9,7.3,38.7,9.4,8.2,6.9,33.5,24.0,78.6,17.2,14.3,35.2,13.6,3.4,6.2,36.1,3.4,12.3,4.5
51790,VA,Staunton,8.1,30.3,14.7,37.1,78.6,9.2,11.0,7.0,79.6,87.5,14.9,69.9,7.5,13.5,64.7,24.5,12.9,32.8,19.9,12.4,10.8,19.0,7.5,39.0,10.1,8.5,7.2,33.1,25.1,77.1,17.1,15.1,36.4,14.1,3.7,6.8,35.8,3.7,9.4,4.8
51800,VA,Suffolk,8.5,29.7,13.1,39.2,77.3,7.0,11.6,5.9,80.8,88.0,14.5,70.2,6.3,13.2,66.6,21.2,13.7,31.1,23.3,15.8,13.7,19.4,5.8,39.2,13.9,8.3,8.8,34.1,25.9,81.3,16.9,14.5,42.5,13.3,3.9,9.3,40.1,3.6,9.9,5.0
51810,VA,Virginia Beach,8.1,25.6,15.4,35.4,76.2,7.6,10.6,5.7,80.1,87.4,13.4,68.2,5.6,11.9,72.2,23.3,12.3,28.5,21.3,12.2,9.5,17.4,6.0,39.5,10.7,7.2,7.0,35.5,22.3,80.3,16.3,12.7,36.7,12.2,3.1,6.8,37.0,3.1,8.5,4.2
51820,VA,Waynesboro,10.3,29.5,14.4,37.6,77.5,8.6,11.0,7.1,78.6,86.2,16.2,64.5,7.9,15.2,63.5,24.2,13.2,34.6,21.5,15.1,13.1,21.0,7.7,38.5,12.1,9.2,8.3,33.9,27.4,74.6,17.7,15.9,38.6,14.8,4.0,8.0,36.6,3.8,18.0,5.4
51830,VA,Williamsburg,7.8,21.0,16.7,28.5,72.6,6.4,11.0,5.1,76.5,81.2,16.4,72.2,5.3,9.7,68.5,24.8,9.4,30.1,21.1,12.3,9.3,15.9,5.8,32.2,9.8,8.1,8.2,37.2,21.0,78.8,19.0,10.9,31.1,11.5,2.8,6.3,35.3,2.7,11.1,4.2
51840,VA,Winchester,12.7,28.7,14.6,37.5,76.9,7.9,10.9,7.4,78.3,84.4,17.5,66.7,8.3,15.5,64.4,24.2,14.2,36.4,21.7,18.1,15.9,23.2,7.9,38.7,13.7,10.1,9.8,34.6,28.9,74.5,18.3,16.8,37.6,15.5,4.6,9.1,35.4,3.9,10.6,6.4
53001,WA,Adams,24.0,23.6,15.7,32.4,69.8,6.2,10.6,6.8,67.3,77.0,20.2,57.2,6.9,14.0,52.7,22.3,13.3,36.9,,14.8,,27.8,8.1,34.1,,10.8,,,29.8,66.0,18.3,16.4,37.6,16.8,5.7,,29.5,3.8,16.6,8.8
53003,WA,Asotin,8.1,32.9,15.7,37.4,76.9,10.9,11.7,8.1,76.2,84.7,15.3,68.8,8.1,13.3,63.6,25.4,12.6,35.7,,14.8,,19.3,9.6,37.6,,9.0,,,21.6,71.0,17.1,16.5,35.3,15.2,4.3,,30.2,4.3,10.4,5.2
53005,WA,Benton,10.6,24.4,16.9,29.2,70.3,8.3,10.8,5.8,71.1,83.2,14.2,64.3,5.6,10.4,63.9,24.0,10.4,29.0,,14.8,,18.5,7.0,36.4,,7.4,,,20.6,72.3,16.2,12.3,36.2,13.5,3.4,,31.3,3.1,10.0,4.6
53007,WA,Chelan,11.8,27.4,15.7,32.4,73.2,9.2,10.6,6.7,71.4,84.1,14.7,67.7,6.3,11.4,65.1,24.5,10.7,30.5,,14.8,,18.9,7.9,35.7,,7.8,,,20.6,69.5,16.1,13.1,29.1,13.9,3.7,,27.7,3.5,16.5,5.0
53009,WA,Clallam,7.5,36.0,13.9,38.8,78.4,12.2,11.4,8.4,73.1,86.6,13.7,69.9,7.8,11.8,66.5,24.5,12.1,33.2,,14.8,,19.1,9.7,41.3,,8.1,,,20.3,73.0,15.1,15.9,31.0,15.2,4.0,,28.2,4.4,11.5,4.9
53011,WA,Clark,8.0,25.5,16.4,31.1,72.0,8.4,11.6,5.6,68.8,83.8,13.8,68.8,5.5,11.0,69.1,26.9,9.6,27.8,,14.8,,16.9,6.5,33.5,,6.9,,,19.8,75.2,18.2,11.8,35.3,13.1,3.1,,30.0,3.0,11.0,4.0
53013,WA,Columbia,8.1,32.6,14.5,36.8,77.5,11.5,11.3,8.1,74.1,86.1,14.0,71.3,7.6,11.9,66.1,25.5,12.2,32.8,,14.8,,19.2,9.4,39.2,,8.3,,,20.6,65.8,15.8,15.7,32.4,15.1,4.0,,28.4,4.2,11.3,4.9
53015,WA,Cowlitz,9.2,33.2,16.3,35.4,72.9,9.6,12.3,7.2,71.5,83.1,16.0,64.9,7.5,13.4,59.7,27.5,11.4,33.8,,14.8,,20.7,8.4,34.6,,8.8,,,22.5,75.7,18.7,14.7,40.5,15.6,4.1,,35.6,3.8,15.0,5.0
53017,WA,Douglas,14.0,25.8,16.5,32.4,71.7,8.4,10.6,6.6,71.0,82.3,15.8,63.9,6.3,11.7,61.9,22.6,11.0,34.3,,14.8,,20.8,7.9,34.0,,8.2,,,23.0,67.6,16.6,14.3,35.8,14.7,3.9,,29.0,3.5,12.2,5.4
53019,WA,Ferry,8.5,38.0,14.0,41.1,77.6,11.4,12.3,10.0,73.6,85.5,16.3,65.2,9.8,16.0,57.3,25.0,15.1,38.7,,14.8,,24.3,11.3,41.2,,10.2,,,25.1,62.7,17.4,19.4,40.2,17.9,5.3,,35.2,5.2,13.7,6.6
53021,WA,Franklin,19.6,20.2,16.5,27.8,67.6,5.6,10.5,5.3,67.8,77.8,17.5,58.8,5.4,12.1,54.5,21.2,10.8,31.3,,14.8,,23.3,6.5,31.3,,9.0,,,24.9,69.5,17.8,13.0,35.2,14.8,4.3,,35.9,3.0,15.0,6.6
53023,WA,Garfield,7.1,31.5,15.0,37.7,76.9,11.2,11.0,7.7,74.4,86.4,13.3,65.7,7.0,11.4,64.6,23.4,11.5,30.4,,14.8,,17.8,8.9,38.5,,7.4,,,19.7,75.2,15.4,14.0,31.0,14.1,3.6,,31.2,3.9,9.5,4.4
53025,WA,Grant,17.3,25.4,17.7,32.7,71.0,7.1,10.8,6.5,69.5,79.5,17.6,58.4,6.4,12.6,56.3,23.7,11.5,34.2,,14.8,,23.2,7.7,34.0,,9.0,,,25.3,68.4,17.8,14.3,38.7,15.0,4.3,,32.4,3.5,10.8,6.2
53027,WA,Grays Harbor,9.9,31.5,15.4,39.4,75.0,10.0,11.5,8.1,70.4,83.5,16.3,66.8,8.2,15.0,58.2,26.9,13.6,35.6,,14.8,,21.9,9.3,39.1,,9.1,,,23.8,74.1,18.4,16.4,37.0,16.0,4.4,,39.1,4.2,13.9,5.5
53029,WA,Island,7.1,29.4,14.2,34.7,75.7,11.0,10.4,6.8,73.9,85.9,12.5,72.3,5.9,9.5,70.5,23.2,10.2,28.8,,14.8,,15.6,7.8,36.8,,6.7,,,16.1,74.4,14.8,12.5,31.3,12.8,3.1,,29.0,3.5,7.0,3.9
53031,WA,Jefferson,5.8,37.8,13.4,41.0,79.3,14.0,10.5,9.2,78.7,90.0,11.6,74.0,7.2,9.5,70.8,23.7,13.1,32.9,,14.8,,17.6,10.2,43.2,,7.2,,,17.4,67.0,13.4,15.7,28.7,14.5,3.7,,26.5,4.4,7.9,4.4
53033,WA,King,6.8,19.4,17.1,26.7,68.1,6.7,9.7,4.0,70.0,85.6,11.0,65.5,3.4,7.2,71.8,23.5,7.3,20.9,,14.8,,12.5,4.6,34.0,,5.1,,,13.9,75.6,14.7,7.3,22.6,9.7,2.3,,29.0,2.3,4.6,3.2
53035,WA,Kitsap,7.0,27.0,17.1,33.2,72.9,9.4,11.2,5.8,72.1,84.2,13.2,68.6,5.4,10.4,70.2,25.1,9.8,26.5,,14.8,,14.9,6.8,34.1,,6.7,,,16.7,72.2,16.0,11.3,31.8,12.5,3.0,,31.8,3.1,10.8,3.9
53037,WA,Kittitas,8.1,26.6,18.0,30.2,70.8,8.4,11.3,6.1,69.4,80.9,15.8,66.7,6.1,11.1,65.6,26.4,9.7,29.9,,14.8,,17.0,7.1,32.4,,8.0,,,19.4,71.1,18.0,11.9,34.7,13.5,3.4,,29.7,3.2,13.9,4.5
53039,WA,Klickitat,9.1,31.1,15.4,34.1,76.6,10.4,11.3,7.8,71.5,84.8,14.1,65.4,7.2,12.1,60.2,24.0,11.7,30.6,,14.8,,19.0,8.9,36.3,,7.9,,,20.4,70.8,16.1,14.4,32.9,14.7,4.0,,32.1,4.0,13.1,5.0
53041,WA,Lewis,9.4,30.9,16.0,36.3,74.3,9.7,11.3,7.2,68.7,82.9,15.8,63.0,7.5,14.4,60.0,26.5,12.1,33.3,,14.8,,20.5,8.8,38.8,,8.8,,,22.4,66.0,17.8,14.9,39.0,16.0,4.1,,36.0,3.9,14.4,5.2
53043,WA,Lincoln,7.2,33.4,16.5,36.7,76.5,11.5,11.2,8.1,75.2,86.1,14.2,67.0,7.3,11.7,62.4,23.0,11.7,33.9,,14.8,,18.6,9.4,39.3,,8.1,,,20.5,68.9,15.8,15.5,37.6,14.7,3.9,,31.5,4.1,5.7,4.7
53045,WA,Mason,9.2,32.4,16.0,36.8,75.5,10.2,11.1,7.7,72.4,84.3,14.8,70.0,7.5,13.0,62.7,25.4,12.2,33.5,,14.8,,20.8,8.9,39.0,,8.2,,,21.4,71.2,16.9,15.2,35.9,15.6,4.0,,32.5,4.0,7.7,5.0
53047,WA,Okanogan,12.3,31.6,14.8,37.6,74.8,9.7,11.6,8.6,72.7,82.6,16.8,63.1,8.7,15.5,56.5,24.6,13.3,36.4,,14.8,,23.1,9.8,36.9,,9.8,,,24.8,72.3,17.2,17.2,32.6,16.5,5.1,,34.2,4.5,17.1,6.6
53049,WA,Pacific,8.5,36.8,13.2,42.1,79.5,12.2,11.1,9.2,74.8,87.0,14.3,67.2,8.5,13.1,62.8,25.2,14.9,35.1,,14.8,,21.8,10.3,42.7,,8.6,,,22.2,73.9,16.0,17.4,36.4,16.0,4.4,,34.5,4.7,8.5,5.4
53051,WA,Pend Oreille,7.8,34.4,14.3,38.5,76.6,11.5,11.4,8.8,73.2,85.3,15.0,69.4,8.7,13.6,61.8,24.6,13.3,34.9,,14.8,,21.1,9.9,39.6,,8.9,,,23.1,72.3,16.8,16.8,38.9,16.4,4.5,,30.7,4.5,13.0,5.4
53053,WA,Pierce,8.6,25.8,17.1,32.3,70.3,7.4,10.8,5.3,70.4,82.9,15.6,65.2,5.2,11.6,65.2,26.5,10.6,30.9,,14.8,,17.2,6.6,35.5,,7.5,,,19.0,74.9,18.1,11.9,36.9,13.7,3.2,,37.0,3.0,13.8,4.3
53055,WA,San Juan,6.0,33.5,14.0,37.0,78.8,13.1,10.4,8.0,74.1,89.4,10.7,67.5,6.4,8.9,69.2,22.5,10.9,28.1,,14.8,,15.5,9.2,39.2,,6.5,,,15.8,74.1,13.0,13.6,24.7,13.0,3.3,,26.6,3.9,9.1,4.0
53057,WA,Skagit,9.9,30.0,15.8,33.2,74.5,9.7,11.0,6.9,71.1,84.5,14.0,64.4,6.5,11.4,65.6,25.5,10.8,30.7,,14.8,,18.0,8.4,34.4,,7.7,,,19.6,76.9,15.8,13.7,33.0,14.3,3.7,,30.5,3.6,11.4,4.7
53059,WA,Skamania,7.3,31.1,15.9,36.2,75.9,10.8,11.5,7.4,73.8,85.9,13.7,69.0,7.0,12.0,64.8,25.2,11.2,31.6,,14.8,,17.9,8.6,36.9,,7.7,,,19.2,69.9,16.1,14.3,32.8,14.3,3.8,,32.0,3.8,9.7,4.5
53061,WA,Snohomish,7.7,23.7,16.0,29.6,70.8,7.6,11.1,4.9,71.9,84.8,12.6,67.3,4.8,10.1,66.2,25.0,9.1,25.7,,14.8,,15.4,6.0,35.3,,6.3,,,17.8,74.4,15.8,10.5,30.6,12.1,2.9,,34.5,2.7,6.1,3.7
53063,WA,Spokane,7.3,26.4,17.4,31.1,70.1,8.4,11.5,6.0,72.8,82.9,14.8,68.6,6.0,11.7,65.4,26.5,10.2,29.0,,14.8,,17.6,7.1,34.7,,7.8,,,19.3,76.9,17.5,11.9,34.7,13.1,3.5,,32.6,3.2,10.1,4.3
53065,WA,Stevens,8.0,34.7,15.2,37.6,75.3,11.2,12.0,8.7,72.9,84.2,15.1,63.6,8.6,14.0,61.8,24.3,12.6,34.8,,14.8,,20.5,9.7,38.2,,9.1,,,21.6,64.9,16.0,16.9,34.3,15.9,4.5,,30.7,4.4,14.0,5.5
53067,WA,Thurston,7.3,28.6,14.5,34.5,71.6,9.0,11.2,5.8,69.2,84.0,13.8,69.8,5.3,10.2,69.2,27.2,10.3,29.1,,14.8,,16.6,6.9,36.5,,7.2,,,17.2,75.1,16.9,11.4,31.2,13.4,3.1,,34.3,3.1,7.0,4.0
53069,WA,Wahkiakum,8.0,39.2,13.3,42.9,78.8,12.7,11.5,10.2,75.5,86.7,14.8,66.0,9.2,13.3,63.0,25.4,14.7,36.9,,14.8,,22.0,11.3,43.4,,9.1,,,21.7,72.3,16.0,18.1,39.1,16.8,4.8,,31.1,5.1,13.5,5.8
53071,WA,Walla Walla,10.8,26.0,16.1,31.6,72.5,8.7,11.0,6.5,70.3,81.4,15.2,64.2,6.0,11.1,62.8,24.8,10.6,31.3,,14.8,,19.3,7.8,35.0,,8.0,,,19.6,74.9,16.8,12.8,34.1,14.3,3.7,,29.0,3.4,11.1,4.9
53073,WA,Whatcom,7.8,24.3,17.9,28.4,72.0,8.6,10.7,5.7,70.3,82.3,14.9,68.3,5.4,10.8,65.9,29.5,8.8,29.5,,14.8,,16.2,7.0,33.1,,7.4,,,16.8,73.9,17.9,11.0,26.5,12.9,3.2,,29.1,3.0,9.8,4.1
53075,WA,Whitman,8.0,18.4,18.0,23.9,66.4,5.9,12.0,4.5,67.0,73.7,17.9,65.2,4.9,10.1,63.9,28.5,7.4,30.3,,14.8,,16.0,5.9,27.5,,8.9,,,16.6,73.0,20.9,9.5,28.5,12.1,3.1,,29.0,2.5,9.1,4.5
53077,WA,Yakima,18.8,23.3,15.7,32.7,71.7,6.8,10.7,6.5,68.4,79.2,17.7,55.9,6.5,12.9,55.0,22.6,12.9,34.0,,14.8,,26.4,7.9,34.7,,9.8,,,27.9,67.8,17.8,15.4,39.7,15.5,4.9,,30.7,3.6,17.2,7.2
54001,WV,Barbour,9.3,38.3,13.6,46.4,79.5,9.5,12.6,9.3,80.5,85.3,20.5,64.3,11.9,21.4,52.1,31.9,16.9,42.0,23.8,18.4,20.9,28.1,9.7,43.8,13.6,12.1,10.0,34.8,36.2,73.6,22.6,20.2,43.3,18.5,5.0,12.0,42.5,4.5,20.4,6.4
54003,WV,Berkeley,8.7,32.3,14.7,39.6,75.8,8.0,12.2,6.7,79.8,86.9,17.6,68.3,8.4,17.4,60.6,29.5,13.5,34.9,23.4,15.3,15.7,22.3,6.9,39.8,13.0,9.3,8.5,33.2,31.1,79.6,21.6,15.6,38.7,15.6,3.8,11.1,36.2,3.4,13.9,4.8
54005,WV,Boone,9.1,41.2,13.6,48.1,80.7,10.1,12.5,9.7,81.0,86.9,19.7,63.1,12.4,21.9,51.2,31.0,17.3,42.2,23.7,17.4,19.4,28.3,9.7,45.1,12.7,11.7,9.1,32.5,36.9,71.5,21.6,21.2,46.7,18.9,5.1,11.1,42.5,4.6,23.0,6.2
54007,WV,Braxton,10.3,41.5,12.9,49.0,81.3,10.4,12.4,11.1,81.6,85.9,21.1,65.0,14.3,24.1,50.3,30.2,19.1,44.5,23.7,20.1,24.3,30.9,11.3,44.7,13.9,13.4,10.5,32.8,38.5,76.1,22.0,23.4,41.5,20.2,6.0,12.8,42.0,5.4,29.7,7.5
54009,WV,Brooke,7.4,38.2,14.1,44.6,81.1,10.6,11.7,8.7,81.6,88.2,16.6,66.1,9.8,16.9,57.3,28.8,15.5,37.2,21.5,12.7,13.3,23.3,9.0,43.2,10.0,9.6,7.3,32.8,29.9,80.7,19.5,17.7,40.0,16.3,4.0,8.8,43.5,4.1,19.0,5.0
54011,WV,Cabell,8.3,36.6,14.1,39.8,79.4,9.1,12.8,8.1,80.7,85.2,19.3,67.9,9.8,17.8,52.8,32.4,14.9,39.7,23.4,16.2,17.9,24.9,8.3,40.5,12.3,11.1,9.5,36.2,31.1,75.4,21.9,17.8,44.1,16.8,4.3,11.5,40.9,3.9,20.7,5.6
54013,WV,Calhoun,10.6,45.8,12.0,51.4,83.0,10.9,12.7,12.5,81.9,86.4,21.7,64.3,16.2,26.2,47.2,30.9,21.1,47.9,23.6,22.5,27.7,34.0,12.4,46.8,14.8,14.5,11.3,33.0,41.2,72.2,22.2,26.3,40.8,22.0,6.9,14.1,41.2,6.0,28.1,8.5
54015,WV,Clay,10.2,42.3,12.8,48.4,81.3,10.2,12.6,10.8,81.0,86.0,21.2,66.5,14.0,24.3,49.4,31.5,18.8,45.0,23.9,20.4,23.9,31.0,10.9,45.5,14.1,13.2,10.5,35.0,39.1,72.6,22.3,23.2,41.9,20.5,5.9,12.8,42.4,5.2,26.6,7.4
54017,WV,Doddridge,9.8,38.6,14.5,45.5,79.1,9.6,11.9,9.4,79.8,85.6,19.4,64.9,11.5,21.5,52.4,29.2,16.4,40.2,24.2,17.0,18.6,27.1,9.7,43.6,12.8,11.3,9.3,34.2,34.6,76.9,21.2,19.5,41.0,18.0,4.9,11.2,43.5,4.4,18.2,6.1
54019,WV,Fayette,9.2,40.1,13.1,45.6,80.6,10.2,12.5,9.7,80.5,86.9,19.5,64.2,12.2,21.7,49.8,31.2,17.9,43.1,24.2,17.6,20.3,29.0,10.1,45.6,13.4,11.8,9.5,35.7,35.9,79.1,21.8,21.1,40.5,18.8,5.1,11.9,46.6,4.7,26.8,6.4
54021,WV,Gilmer,11.4,33.8,15.3,43.5,75.7,8.0,11.6,8.2,79.2,83.8,19.9,62.7,10.1,20.7,52.2,28.4,15.5,40.4,26.7,19.8,21.2,27.2,8.6,41.3,15.6,11.1,10.8,34.6,34.8,75.5,21.4,17.9,42.9,17.0,4.7,13.5,41.9,4.1,17.6,6.2
54023,WV,Grant,8.2,40.6,13.1,45.6,81.9,10.8,11.9,9.7,82.0,88.1,17.9,69.1,11.2,19.2,51.1,28.8,16.6,40.9,22.4,14.6,16.0,25.5,10.2,44.1,11.0,10.7,7.9,32.5,33.8,74.5,20.0,20.1,43.2,17.8,4.5,9.6,45.4,4.6,17.9,5.7
54025,WV,Greenbrier,9.2,41.6,12.9,46.9,81.4,10.6,12.3,10.1,81.8,87.6,18.6,63.6,12.4,20.8,54.1,29.4,17.3,39.5,23.0,17.3,19.8,27.3,10.1,43.7,12.4,11.7,9.1,32.5,35.0,72.5,20.8,21.1,40.4,18.9,5.2,11.4,37.8,4.8,22.9,6.5
54027,WV,Hampshire,8.5,40.8,13.4,46.0,82.1,10.5,11.9,9.5,80.9,88.0,18.0,66.2,11.3,20.3,51.4,29.6,16.9,40.4,23.3,14.7,16.0,25.9,9.7,45.2,11.4,10.5,8.0,31.6,33.9,77.8,20.1,19.8,39.2,17.7,4.6,9.8,39.4,4.5,23.6,5.7
54029,WV,Hancock,8.0,39.9,13.3,46.3,81.2,10.5,12.1,9.2,82.4,88.1,17.6,72.6,10.8,18.6,54.3,29.5,16.6,39.7,21.5,14.8,16.1,25.2,9.4,43.2,11.3,10.6,8.1,32.0,32.2,72.2,20.2,19.2,44.0,17.4,4.4,10.0,38.4,4.4,18.5,5.6
54031,WV,Hardy,9.7,41.5,12.9,48.7,81.8,10.3,12.3,10.4,82.2,87.4,19.3,63.8,12.6,21.6,51.9,29.8,19.0,42.5,23.2,18.1,20.5,29.1,10.4,45.4,13.2,11.9,9.5,32.8,36.3,74.2,21.0,21.8,41.9,19.5,5.5,11.8,42.0,5.0,23.8,6.8
54033,WV,Harrison,8.1,37.6,13.3,43.0,80.1,9.6,12.3,8.5,81.8,87.4,18.1,67.2,10.2,18.8,58.3,29.6,15.6,36.9,22.0,15.0,16.4,24.4,8.7,43.4,11.5,10.4,8.3,32.4,30.4,75.0,20.3,17.6,40.2,16.4,4.3,10.2,39.0,4.0,15.8,5.4
54035,WV,Jackson,8.2,39.1,13.5,46.5,81.2,10.2,12.2,9.2,81.7,87.3,18.4,65.0,11.1,19.7,57.5,30.5,17.2,41.0,22.4,15.6,17.4,26.0,9.5,44.7,11.7,11.0,8.6,32.4,34.5,74.3,20.6,19.5,42.8,17.8,4.7,10.6,43.1,4.4,23.4,5.8
54037,WV,Jefferson,7.7,33.3,13.7,40.5,76.8,8.8,11.9,6.8,80.8,88.3,15.5,66.2,7.6,15.1,62.2,27.8,13.4,32.1,21.6,12.5,12.2,20.1,7.0,40.4,10.8,8.3,7.2,30.7,26.4,78.8,18.6,14.5,38.3,14.3,3.4,8.9,36.7,3.3,13.7,4.4
54039,WV,Kanawha,7.8,37.4,14.4,46.2,79.8,9.9,11.9,8.7,81.9,88.0,18.1,67.7,9.8,18.9,59.6,30.2,15.6,39.5,24.1,16.8,17.1,24.0,8.8,43.6,12.9,10.7,8.5,33.8,32.3,72.7,20.9,18.7,40.3,16.5,4.4,11.4,39.2,4.2,15.3,5.5
54041,WV,Lewis,9.0,39.3,13.9,44.2,80.2,9.8,12.2,9.2,80.4,86.5,19.2,65.2,11.6,21.2,53.0,31.0,16.9,40.6,23.6,17.1,19.4,27.1,9.6,43.2,12.7,11.4,9.1,33.7,34.7,74.2,21.6,19.7,40.3,18.3,4.9,11.3,43.2,4.4,19.4,6.1
54043,WV,Lincoln,10.4,41.8,12.8,47.2,81.1,9.8,12.9,10.4,81.3,85.5,21.4,63.1,13.8,24.6,47.1,32.5,18.5,44.0,23.8,20.6,24.7,31.1,10.5,43.4,14.8,13.4,10.7,34.6,36.2,72.6,22.5,22.2,45.6,20.6,5.9,13.3,43.5,5.1,26.9,7.3
54045,WV,Logan,10.1,41.8,13.0,47.8,80.9,9.9,12.7,10.2,80.9,85.7,21.3,61.0,13.5,24.0,46.4,34.3,18.2,45.0,25.0,20.2,24.2,31.7,10.3,45.2,14.6,13.5,10.8,37.1,39.3,69.0,23.1,23.1,45.0,20.5,5.8,13.4,44.5,5.0,24.7,7.2
54047,WV,McDowell,13.9,42.2,12.3,51.0,80.7,9.2,13.2,11.8,80.0,83.2,24.2,62.4,16.5,28.7,41.6,31.1,21.6,49.3,26.6,28.6,34.8,37.0,11.5,44.8,19.4,16.1,14.4,36.8,45.0,70.7,23.8,26.7,46.2,22.2,7.7,17.8,46.0,6.1,35.3,9.7
54049,WV,Marion,7.7,36.1,15.9,41.9,78.6,9.2,12.2,7.9,80.8,86.4,17.9,68.4,9.3,17.7,56.4,30.3,14.7,37.1,21.3,14.5,15.4,23.1,8.1,41.7,11.5,9.9,8.3,33.9,29.8,78.1,21.4,16.7,42.1,15.8,3.9,10.0,40.2,3.7,19.5,5.1
54051,WV,Marshall,8.1,40.1,14.1,45.7,81.5,10.6,12.0,9.4,81.5,87.5,18.1,70.0,11.1,20.4,57.0,29.9,16.4,39.9,22.2,14.8,16.9,25.3,9.7,42.7,11.3,10.7,8.2,30.6,33.3,78.0,20.5,19.3,37.5,17.7,4.6,10.4,43.2,4.4,21.3,5.7
54053,WV,Mason,9.1,40.2,12.7,45.8,81.2,10.3,12.8,9.7,81.5,86.7,19.8,64.0,12.5,21.9,53.4,31.7,17.0,42.0,22.7,17.7,20.4,28.0,9.9,45.1,13.0,12.0,9.4,33.8,36.6,75.6,21.6,20.9,41.3,19.0,5.2,11.6,41.4,4.7,11.1,6.4
54055,WV,Mercer,8.8,41.7,13.0,45.3,81.4,9.8,12.7,9.5,82.1,86.6,19.7,68.2,12.1,21.1,56.1,31.1,17.2,42.9,22.9,17.6,20.7,27.8,9.9,45.0,13.2,12.1,9.7,35.4,35.0,78.3,21.3,21.7,40.8,18.3,5.2,12.2,42.1,4.7,23.9,6.5
54057,WV,Mineral,7.4,38.4,14.8,43.0,80.6,10.1,11.9,8.4,81.0,87.9,16.8,67.8,9.8,17.5,56.7,30.4,15.2,36.8,22.1,12.9,13.9,23.5,8.8,41.2,10.5,9.8,7.5,31.8,30.9,78.8,19.7,17.6,39.3,16.6,4.0,9.1,37.0,4.0,14.4,5.1
54059,WV,Mingo,11.7,42.8,12.3,50.1,80.8,9.8,13.3,11.5,81.1,84.6,23.5,58.1,16.1,27.6,46.5,34.0,20.4,49.6,24.7,25.1,30.2,35.0,11.3,46.3,16.8,15.4,12.6,35.3,44.0,73.4,24.1,26.0,43.5,22.4,7.0,15.6,47.6,5.7,30.6,8.6
54061,WV,Monongalia,7.1,25.8,18.2,31.9,73.8,6.8,11.6,5.6,77.1,83.6,16.9,65.9,6.7,13.9,60.2,29.4,10.8,29.5,20.9,12.9,13.4,18.4,6.1,34.6,10.7,8.7,8.3,35.2,22.9,83.0,20.9,11.7,31.9,12.9,3.0,9.5,39.0,2.7,14.0,4.2
54063,WV,Monroe,8.8,42.6,12.8,47.7,82.2,10.9,12.2,10.3,82.3,87.6,18.7,66.4,12.3,20.5,54.7,30.3,17.9,42.6,23.3,16.3,18.1,27.4,10.7,46.3,11.7,11.5,8.7,33.9,35.7,75.9,20.4,21.4,41.1,18.6,5.0,10.6,40.3,4.9,23.5,6.3
54065,WV,Morgan,8.2,40.6,13.0,46.7,81.1,10.7,11.9,9.4,81.9,88.4,17.6,66.4,11.1,19.4,59.0,29.1,16.8,39.5,23.0,14.3,15.4,25.6,9.8,44.9,11.0,10.5,7.9,32.6,33.4,73.8,19.8,19.7,39.2,17.7,4.5,9.6,40.1,4.4,17.2,5.6
54067,WV,Nicholas,8.6,41.4,13.0,46.6,81.2,10.6,12.1,9.9,81.0,87.5,18.6,67.1,11.9,20.7,54.2,30.8,16.8,41.6,22.9,16.2,18.0,27.1,10.1,44.6,12.0,11.3,8.6,34.2,35.1,76.4,20.7,20.6,40.6,18.4,4.9,10.7,41.2,4.6,23.7,6.0
54069,WV,Ohio,7.4,37.7,15.1,42.5,80.4,10.1,11.9,8.3,81.0,87.5,17.2,68.3,9.4,16.3,62.3,29.5,15.0,37.5,21.3,13.2,14.4,22.8,8.7,41.5,10.6,9.8,7.7,33.5,29.8,79.2,20.1,17.2,39.5,16.2,4.0,9.3,39.2,3.9,16.9,5.1
54071,WV,Pendleton,8.6,42.7,12.4,48.4,83.2,11.8,11.8,10.9,82.9,88.8,17.8,70.6,12.2,19.3,56.6,28.7,18.2,41.4,22.5,14.9,16.6,27.1,11.0,47.2,11.0,11.2,8.1,33.1,34.6,74.0,19.3,21.7,36.5,18.4,4.9,9.6,39.1,5.1,19.0,6.2
54073,WV,Pleasants,8.4,37.2,15.1,43.5,78.5,9.4,11.8,8.1,79.7,86.6,18.1,68.0,10.0,19.7,53.5,30.7,14.9,38.1,23.7,14.8,15.5,24.6,8.6,42.7,11.6,10.0,8.2,33.6,33.0,78.6,20.9,17.4,44.0,16.8,4.2,10.1,42.6,3.9,17.1,5.2
54075,WV,Pocahontas,10.0,43.2,12.2,49.9,82.7,11.3,12.2,11.4,81.5,87.3,19.6,64.9,13.9,22.2,47.9,29.4,19.2,43.8,23.4,18.4,21.3,30.3,11.6,46.6,12.8,12.6,9.5,33.2,37.9,73.3,20.6,23.4,40.6,20.1,5.8,11.6,40.6,5.4,16.6,7.2
54077,WV,Preston,9.4,37.7,15.6,43.1,78.4,9.5,11.9,8.5,79.5,86.1,18.8,66.3,10.5,20.6,52.4,30.5,15.3,39.9,24.4,16.1,17.3,25.5,8.9,42.6,12.4,10.5,8.6,34.6,31.9,76.9,21.2,18.3,37.7,17.2,4.4,10.8,38.7,4.1,26.2,5.6
54079,WV,Putnam,6.9,36.4,14.5,43.7,79.0,9.7,11.7,7.5,82.3,88.3,15.9,66.7,8.8,16.3,62.9,30.1,14.1,34.3,21.6,11.9,12.4,21.3,8.0,43.1,9.9,9.0,6.9,31.0,28.6,74.3,19.6,15.7,38.3,15.3,3.6,8.8,40.3,3.6,13.9,4.5
54081,WV,Raleigh,9.5,39.1,13.2,47.2,80.1,9.7,12.6,9.5,81.9,86.4,20.4,62.2,12.1,20.5,52.7,30.6,17.7,42.9,24.9,19.3,21.5,29.5,9.6,44.4,14.3,12.1,10.2,36.8,36.5,75.3,22.3,20.9,43.1,19.4,5.3,12.9,43.1,4.7,21.8,6.6
54083,WV,Randolph,9.0,39.1,14.3,45.7,79.6,9.9,12.0,9.1,79.8,86.2,18.6,63.9,10.9,20.0,53.6,30.7,16.0,40.4,23.5,16.1,17.3,25.9,9.6,42.4,11.9,11.0,8.7,35.3,33.4,73.3,20.8,19.0,45.9,17.4,4.6,10.6,43.3,4.3,20.8,5.8
54085,WV,Ritchie,9.6,42.3,13.1,47.6,81.8,10.4,12.4,10.5,81.6,86.7,20.0,64.6,13.4,23.3,46.7,30.5,17.9,42.5,23.4,18.4,21.3,29.6,10.6,46.6,13.1,12.5,9.7,33.6,38.3,75.4,21.5,22.2,42.9,19.5,5.6,11.9,43.3,5.0,21.4,6.9
54087,WV,Roane,10.3,43.0,12.3,49.1,81.5,10.3,12.6,11.0,80.8,86.1,21.0,58.6,14.4,23.9,48.3,31.5,19.4,44.8,23.0,20.3,24.1,31.8,11.0,45.7,13.9,13.3,10.4,32.5,39.6,73.5,21.8,23.7,41.6,20.5,6.1,12.7,42.8,5.3,30.1,7.5
54089,WV,Summers,10.0,43.5,11.7,48.9,82.4,10.8,13.0,11.0,82.5,87.4,20.2,65.8,13.9,22.6,51.8,30.5,19.4,44.0,23.5,20.1,23.9,30.9,11.0,45.5,14.6,13.2,10.5,33.1,38.9,75.9,21.5,23.6,39.8,20.3,5.9,13.2,41.5,5.4,30.6,7.4
54091,WV,Taylor,9.0,38.4,14.2,44.9,80.0,9.7,12.3,9.0,80.3,86.7,19.0,66.1,11.2,20.5,51.1,30.2,15.9,39.8,23.8,16.1,17.7,26.3,9.3,44.3,12.3,11.0,8.7,32.6,34.7,75.8,21.0,19.0,42.0,17.9,4.7,10.7,42.4,4.3,16.5,5.8
54093,WV,Tucker,7.8,42.4,12.9,48.1,82.4,11.4,11.9,9.9,82.7,89.2,16.8,70.8,11.3,18.5,60.6,29.3,16.9,39.8,21.6,13.8,14.9,25.4,10.3,45.9,10.3,10.3,7.5,33.0,33.3,75.4,19.1,20.0,39.3,17.8,4.5,9.2,37.2,4.6,19.9,5.6
54095,WV,Tyler,8.1,41.7,12.9,48.0,82.3,10.9,12.0,10.0,82.2,88.2,18.1,64.2,11.9,20.2,56.0,29.8,17.6,40.8,22.5,15.4,17.2,26.3,10.3,46.5,11.5,11.1,8.3,32.3,34.9,74.6,20.4,20.7,42.8,18.3,4.9,10.3,40.7,4.7,17.2,6.0
54097,WV,Upshur,8.9,38.4,14.0,44.9,79.9,9.7,12.2,9.4,81.0,85.9,19.5,63.8,11.5,20.9,50.5,30.3,16.5,41.1,23.4,16.9,19.3,26.6,9.7,44.1,12.4,11.5,9.3,34.0,35.0,75.3,21.6,19.6,36.6,17.9,4.8,11.1,39.4,4.4,22.2,6.1
54099,WV,Wayne,9.0,40.5,13.8,46.5,81.0,10.2,12.5,9.7,81.6,86.7,19.5,68.4,12.0,21.5,51.8,31.3,16.9,42.7,23.5,17.0,19.2,27.9,10.0,43.7,12.6,11.9,9.2,33.0,35.7,75.2,21.8,20.8,42.6,18.7,5.1,11.3,44.3,4.6,21.7,6.3
54101,WV,Webster,10.4,44.8,12.3,49.9,82.6,10.9,12.7,11.5,82.0,86.7,21.0,62.4,14.8,24.2,50.3,31.4,19.5,45.9,24.2,19.8,23.5,31.8,11.5,47.1,13.7,13.5,10.2,34.9,41.2,71.2,21.7,24.4,42.9,20.9,6.2,12.3,39.4,5.5,26.3,7.6
54103,WV,Wetzel,8.6,40.6,13.6,45.6,81.1,10.3,12.1,9.7,81.0,87.2,19.0,67.0,11.7,20.6,53.3,30.7,16.7,41.7,24.4,16.0,18.2,26.9,10.0,45.4,12.0,11.3,8.7,34.6,36.9,72.4,21.3,20.3,42.4,18.2,4.8,10.6,44.6,4.6,18.2,6.0
54105,WV,Wirt,8.6,41.9,13.2,47.6,81.9,10.7,12.3,10.4,81.6,87.6,19.1,66.7,12.7,21.4,47.6,30.3,18.1,41.8,22.6,16.9,19.3,28.0,10.6,45.7,12.2,11.7,8.9,33.1,36.0,75.2,20.9,21.6,42.8,18.9,5.2,11.1,42.5,4.9,26.0,6.4
54107,WV,Wood,7.9,39.0,14.6,45.3,80.0,10.2,12.0,9.0,82.2,87.7,18.3,71.9,10.8,18.9,54.7,32.0,16.6,38.7,21.4,15.5,17.3,25.5,8.9,43.0,11.7,10.7,8.5,32.6,33.1,78.4,20.8,18.8,43.5,17.5,4.5,10.3,41.3,4.2,22.4,5.5
54109,WV,Wyoming,10.5,42.3,12.9,49.7,80.6,9.9,12.9,10.7,80.8,85.6,21.6,62.5,14.0,24.6,45.8,31.6,18.7,46.7,24.7,20.6,23.5,32.0,10.6,46.3,14.4,13.3,10.6,36.5,39.9,69.1,22.4,23.6,44.6,20.6,5.9,12.8,44.4,5.1,26.1,7.3
55001,WI,Adams,9.3,35.4,15.4,43.5,82.4,11.5,10.8,10.6,80.5,87.8,13.7,69.8,10.1,17.5,62.9,22.6,16.7,37.3,20.8,14.1,15.5,23.2,10.5,41.3,9.8,9.6,7.1,29.2,33.7,76.7,14.9,19.4,40.3,16.4,4.9,5.8,32.1,5.0,14.8,5.9
55003,WI,Ashland,8.2,29.1,16.9,36.3,80.2,9.5,11.4,8.4,78.0,85.0,14.4,67.1,8.6,17.3,60.9,25.2,13.9,33.9,20.9,14.4,16.3,21.1,8.9,35.0,10.8,9.6,8.1,32.6,31.5,77.3,16.6,16.7,41.2,15.4,4.5,6.7,32.8,4.3,16.1,5.7
55005,WI,Barron,8.0,29.6,18.3,36.6,80.5,10.1,10.9,8.3,78.5,86.5,13.7,71.5,8.2,15.4,62.5,23.7,13.2,32.0,20.2,12.3,13.3,19.7,8.5,36.5,9.2,8.8,6.6,30.1,29.6,79.7,15.6,15.7,38.3,14.6,4.1,5.4,32.3,4.1,14.7,5.0
55007,WI,Bayfield,6.2,34.0,15.8,41.2,83.2,12.0,10.8,9.1,80.8,89.6,11.6,72.6,7.9,13.3,69.3,23.0,13.9,32.5,18.1,9.8,10.4,18.7,9.3,42.9,7.6,8.0,5.8,28.0,27.3,82.0,13.9,16.3,39.1,14.4,3.8,4.6,31.5,4.3,9.9,4.7
55009,WI,Brown,8.2,25.2,18.7,31.5,76.7,8.3,10.7,6.2,77.6,85.2,13.1,71.0,6.1,13.4,69.1,23.2,10.5,28.3,18.5,11.8,11.7,17.1,6.4,33.9,9.8,7.7,6.7,29.3,27.1,82.3,15.5,12.6,41.1,12.5,3.3,5.5,30.7,3.1,6.3,4.2
55011,WI,Buffalo,7.8,30.6,18.2,36.6,80.3,10.2,10.7,8.1,78.8,87.0,13.0,69.9,7.8,15.0,67.9,23.4,12.8,32.3,19.5,11.2,11.9,18.9,8.5,37.2,8.6,8.3,6.2,29.5,29.9,80.2,15.3,15.6,39.6,14.4,3.9,5.0,32.8,3.9,10.6,4.6
55013,WI,Burnett,7.6,35.5,15.6,41.2,83.2,11.9,10.9,10.0,80.5,88.9,13.0,70.8,9.7,16.1,64.3,22.1,15.5,35.4,18.6,11.9,13.2,21.2,10.4,40.5,8.5,9.1,6.4,28.5,31.9,81.1,14.5,18.3,39.0,15.8,4.6,5.3,30.8,4.9,10.2,5.6
55015,WI,Calumet,7.0,25.9,20.4,31.0,78.2,8.8,10.7,6.1,77.5,86.9,11.9,69.2,5.9,12.9,70.0,23.4,10.3,27.2,18.6,9.5,9.8,15.4,6.6,33.7,8.1,7.0,5.6,28.9,25.3,78.8,15.1,12.0,33.3,12.2,3.1,4.6,32.7,3.0,10.4,3.8
55017,WI,Chippewa,7.6,28.3,19.8,34.7,78.2,9.2,11.1,7.2,76.0,85.6,13.6,67.8,7.2,15.6,67.2,24.1,11.7,32.8,20.1,11.1,12.3,18.8,7.8,35.2,9.1,8.3,6.4,29.8,28.2,78.9,15.8,13.9,41.7,13.8,3.7,5.3,32.7,3.6,13.9,4.4
55019,WI,Clark,11.2,28.8,18.2,33.7,77.9,8.8,11.4,8.2,74.5,82.9,15.9,66.2,9.0,18.3,61.6,22.6,12.5,34.3,21.7,15.4,16.5,22.0,8.6,36.2,11.2,10.1,8.0,31.3,33.5,76.2,17.0,16.6,37.9,15.7,4.6,6.3,31.8,4.1,12.3,5.7
55021,WI,Columbia,7.4,27.8,19.2,32.8,79.1,9.3,10.8,6.9,76.0,86.6,12.7,68.5,6.9,14.4,68.7,23.3,11.3,29.5,19.0,10.4,11.0,17.0,7.3,34.1,8.7,7.6,6.0,30.0,26.2,78.5,15.4,13.5,33.6,13.3,3.5,5.0,32.0,3.4,8.5,4.2
55023,WI,Crawford,8.2,31.9,17.3,38.5,81.3,10.4,10.9,8.8,78.5,86.3,13.8,70.2,8.8,16.4,62.3,23.2,13.8,33.7,20.2,12.8,14.1,20.8,9.2,37.2,9.4,9.1,6.8,29.9,30.1,77.0,15.8,16.8,37.4,15.0,4.3,5.6,35.3,4.4,17.0,5.3
55025,WI,Dane,6.6,19.5,20.8,25.6,74.3,7.2,9.9,4.8,73.6,84.8,11.3,70.9,4.4,9.8,70.2,24.3,8.2,24.3,18.6,9.3,8.8,13.2,5.3,28.9,8.2,6.3,5.7,30.9,20.5,79.9,14.8,9.4,32.4,10.4,2.5,4.5,28.6,2.4,4.5,3.4
55027,WI,Dodge,8.5,28.2,19.1,33.4,78.2,8.9,10.7,7.0,78.8,85.7,13.5,68.1,7.0,14.9,62.7,22.8,11.3,31.3,20.8,12.1,12.0,18.2,7.4,36.7,9.7,7.9,6.6,29.9,28.4,78.8,16.0,13.9,42.8,13.5,3.6,5.4,36.0,3.5,10.5,4.4
55029,WI,Door,6.3,33.2,16.1,38.8,82.7,12.0,10.5,8.5,81.5,90.0,10.8,71.0,7.5,11.9,67.6,20.7,13.0,30.3,17.8,8.4,8.9,17.0,9.0,39.4,6.6,7.4,4.9,26.9,27.0,80.7,13.0,15.1,36.6,13.3,3.5,4.0,30.9,4.1,10.0,4.3
55031,WI,Douglas,7.1,28.2,18.6,35.5,78.6,9.2,11.0,7.2,78.0,86.2,13.0,68.6,7.0,14.3,68.3,23.9,11.7,30.8,19.1,11.1,11.7,17.5,7.7,36.1,8.8,7.9,6.3,29.8,27.2,80.1,16.0,13.8,41.0,13.5,3.5,5.2,32.9,3.5,12.2,4.3
55033,WI,Dunn,7.3,23.9,20.2,29.9,75.9,7.8,10.8,6.0,75.2,82.7,14.0,67.9,6.2,13.7,65.7,25.0,9.9,30.4,20.0,11.2,11.5,16.6,6.8,31.7,9.0,8.0,6.8,32.2,26.6,78.7,16.7,12.1,38.8,12.5,3.2,5.1,33.9,3.0,10.2,4.1
55035,WI,Eau Claire,7.1,23.7,20.0,29.0,75.4,8.0,10.7,5.8,75.2,83.2,13.3,65.6,5.8,12.6,67.0,26.0,9.4,28.6,21.0,10.5,10.7,15.5,6.5,31.8,8.5,7.6,6.4,32.6,24.4,81.5,16.8,11.4,30.0,11.7,3.0,4.8,35.9,2.9,12.7,3.9
55037,WI,Florence,6.9,34.5,16.4,40.7,82.6,11.8,10.7,9.0,81.1,89.5,12.0,72.8,8.5,14.5,61.6,22.4,14.3,33.4,19.5,10.1,10.9,19.2,9.3,41.5,7.7,8.0,5.6,27.9,29.4,77.3,14.0,16.6,37.5,15.0,4.0,4.5,33.0,4.3,11.1,4.7
55039,WI,Fond du Lac,8.1,28.9,18.7,34.4,78.3,8.9,11.0,6.9,78.2,85.7,13.3,66.9,6.9,14.8,66.5,24.4,11.5,31.7,20.5,11.4,11.8,17.7,7.5,36.1,9.3,8.1,6.4,31.3,29.1,77.6,15.6,14.4,43.8,13.7,3.5,5.2,30.8,3.5,7.9,4.4
55041,WI,Forest,9.1,35.3,18.1,43.2,82.5,10.8,12.1,9.9,80.2,87.0,15.4,67.5,10.2,19.9,61.0,25.4,16.7,38.7,21.0,15.5,17.2,24.7,10.4,42.5,11.3,10.7,8.3,31.1,35.3,79.6,17.5,19.9,46.0,17.6,5.2,6.9,34.5,5.0,12.0,6.5
55043,WI,Grant,8.2,26.1,19.9,31.7,77.6,8.5,11.0,7.0,76.2,82.7,14.7,68.2,7.3,15.0,61.9,24.4,11.5,31.7,20.3,12.7,13.8,18.5,7.6,33.6,9.5,9.0,7.3,31.3,31.1,78.1,17.3,14.2,40.9,13.8,3.8,5.7,34.3,3.5,17.1,4.8
55045,WI,Green,7.1,28.5,18.4,35.9,79.1,9.6,10.5,7.0,77.8,87.1,12.4,71.1,6.8,13.6,67.5,23.0,11.3,30.1,18.8,10.0,10.5,17.2,7.7,36.9,8.2,7.6,5.7,28.3,26.5,80.5,15.0,13.4,40.3,13.1,3.4,4.7,32.0,3.5,12.0,4.2
55047,WI,Green Lake,8.8,32.4,17.1,37.8,80.9,10.2,11.1,8.6,78.3,86.3,14.0,68.6,8.8,16.0,59.4,23.6,13.7,34.8,20.2,13.3,14.8,20.8,9.1,37.3,9.8,9.3,7.1,30.3,32.2,75.1,15.8,16.9,40.4,15.1,4.4,5.8,33.6,4.3,12.0,5.4
55049,WI,Iowa,6.7,28.5,18.8,33.3,79.5,9.6,10.5,7.0,77.6,87.4,12.1,69.9,6.8,13.8,70.3,23.5,11.3,29.1,18.7,9.8,10.1,17.0,7.4,35.9,8.0,7.4,5.6,29.1,28.3,77.4,15.1,13.1,38.7,13.1,3.3,4.6,31.3,3.4,11.0,4.0
55051,WI,Iron,6.9,35.0,16.3,39.6,83.7,12.3,10.7,9.8,80.7,89.4,12.3,68.8,9.1,14.8,67.3,21.3,14.8,32.9,18.3,10.5,11.7,20.1,10.1,39.5,7.9,8.7,5.9,28.7,30.4,79.2,14.1,17.5,34.7,15.1,4.3,4.8,28.3,4.7,10.0,5.1
55053,WI,Jackson,9.1,30.1,17.7,38.1,78.7,9.3,11.1,8.3,77.6,85.1,14.6,65.9,8.5,17.7,61.6,23.5,13.4,34.3,21.0,14.4,15.8,21.5,8.7,36.8,11.0,9.3,7.7,30.2,31.4,78.7,16.6,16.3,40.4,15.3,4.4,6.5,35.5,4.1,16.3,5.4
55055,WI,Jefferson,7.9,26.2,19.1,31.1,77.6,8.7,10.9,6.5,76.4,85.6,12.6,66.6,6.4,13.4,69.2,22.8,10.7,28.5,19.6,10.6,10.5,16.8,6.9,32.9,8.9,7.6,6.1,30.9,27.7,77.8,15.5,12.7,40.7,13.0,3.3,4.9,31.0,3.2,12.5,4.1
55057,WI,Juneau,9.2,30.9,18.3,39.7,79.7,9.6,11.1,8.7,77.7,85.3,14.8,64.1,9.1,18.5,62.1,24.2,14.2,35.1,21.7,14.4,16.5,22.4,8.9,37.9,10.8,9.7,7.7,30.5,32.2,75.7,16.4,17.4,42.1,15.9,4.7,6.5,32.7,4.3,13.7,5.7
55059,WI,Kenosha,9.4,27.5,19.3,33.6,77.2,8.1,11.0,6.3,76.7,85.6,13.3,68.8,6.5,14.5,61.8,24.1,11.4,30.1,21.2,12.9,13.3,18.4,6.6,33.3,11.0,7.9,7.2,30.7,27.3,78.9,16.0,13.1,40.1,13.0,3.6,5.9,35.8,3.2,16.3,4.6
55061,WI,Kewaunee,7.5,29.4,18.4,35.4,79.4,9.9,10.6,7.6,79.0,87.0,12.7,70.7,7.3,14.7,68.2,22.6,12.1,31.1,19.2,10.5,10.9,17.9,8.1,36.8,8.5,7.9,5.9,29.2,28.3,78.4,15.0,14.3,41.3,13.5,3.6,4.8,34.7,3.7,9.3,4.4
55063,WI,La Crosse,6.6,25.4,19.8,30.0,76.9,8.2,11.2,6.1,78.5,84.6,13.1,71.4,6.0,12.6,68.8,25.1,10.1,30.0,19.2,10.2,10.7,16.3,6.7,34.3,8.3,7.7,6.3,32.4,25.1,80.4,16.3,12.3,37.5,12.3,3.1,4.9,31.6,3.0,10.4,4.0
55065,WI,Lafayette,8.8,30.0,18.2,36.4,79.2,9.5,10.9,7.9,78.2,85.5,14.1,67.8,8.0,15.9,66.1,24.0,12.5,33.4,20.2,12.9,13.8,20.3,8.3,37.2,9.7,8.9,6.9,31.1,30.6,77.2,16.4,15.8,41.9,14.7,4.1,5.6,33.4,3.9,11.6,5.0
55067,WI,Langlade,8.5,33.2,17.2,39.2,81.6,10.5,11.0,9.0,78.8,86.4,14.1,70.8,9.2,17.2,65.1,21.8,14.1,35.0,20.5,13.0,14.6,21.5,9.4,40.0,9.3,9.5,7.0,30.2,33.0,78.1,15.8,17.7,37.1,15.7,4.5,5.6,32.4,4.5,13.3,5.5
55069,WI,Lincoln,7.8,33.4,17.9,38.4,79.9,10.1,11.0,8.5,79.1,87.1,13.5,70.3,8.5,16.0,67.2,23.9,13.1,34.5,19.5,12.3,13.3,20.5,8.9,38.5,9.3,8.9,6.5,30.2,30.2,79.0,15.7,16.4,42.8,14.7,4.2,5.3,33.0,4.1,13.5,5.0
55071,WI,Manitowoc,8.0,29.9,18.7,36.9,78.7,9.8,10.7,7.7,78.4,86.6,12.9,67.3,7.7,14.9,67.4,21.6,12.2,29.8,19.2,11.5,12.1,18.5,8.0,36.1,8.9,8.3,6.3,29.4,30.3,76.1,14.9,15.0,39.1,14.0,3.8,5.1,34.9,3.8,15.1,4.7
55073,WI,Marathon,7.7,27.0,18.8,34.4,77.5,9.1,10.2,6.9,77.0,86.2,12.5,65.3,6.7,14.3,69.4,24.0,10.9,29.9,20.1,11.2,11.6,18.0,7.4,37.0,8.9,7.8,6.2,28.4,27.9,76.8,14.8,13.2,36.3,13.1,3.5,4.9,30.1,3.4,5.5,4.3
55075,WI,Marinette,7.7,32.2,17.5,38.2,81.5,10.7,10.9,8.7,79.4,87.4,13.5,71.7,8.5,16.1,60.8,23.2,13.9,34.1,19.8,12.1,13.3,20.0,9.0,39.0,9.0,8.8,6.5,28.6,30.2,76.9,15.3,16.7,37.8,14.9,4.2,5.3,31.9,4.2,13.5,5.0
55077,WI,Marquette,8.5,33.5,16.3,40.6,82.2,10.7,11.0,9.3,80.0,87.4,13.7,69.9,9.5,17.0,60.3,23.3,14.6,35.6,20.2,12.8,14.4,21.9,9.5,39.8,9.6,9.4,6.8,30.4,32.9,79.2,15.3,18.1,43.4,15.9,4.6,5.6,33.6,4.6,11.4,5.5
55078,WI,Menominee,9.6,30.3,16.3,38.9,78.6,7.5,13.9,8.6,78.1,83.8,17.3,64.4,8.9,23.4,54.4,23.3,18.2,40.6,26.5,27.2,26.8,27.2,9.9,35.0,19.2,12.1,14.6,34.8,36.8,74.9,19.3,20.6,45.4,18.3,5.4,11.9,38.2,5.0,17.7,8.5
55079,WI,Milwaukee,10.8,25.1,16.8,35.2,76.7,6.6,11.8,6.2,78.3,84.8,14.4,70.3,6.7,14.6,63.9,23.6,13.1,30.6,24.9,19.2,20.6,22.2,5.9,33.0,14.6,9.8,10.0,34.9,27.8,82.7,17.0,14.8,38.6,13.6,4.6,8.5,35.8,3.6,13.2,5.8
55081,WI,Monroe,9.0,30.8,18.3,36.0,78.3,9.0,11.2,7.8,77.3,85.1,14.4,65.7,8.2,17.1,65.7,25.2,12.8,33.6,20.8,14.1,15.6,20.6,8.1,35.9,10.7,9.2,7.6,30.7,32.0,78.2,16.7,16.0,44.4,15.1,4.3,6.4,31.1,3.9,10.8,5.2
55083,WI,Oconto,7.4,31.2,17.6,37.1,80.5,10.1,11.0,8.0,79.5,87.4,13.1,68.9,7.9,15.7,63.4,23.2,12.9,33.5,19.9,11.6,12.3,19.0,8.4,38.4,9.0,8.3,6.2,29.9,29.8,77.8,15.8,15.5,42.7,14.5,3.9,5.1,32.0,3.9,16.0,4.7
55085,WI,Oneida,6.5,32.4,17.3,39.1,81.3,11.5,10.4,8.6,80.5,88.9,11.8,69.4,7.9,14.1,69.3,23.5,13.8,32.2,18.5,9.7,10.6,18.3,8.9,38.7,7.7,7.8,5.5,30.6,26.8,78.8,14.5,16.1,35.2,14.7,3.8,4.5,31.6,4.1,9.2,4.5
55087,WI,Outagamie,7.1,26.8,21.6,33.3,76.9,8.3,10.6,6.0,78.7,86.1,12.3,68.7,5.9,12.7,67.5,23.7,10.3,26.9,19.3,10.3,10.3,16.1,6.4,35.0,8.5,7.1,5.8,31.2,25.6,81.0,15.5,11.9,36.6,12.3,3.0,4.8,32.1,3.0,8.1,3.9
55089,WI,Ozaukee,5.5,26.3,19.0,30.3,80.0,9.9,10.2,6.3,80.2,88.9,10.2,71.4,5.4,10.3,73.2,21.8,10.1,25.3,16.8,7.3,7.2,14.2,6.7,37.2,6.2,6.1,4.5,26.2,22.1,84.2,13.5,11.3,30.3,11.2,2.7,3.6,28.6,3.0,7.8,3.3
55091,WI,Pepin,7.2,30.9,18.2,36.3,81.0,10.5,10.6,7.9,79.3,87.7,12.3,70.9,7.4,14.2,66.5,22.6,12.4,30.6,19.3,10.0,10.5,17.8,8.4,37.6,8.1,7.8,5.7,29.0,27.8,78.7,14.8,14.5,36.6,13.7,3.6,4.6,31.6,3.8,9.9,4.3
55093,WI,Pierce,6.7,25.3,20.7,30.8,76.1,8.2,10.7,5.9,75.1,84.2,13.0,67.3,5.8,13.0,68.6,23.5,9.8,27.3,19.1,9.9,10.1,14.9,6.6,33.2,8.2,7.4,6.0,31.2,24.7,76.0,15.8,11.1,33.2,12.0,3.0,4.7,33.6,2.9,8.6,3.8
55095,WI,Polk,7.2,31.2,18.6,36.1,80.2,10.0,10.7,7.5,78.0,87.4,12.7,70.2,7.3,14.3,65.9,22.6,12.4,31.1,18.8,10.5,10.8,17.7,8.1,39.1,8.3,7.9,5.9,29.5,27.0,79.6,15.0,14.6,35.6,13.5,3.7,4.8,28.9,3.8,11.1,4.4
55097,WI,Portage,7.2,24.4,20.3,29.0,77.2,8.3,10.7,6.2,77.4,84.1,13.0,70.2,6.1,12.8,66.3,24.6,9.6,28.9,18.7,11.2,10.9,16.5,7.0,33.9,8.4,7.6,6.2,30.7,24.6,80.0,16.2,11.5,35.1,12.0,3.1,4.9,33.5,3.1,9.5,4.1
55099,WI,Price,7.8,34.1,16.5,40.1,83.4,11.2,10.9,9.7,80.8,88.0,13.1,67.7,9.5,16.7,64.4,22.0,14.8,32.9,19.2,12.5,14.0,21.4,9.8,39.7,8.9,9.2,6.6,28.1,31.7,76.4,14.9,17.8,42.5,15.8,4.6,5.4,35.5,4.7,13.3,5.5
55101,WI,Racine,9.6,28.2,17.2,34.6,78.4,8.5,11.3,6.7,77.4,86.3,13.5,66.9,6.7,14.7,62.3,22.4,12.5,30.5,20.8,14.2,13.5,19.2,6.9,33.3,10.9,8.1,7.2,28.1,31.2,82.8,15.3,14.4,42.3,13.2,3.7,6.2,36.0,3.5,10.2,4.8
55103,WI,Richland,8.7,31.8,17.0,37.2,80.9,10.3,10.9,8.8,78.2,86.1,14.1,65.6,8.9,16.4,65.4,22.5,13.6,34.7,20.2,13.1,14.5,20.8,9.3,36.4,9.6,9.4,7.0,29.7,31.7,76.3,15.6,17.0,37.5,15.1,4.4,5.7,32.7,4.4,9.5,5.4
55105,WI,Rock,8.8,27.0,17.0,33.4,77.5,8.5,11.2,6.7,76.8,85.4,13.3,67.1,6.8,14.7,64.5,23.3,12.3,31.0,21.4,12.7,13.3,19.5,7.1,34.6,10.3,8.2,6.9,31.2,29.6,74.0,16.0,14.1,41.9,13.8,3.7,5.7,37.2,3.4,10.9,4.6
55107,WI,Rusk,8.4,33.9,16.4,39.7,82.1,10.7,11.1,9.6,80.2,86.7,14.3,68.6,9.8,17.5,62.8,22.7,14.9,35.8,20.2,13.4,15.8,22.3,9.8,38.4,9.7,9.8,7.2,30.4,31.4,78.7,15.9,18.3,41.1,15.9,4.8,6.0,31.6,4.7,18.5,5.7
55109,WI,St. Croix,6.1,24.7,20.7,32.0,77.3,8.7,10.4,5.7,76.2,87.2,11.6,68.9,5.5,12.6,74.0,22.6,9.6,26.4,18.6,8.8,8.8,14.8,6.2,32.8,7.4,6.6,5.2,28.3,24.1,80.5,14.6,11.1,36.3,11.7,2.8,4.3,31.0,2.9,9.0,3.5
55111,WI,Sauk,8.0,28.5,19.0,34.0,79.2,9.3,10.8,7.1,77.5,86.3,13.0,67.6,7.0,14.9,64.4,24.2,12.3,31.8,19.2,11.5,11.9,18.7,7.6,35.4,9.2,8.0,6.3,30.2,29.8,80.1,15.7,14.5,40.4,13.8,3.6,5.2,34.2,3.5,8.2,4.4
55113,WI,Sawyer,7.6,34.1,15.7,41.4,82.4,11.2,11.0,9.6,80.8,87.9,13.3,68.3,9.3,17.3,65.0,22.7,15.2,35.8,19.5,13.4,14.7,22.9,10.0,39.0,9.7,9.4,7.5,27.7,31.3,77.4,15.0,18.6,34.3,16.3,4.7,6.0,33.8,4.8,9.6,5.9
55115,WI,Shawano,8.1,30.9,18.1,35.9,80.9,9.8,11.2,8.1,79.1,86.3,13.9,67.3,8.2,16.7,66.0,22.0,12.9,31.8,20.6,13.1,14.0,20.1,8.6,37.1,10.0,9.0,7.2,30.9,30.0,75.9,16.0,15.9,40.4,14.7,4.1,5.9,34.4,4.1,9.1,5.1
55117,WI,Sheboygan,7.9,26.8,19.7,35.4,77.7,9.0,10.3,6.9,77.9,86.1,12.5,66.2,6.5,13.7,68.1,22.0,11.5,29.5,19.9,11.2,11.3,18.0,7.2,35.0,8.9,7.7,6.2,29.9,29.0,81.5,15.4,13.6,36.6,13.4,3.4,5.0,31.8,3.4,8.1,4.3
55119,WI,Taylor,8.3,30.9,17.4,37.3,81.0,9.8,10.7,8.2,79.2,86.2,13.9,66.2,8.4,16.3,64.5,21.6,12.8,34.1,19.6,12.1,13.8,20.5,8.8,37.7,9.2,9.0,6.8,30.7,32.1,80.9,16.1,16.8,44.3,15.0,4.2,5.5,33.2,4.1,12.8,5.1
55121,WI,Trempealeau,9.0,29.1,19.2,35.3,78.5,9.3,10.6,7.5,77.7,85.8,13.6,68.3,7.6,15.8,66.2,23.2,12.3,30.9,20.0,12.5,13.1,18.7,8.0,35.7,9.7,8.5,6.7,28.5,29.0,76.8,15.9,14.9,41.3,14.2,3.9,5.5,34.3,3.7,12.7,4.8
55123,WI,Vernon,8.0,31.0,18.8,36.5,80.2,9.9,11.0,8.4,78.2,86.0,13.9,65.8,8.5,16.1,64.0,22.9,12.9,32.6,19.3,12.5,14.2,20.3,8.7,37.0,9.4,9.1,6.8,29.0,29.6,78.5,15.9,16.3,38.8,14.8,4.3,5.6,30.6,4.1,12.3,5.2
55125,WI,Vilas,6.3,34.5,16.6,41.6,82.9,12.2,10.8,9.4,80.7,89.9,11.6,72.6,8.3,14.2,66.7,22.4,13.8,32.4,18.3,10.5,11.0,18.7,9.5,42.0,7.7,8.1,5.8,27.8,28.7,79.6,13.6,16.4,38.4,14.8,4.0,4.6,28.4,4.4,9.7,4.9
55127,WI,Walworth,8.4,26.3,20.0,32.7,78.4,8.8,10.5,6.8,77.3,85.5,12.8,69.7,6.4,12.8,69.6,21.9,11.2,29.8,20.0,10.9,10.8,17.2,7.1,34.9,8.8,7.7,6.3,30.9,26.1,77.3,15.2,13.4,38.4,13.1,3.4,4.8,31.4,3.3,5.6,4.3
55129,WI,Washburn,7.4,34.3,17.0,40.4,82.6,11.2,11.0,9.2,80.5,88.4,12.8,70.0,8.9,15.7,67.0,21.6,14.4,33.1,18.6,11.5,13.0,20.1,9.4,41.2,8.6,8.8,6.3,30.1,30.9,75.9,14.7,17.0,35.6,15.1,4.4,5.2,32.4,4.5,10.6,5.2
55131,WI,Washington,6.2,26.1,20.5,32.9,79.3,9.6,10.5,6.5,79.2,88.0,11.4,70.6,5.9,12.1,72.6,22.3,10.5,26.1,18.8,8.7,8.6,15.2,6.9,35.9,7.3,6.7,5.1,28.6,22.7,79.9,14.6,11.9,36.4,12.0,3.0,4.2,32.5,3.2,8.5,3.7
55133,WI,Waukesha,5.7,26.5,20.6,33.6,78.6,9.6,10.2,6.2,79.5,88.7,10.3,72.2,5.2,10.3,73.0,20.2,10.5,26.1,16.3,7.6,7.0,13.8,6.5,35.5,6.7,6.1,4.6,28.8,21.0,83.8,12.9,11.4,33.4,11.5,2.7,3.7,30.8,2.9,5.9,3.3
55135,WI,Waupaca,8.2,30.8,19.7,36.7,79.7,9.5,11.1,7.7,78.4,86.5,13.4,67.6,7.8,15.7,67.0,22.9,13.1,32.0,19.9,11.9,12.8,19.5,8.1,37.3,9.2,8.5,6.4,29.1,28.7,83.2,15.7,15.3,38.2,14.3,3.9,5.3,33.0,3.8,11.4,4.7
55137,WI,Waushara,8.9,32.1,17.4,39.1,81.7,10.5,10.5,8.9,79.3,87.3,13.5,71.2,8.7,16.5,61.5,22.1,14.4,33.3,21.2,12.8,13.6,20.5,9.2,37.4,9.5,9.0,6.7,28.8,32.0,77.9,15.3,17.1,39.7,15.0,4.4,5.5,31.3,4.4,12.9,5.3
55139,WI,Winnebago,7.7,27.2,21.4,32.4,77.3,8.4,11.0,6.3,78.0,84.6,13.3,70.7,6.4,14.2,69.1,23.4,11.2,28.9,20.1,11.0,11.7,17.3,6.8,33.9,9.5,7.9,6.6,29.3,27.7,81.8,16.1,13.1,40.0,12.5,3.4,5.2,31.1,3.2,9.1,4.3
55141,WI,Wood,7.9,30.1,19.2,35.9,79.4,9.6,10.9,7.8,77.7,86.5,13.3,67.0,7.7,15.5,64.1,22.7,12.6,31.7,20.4,11.8,12.4,18.7,8.3,35.7,9.0,8.4,6.4,28.5,28.2,80.8,15.7,15.0,40.0,14.1,3.8,5.2,31.5,3.9,8.6,4.7
56001,WY,Albany,10.3,18.6,18.9,25.4,65.7,6.2,10.4,4.7,67.7,76.0,15.0,59.4,5.1,10.5,62.2,23.7,7.5,26.6,,14.8,,15.0,5.9,28.7,,7.3,,,17.5,65.2,17.1,9.3,27.0,10.9,2.7,,30.6,2.4,11.6,4.1
56003,WY,Big Horn,13.1,28.8,14.3,35.7,75.5,9.9,10.3,8.2,68.9,82.4,15.3,55.1,8.8,15.7,61.2,21.6,12.6,34.4,,14.8,,21.1,9.4,35.9,,8.9,,,28.0,61.5,15.9,16.1,33.8,14.8,4.2,,30.2,4.0,18.7,5.4
56005,WY,Campbell,12.5,23.6,16.1,29.6,70.7,7.7,10.3,5.6,67.2,80.9,15.0,55.0,6.6,15.3,57.0,22.8,9.9,30.8,,14.8,,18.2,6.9,33.7,,7.9,,,25.9,63.7,16.6,12.4,35.9,13.2,3.3,,34.3,2.9,16.4,4.3
56007,WY,Carbon,14.7,25.8,15.0,34.6,73.6,8.9,9.9,7.4,69.3,81.5,15.2,53.7,8.0,15.6,57.7,19.8,12.9,32.9,,14.8,,20.8,8.7,35.6,,8.6,,,30.5,61.9,15.8,15.0,38.6,14.6,4.2,,32.1,3.8,11.7,5.6
56009,WY,Converse,12.0,27.0,16.0,34.3,74.4,9.2,10.3,7.1,70.8,82.5,14.7,58.7,7.8,15.4,60.5,21.0,11.5,31.4,,14.8,,19.2,8.6,34.8,,8.2,,,26.4,65.1,16.0,14.0,37.3,14.0,3.8,,33.1,3.6,17.2,4.8
56011,WY,Crook,9.5,29.4,15.7,34.4,76.0,10.7,10.2,7.3,72.6,85.4,12.9,61.1,7.5,13.5,62.1,20.1,11.5,31.0,,14.8,,17.5,8.9,36.4,,7.3,,,24.5,68.6,14.8,13.7,32.6,13.6,3.4,,30.0,3.6,10.3,4.2
56013,WY,Fremont,11.7,26.1,14.2,35.4,73.3,9.2,10.9,7.6,66.9,81.9,15.6,54.5,8.3,16.4,60.9,20.6,12.4,35.7,,14.8,,20.6,9.3,33.8,,8.9,,,27.2,64.6,16.3,15.5,33.9,14.6,4.0,,31.3,3.9,14.4,5.5
56015,WY,Goshen,12.1,29.2,14.5,35.8,75.4,10.2,9.9,8.0,72.0,83.0,14.3,59.0,8.1,13.9,63.8,20.9,12.3,32.3,,14.8,,19.6,9.5,35.5,,8.4,,,27.0,68.3,15.0,15.1,36.8,14.2,3.9,,30.5,3.9,12.3,5.1
56017,WY,Hot Springs,10.9,33.2,12.9,39.1,79.1,12.0,10.5,9.7,74.3,85.1,14.2,58.8,9.9,14.9,60.1,20.7,14.5,34.5,,14.8,,22.0,11.1,40.1,,9.2,,,28.4,67.7,14.7,18.0,35.1,15.6,4.6,,30.2,4.8,18.5,5.8
56019,WY,Johnson,10.5,30.8,13.3,37.1,78.1,11.4,10.2,8.8,72.0,85.0,13.7,56.1,8.9,14.7,64.0,19.6,13.1,34.3,,14.8,,20.2,10.3,39.2,,8.6,,,28.4,67.1,14.6,16.4,35.6,14.8,4.1,,29.9,4.3,12.4,5.2
56021,WY,Laramie,12.0,24.6,14.3,30.3,72.8,8.6,10.1,5.9,70.3,82.2,13.7,61.8,6.6,13.3,65.4,21.1,10.5,29.5,,14.8,,18.2,7.4,34.3,,7.4,,,27.5,69.9,16.0,13.0,33.8,13.3,3.3,,33.5,3.1,12.6,4.4
56023,WY,Lincoln,10.0,26.8,15.1,34.5,73.6,9.7,10.0,6.8,69.9,84.0,13.6,57.7,7.3,14.1,66.3,19.9,11.4,28.5,,14.8,,17.2,8.0,34.5,,7.5,,,24.5,66.5,15.0,13.0,35.4,13.4,3.4,,31.1,3.5,13.1,4.3
56025,WY,Natrona,11.6,24.7,16.2,30.2,73.5,8.6,10.3,6.2,70.6,82.1,14.5,60.1,7.1,14.9,60.8,23.2,11.1,32.2,,14.8,,18.3,7.9,32.5,,7.8,,,26.3,70.8,16.3,13.5,36.6,12.7,3.5,,34.5,3.2,14.6,4.5
56027,WY,Niobrara,11.6,30.9,13.2,36.4,77.6,10.7,10.9,8.7,71.8,83.5,15.4,56.1,9.5,16.1,55.3,22.3,13.0,35.1,,14.8,,21.2,10.1,36.9,,9.5,,,30.2,64.9,16.4,17.0,36.3,15.3,4.4,,31.4,4.4,16.3,5.6
56029,WY,Park,10.0,29.2,13.6,34.0,76.6,10.8,9.8,7.4,71.4,85.0,12.7,64.9,7.3,12.5,65.7,20.9,11.7,29.9,,14.8,,17.6,9.0,36.5,,7.3,,,24.9,71.0,14.2,13.9,31.5,13.2,3.4,,29.8,3.7,10.6,4.3
56031,WY,Platte,12.1,31.7,13.4,38.7,77.4,11.2,10.2,9.0,72.0,84.6,14.1,59.4,9.1,15.0,60.5,19.8,13.5,34.5,,14.8,,21.4,10.4,37.8,,8.8,,,29.3,62.7,15.2,17.1,35.8,15.3,4.3,,32.3,4.4,12.1,5.4
56033,WY,Sheridan,9.7,27.3,15.1,34.0,75.6,10.1,10.0,7.0,72.0,84.7,12.9,65.8,7.1,12.9,65.7,23.1,10.9,30.0,,14.8,,17.1,8.3,33.0,,7.3,,,22.9,72.9,14.8,12.8,30.6,13.0,3.3,,29.3,3.5,9.7,4.2
56035,WY,Sublette,9.5,28.9,15.8,34.4,75.6,10.7,9.8,7.3,72.3,85.9,12.4,59.5,7.0,12.7,66.2,20.2,11.2,30.5,,14.8,,17.1,8.8,37.7,,7.1,,,24.3,67.1,14.1,13.5,33.3,13.2,3.3,,31.6,3.6,12.2,4.2
56037,WY,Sweetwater,14.1,23.8,16.6,31.1,70.3,8.0,10.3,6.2,69.0,80.4,15.4,55.9,7.0,16.1,60.9,23.6,11.1,31.1,,14.8,,20.0,7.6,32.9,,8.2,,,27.2,65.2,17.1,13.3,36.3,14.0,3.7,,38.6,3.2,11.8,4.9
56039,WY,Teton,9.2,22.1,17.1,27.0,71.2,8.8,9.0,5.0,69.0,85.3,10.3,61.2,4.5,9.2,70.3,18.0,8.4,21.6,,14.8,,12.3,6.2,30.4,,5.2,,,18.3,70.7,12.7,8.9,24.0,10.1,2.3,,27.1,2.4,5.1,3.1
56041,WY,Uinta,11.8,25.3,15.3,31.6,73.5,8.9,10.2,6.5,67.8,81.9,14.8,60.6,7.2,14.8,61.9,20.8,11.0,30.8,,14.8,,18.9,7.9,33.9,,7.9,,,25.9,69.2,16.2,13.1,34.4,13.5,3.5,,34.9,3.3,12.3,4.6
56043,WY,Washakie,13.6,30.4,13.6,36.1,76.6,10.3,10.1,8.5,70.0,83.3,15.0,58.7,8.9,15.4,58.8,20.3,13.7,34.7,,14.8,,21.8,10.0,36.4,,9.1,,,30.2,65.3,15.2,16.9,33.3,15.4,4.4,,31.4,4.3,11.8,5.8
56045,WY,Weston,12.0,28.9,15.0,34.6,74.9,9.7,9.9,7.9,69.2,82.8,14.3,57.2,8.2,15.7,60.2,19.5,12.6,33.6,,14.8,,20.1,9.2,37.0,,8.3,,,28.3,65.6,15.5,15.1,35.7,14.7,3.9,,30.5,3.9,15.4,5.0
